league,season,team,game,date,time,round,day,venue,result,GF,GA,opponent,Poss,Attendance,Captain,Formation,Opp Formation,Referee,match_report,Notes
ENG-Premier League,2324,,2023-08-11 Burnley-nan,2023-08-11,20:00:00,Matchweek 1,Fri,Away,W,3,0,Burnley,66,21572,Kevin De Bruyne,4-2-3-1,5-4-1,Craig Pawson,/en/matches/3a6836b4/Burnley-Manchester-City-August-11-2023-Premier-League,
ENG-Premier League,2324,,2023-08-11 nan-Manchester City,2023-08-11,20:00:00,Matchweek 1,Fri,Home,L,0,3,Manchester City,34,21572,Josh Cullen,5-4-1,4-2-3-1,Craig Pawson,/en/matches/3a6836b4/Burnley-Manchester-City-August-11-2023-Premier-League,
ENG-Premier League,2324,,2023-08-12 Arsenal-nan,2023-08-12,12:30:00,Matchweek 1,Sat,Away,L,1,2,Arsenal,21,59984,Joe Worrall,3-4-3,4-3-3,Michael Oliver,/en/matches/26a7f90c/Arsenal-Nottingham-Forest-August-12-2023-Premier-League,
ENG-Premier League,2324,,2023-08-12 Bournemouth-nan,2023-08-12,15:00:00,Matchweek 1,Sat,Away,D,1,1,Bournemouth,37,11245,Kurt Zouma,4-2-3-1,4-2-3-1,Peter Bankes,/en/matches/d6bbf293/Bournemouth-West-Ham-United-August-12-2023-Premier-League,
ENG-Premier League,2324,,2023-08-12 Brighton-nan,2023-08-12,15:00:00,Matchweek 1,Sat,Away,L,1,4,Brighton,29,31872,Tom Lockyer,3-5-2,4-2-3-1,David Coote,/en/matches/56a137f7/Brighton-and-Hove-Albion-Luton-Town-August-12-2023-Premier-League,
ENG-Premier League,2324,,2023-08-12 Everton-nan,2023-08-12,15:00:00,Matchweek 1,Sat,Away,W,1,0,Everton,60,39940,Tom Cairney,4-3-3,4-4-1-1,Stuart Attwell,/en/matches/15addfc7/Everton-Fulham-August-12-2023-Premier-League,
ENG-Premier League,2324,,2023-08-12 Newcastle-nan,2023-08-12,17:30:00,Matchweek 1,Sat,Away,L,1,5,Newcastle,47,52207,John McGinn,4-2-3-1,4-3-3,Andy Madley,/en/matches/8ff2f8fe/Newcastle-United-Aston-Villa-August-12-2023-Premier-League,
ENG-Premier League,2324,,2023-08-12 Sheffield United-nan,2023-08-12,15:00:00,Matchweek 1,Sat,Away,W,1,0,Sheffield United,67,31194,Joel Ward,4-2-3-1,3-5-2,John Brooks,/en/matches/55fd92c7/Sheffield-United-Crystal-Palace-August-12-2023-Premier-League,
ENG-Premier League,2324,,2023-08-12 nan-Aston Villa,2023-08-12,17:30:00,Matchweek 1,Sat,Home,W,5,1,Aston Villa,53,52207,Kieran Trippier,4-3-3,4-2-3-1,Andy Madley,/en/matches/8ff2f8fe/Newcastle-United-Aston-Villa-August-12-2023-Premier-League,
ENG-Premier League,2324,,2023-08-12 nan-Crystal Palace,2023-08-12,15:00:00,Matchweek 1,Sat,Home,L,0,1,Crystal Palace,33,31194,John Egan,3-5-2,4-2-3-1,John Brooks,/en/matches/55fd92c7/Sheffield-United-Crystal-Palace-August-12-2023-Premier-League,
ENG-Premier League,2324,,2023-08-12 nan-Fulham,2023-08-12,15:00:00,Matchweek 1,Sat,Home,L,0,1,Fulham,41,39940,James Tarkowski,4-4-1-1,4-3-3,Stuart Attwell,/en/matches/15addfc7/Everton-Fulham-August-12-2023-Premier-League,
ENG-Premier League,2324,,2023-08-12 nan-Luton Town,2023-08-12,15:00:00,Matchweek 1,Sat,Home,W,4,1,Luton Town,71,31872,Lewis Dunk,4-2-3-1,3-5-2,David Coote,/en/matches/56a137f7/Brighton-and-Hove-Albion-Luton-Town-August-12-2023-Premier-League,
ENG-Premier League,2324,,2023-08-12 nan-Nottingham,2023-08-12,12:30:00,Matchweek 1,Sat,Home,W,2,1,Nottingham,79,59984,Martin Ødegaard,4-3-3,3-4-3,Michael Oliver,/en/matches/26a7f90c/Arsenal-Nottingham-Forest-August-12-2023-Premier-League,
ENG-Premier League,2324,,2023-08-12 nan-West Ham,2023-08-12,15:00:00,Matchweek 1,Sat,Home,D,1,1,West Ham,63,11245,Neto,4-2-3-1,4-2-3-1,Peter Bankes,/en/matches/d6bbf293/Bournemouth-West-Ham-United-August-12-2023-Premier-League,
ENG-Premier League,2324,,2023-08-13 Brentford-nan,2023-08-13,14:00:00,Matchweek 1,Sun,Away,D,2,2,Brentford,69,17066,Son Heung-min,4-2-3-1,5-3-2,Robert Jones,/en/matches/67ed3ba2/Brentford-Tottenham-Hotspur-August-13-2023-Premier-League,
ENG-Premier League,2324,,2023-08-13 Chelsea-nan,2023-08-13,16:30:00,Matchweek 1,Sun,Away,D,1,1,Chelsea,35,40096,Virgil van Dijk,4-3-3,3-4-3,Anthony Taylor,/en/matches/c18d3207/Chelsea-Liverpool-August-13-2023-Premier-League,
ENG-Premier League,2324,,2023-08-13 nan-Liverpool,2023-08-13,16:30:00,Matchweek 1,Sun,Home,D,1,1,Liverpool,65,40096,Reece James,3-4-3,4-3-3,Anthony Taylor,/en/matches/c18d3207/Chelsea-Liverpool-August-13-2023-Premier-League,
ENG-Premier League,2324,,2023-08-13 nan-Tottenham,2023-08-13,14:00:00,Matchweek 1,Sun,Home,D,2,2,Tottenham,31,17066,Christian Nørgaard,5-3-2,4-2-3-1,Robert Jones,/en/matches/67ed3ba2/Brentford-Tottenham-Hotspur-August-13-2023-Premier-League,
ENG-Premier League,2324,,2023-08-14 Manchester Utd-nan,2023-08-14,20:00:00,Matchweek 1,Mon,Away,L,0,1,Manchester Utd,49,73358,Max Kilman,4-4-2,4-1-4-1,Simon Hooper,/en/matches/f1ecda2c/Manchester-United-Wolverhampton-Wanderers-August-14-2023-Premier-League,
ENG-Premier League,2324,,2023-08-14 nan-Wolves,2023-08-14,20:00:00,Matchweek 1,Mon,Home,W,1,0,Wolves,51,73358,Bruno Fernandes,4-1-4-1,4-4-2,Simon Hooper,/en/matches/f1ecda2c/Manchester-United-Wolverhampton-Wanderers-August-14-2023-Premier-League,
ENG-Premier League,2324,,2023-08-18 Nottingham-nan,2023-08-18,19:45:00,Matchweek 2,Fri,Away,L,1,2,Nottingham,50,29432,John Egan,3-4-3,3-4-3,Peter Bankes,/en/matches/a0a93f71/Nottingham-Forest-Sheffield-United-August-18-2023-Premier-League,
ENG-Premier League,2324,,2023-08-18 nan-Sheffield United,2023-08-18,19:45:00,Matchweek 2,Fri,Home,W,2,1,Sheffield United,50,29432,Joe Worrall,3-4-3,3-4-3,Peter Bankes,/en/matches/a0a93f71/Nottingham-Forest-Sheffield-United-August-18-2023-Premier-League,
ENG-Premier League,2324,,2023-08-19 Fulham-nan,2023-08-19,15:00:00,Matchweek 2,Sat,Away,W,3,0,Fulham,46,24236,Christian Nørgaard,4-3-3,4-3-3,Darren Bond,/en/matches/46be83af/Fulham-Brentford-August-19-2023-Premier-League,
ENG-Premier League,2324,,2023-08-19 Liverpool-nan,2023-08-19,15:00:00,Matchweek 2,Sat,Away,L,1,3,Liverpool,36,53145,Neto,4-2-3-1,4-3-3,Thomas Bramall,/en/matches/80bebdbb/Liverpool-Bournemouth-August-19-2023-Premier-League,
ENG-Premier League,2324,,2023-08-19 Manchester City-nan,2023-08-19,20:00:00,Matchweek 2,Sat,Away,L,0,1,Manchester City,40,53419,Kieran Trippier,4-3-3,4-2-3-1,Robert Jones,/en/matches/0b8f50a5/Manchester-City-Newcastle-United-August-19-2023-Premier-League,
ENG-Premier League,2324,,2023-08-19 Tottenham-nan,2023-08-19,17:30:00,Matchweek 2,Sat,Away,L,0,2,Tottenham,44,61910,Bruno Fernandes,4-2-3-1,4-2-3-1,Michael Oliver,/en/matches/4bb62251/Tottenham-Hotspur-Manchester-United-August-19-2023-Premier-League,
ENG-Premier League,2324,,2023-08-19 Wolves-nan,2023-08-19,15:00:00,Matchweek 2,Sat,Away,W,4,1,Wolves,55,31317,Lewis Dunk,4-2-3-1,4-4-1-1,Andy Madley,/en/matches/d7c606ec/Wolverhampton-Wanderers-Brighton-and-Hove-Albion-August-19-2023-Premier-League,
ENG-Premier League,2324,,2023-08-19 nan-Bournemouth,2023-08-19,15:00:00,Matchweek 2,Sat,Home,W,3,1,Bournemouth,64,53145,Virgil van Dijk,4-3-3,4-2-3-1,Thomas Bramall,/en/matches/80bebdbb/Liverpool-Bournemouth-August-19-2023-Premier-League,
ENG-Premier League,2324,,2023-08-19 nan-Brentford,2023-08-19,15:00:00,Matchweek 2,Sat,Home,L,0,3,Brentford,54,24236,Tim Ream,4-3-3,4-3-3,Darren Bond,/en/matches/46be83af/Fulham-Brentford-August-19-2023-Premier-League,
ENG-Premier League,2324,,2023-08-19 nan-Brighton,2023-08-19,15:00:00,Matchweek 2,Sat,Home,L,1,4,Brighton,45,31317,Max Kilman,4-4-1-1,4-2-3-1,Andy Madley,/en/matches/d7c606ec/Wolverhampton-Wanderers-Brighton-and-Hove-Albion-August-19-2023-Premier-League,
ENG-Premier League,2324,,2023-08-19 nan-Manchester Utd,2023-08-19,17:30:00,Matchweek 2,Sat,Home,W,2,0,Manchester Utd,56,61910,Son Heung-min,4-2-3-1,4-2-3-1,Michael Oliver,/en/matches/4bb62251/Tottenham-Hotspur-Manchester-United-August-19-2023-Premier-League,
ENG-Premier League,2324,,2023-08-19 nan-Newcastle,2023-08-19,20:00:00,Matchweek 2,Sat,Home,W,1,0,Newcastle,60,53419,Kyle Walker,4-2-3-1,4-3-3,Robert Jones,/en/matches/0b8f50a5/Manchester-City-Newcastle-United-August-19-2023-Premier-League,
ENG-Premier League,2324,,2023-08-20 Aston Villa-nan,2023-08-20,14:00:00,Matchweek 2,Sun,Away,L,0,4,Aston Villa,40,41694,James Tarkowski,4-1-4-1,4-2-3-1,Anthony Taylor,/en/matches/959b558d/Aston-Villa-Everton-August-20-2023-Premier-League,
ENG-Premier League,2324,,2023-08-20 West Ham-nan,2023-08-20,16:30:00,Matchweek 2,Sun,Away,L,1,3,West Ham,76,62451,Ben Chilwell,3-4-3,4-2-3-1,John Brooks,/en/matches/44b9a07c/West-Ham-United-Chelsea-August-20-2023-Premier-League,
ENG-Premier League,2324,,2023-08-20 nan-Chelsea,2023-08-20,16:30:00,Matchweek 2,Sun,Home,W,3,1,Chelsea,24,62451,Kurt Zouma,4-2-3-1,3-4-3,John Brooks,/en/matches/44b9a07c/West-Ham-United-Chelsea-August-20-2023-Premier-League,
ENG-Premier League,2324,,2023-08-20 nan-Everton,2023-08-20,14:00:00,Matchweek 2,Sun,Home,W,4,0,Everton,60,41694,John McGinn,4-2-3-1,4-1-4-1,Anthony Taylor,/en/matches/959b558d/Aston-Villa-Everton-August-20-2023-Premier-League,
ENG-Premier League,2324,,2023-08-21 Crystal Palace-nan,2023-08-21,20:00:00,Matchweek 2,Mon,Away,W,1,0,Crystal Palace,54,24189,Martin Ødegaard,4-3-3,4-2-3-1,David Coote,/en/matches/3b5ecd36/Crystal-Palace-Arsenal-August-21-2023-Premier-League,
ENG-Premier League,2324,,2023-08-21 nan-Arsenal,2023-08-21,20:00:00,Matchweek 2,Mon,Home,L,0,1,Arsenal,47,24189,Joel Ward,4-2-3-1,4-3-3,David Coote,/en/matches/3b5ecd36/Crystal-Palace-Arsenal-August-21-2023-Premier-League,
ENG-Premier League,2324,,2023-08-25 Chelsea-nan,2023-08-25,20:00:00,Matchweek 3,Fri,Away,L,0,3,Chelsea,33,39893,Tom Lockyer,5-3-2,3-4-3,Robert Jones,/en/matches/6bfb9dc0/Chelsea-Luton-Town-August-25-2023-Premier-League,
ENG-Premier League,2324,,2023-08-25 nan-Luton Town,2023-08-25,20:00:00,Matchweek 3,Fri,Home,W,3,0,Luton Town,67,39893,Ben Chilwell,3-4-3,5-3-2,Robert Jones,/en/matches/6bfb9dc0/Chelsea-Luton-Town-August-25-2023-Premier-League,
ENG-Premier League,2324,,2023-08-26 Arsenal-nan,2023-08-26,15:00:00,Matchweek 3,Sat,Away,D,2,2,Arsenal,29,59961,Bobby De Cordova-Reid,4-3-3,4-3-3,Paul Tierney,/en/matches/d8f8f8ad/Arsenal-Fulham-August-26-2023-Premier-League,
ENG-Premier League,2324,,2023-08-26 Bournemouth-nan,2023-08-26,12:30:00,Matchweek 3,Sat,Away,W,2,0,Bournemouth,57,10567,Son Heung-min,4-2-3-1,4-2-3-1,Tim Robinson,/en/matches/f49c4ad2/Bournemouth-Tottenham-Hotspur-August-26-2023-Premier-League,
ENG-Premier League,2324,,2023-08-26 Brentford-nan,2023-08-26,15:00:00,Matchweek 3,Sat,Away,D,1,1,Brentford,40,16997,Joel Ward,4-2-3-1,4-3-3,Peter Bankes,/en/matches/537b2b0b/Brentford-Crystal-Palace-August-26-2023-Premier-League,
ENG-Premier League,2324,,2023-08-26 Brighton-nan,2023-08-26,17:30:00,Matchweek 3,Sat,Away,W,3,1,Brighton,22,31508,Kurt Zouma,4-1-4-1,4-2-3-1,Anthony Taylor,/en/matches/ba68d60c/Brighton-and-Hove-Albion-West-Ham-United-August-26-2023-Premier-League,
ENG-Premier League,2324,,2023-08-26 Everton-nan,2023-08-26,15:00:00,Matchweek 3,Sat,Away,W,1,0,Everton,53,38851,Max Kilman,4-4-1-1,4-1-4-1,Craig Pawson,/en/matches/18dfee28/Everton-Wolverhampton-Wanderers-August-26-2023-Premier-League,
ENG-Premier League,2324,,2023-08-26 Manchester Utd-nan,2023-08-26,15:00:00,Matchweek 3,Sat,Away,L,2,3,Manchester Utd,33,73595,Joe Worrall,3-4-3,4-2-3-1,Stuart Attwell,/en/matches/70d9b1ab/Manchester-United-Nottingham-Forest-August-26-2023-Premier-League,
ENG-Premier League,2324,,2023-08-26 nan-Crystal Palace,2023-08-26,15:00:00,Matchweek 3,Sat,Home,D,1,1,Crystal Palace,60,16997,Christian Nørgaard,4-3-3,4-2-3-1,Peter Bankes,/en/matches/537b2b0b/Brentford-Crystal-Palace-August-26-2023-Premier-League,
ENG-Premier League,2324,,2023-08-26 nan-Fulham,2023-08-26,15:00:00,Matchweek 3,Sat,Home,D,2,2,Fulham,71,59961,Martin Ødegaard,4-3-3,4-3-3,Paul Tierney,/en/matches/d8f8f8ad/Arsenal-Fulham-August-26-2023-Premier-League,
ENG-Premier League,2324,,2023-08-26 nan-Nottingham,2023-08-26,15:00:00,Matchweek 3,Sat,Home,W,3,2,Nottingham,67,73595,Bruno Fernandes,4-2-3-1,3-4-3,Stuart Attwell,/en/matches/70d9b1ab/Manchester-United-Nottingham-Forest-August-26-2023-Premier-League,
ENG-Premier League,2324,,2023-08-26 nan-Tottenham,2023-08-26,12:30:00,Matchweek 3,Sat,Home,L,0,2,Tottenham,43,10567,Neto,4-2-3-1,4-2-3-1,Tim Robinson,/en/matches/f49c4ad2/Bournemouth-Tottenham-Hotspur-August-26-2023-Premier-League,
ENG-Premier League,2324,,2023-08-26 nan-West Ham,2023-08-26,17:30:00,Matchweek 3,Sat,Home,L,1,3,West Ham,78,31508,Lewis Dunk,4-2-3-1,4-1-4-1,Anthony Taylor,/en/matches/ba68d60c/Brighton-and-Hove-Albion-West-Ham-United-August-26-2023-Premier-League,
ENG-Premier League,2324,,2023-08-26 nan-Wolves,2023-08-26,15:00:00,Matchweek 3,Sat,Home,L,0,1,Wolves,47,38851,James Tarkowski,4-1-4-1,4-4-1-1,Craig Pawson,/en/matches/18dfee28/Everton-Wolverhampton-Wanderers-August-26-2023-Premier-League,
ENG-Premier League,2324,,2023-08-27 Burnley-nan,2023-08-27,14:00:00,Matchweek 3,Sun,Away,W,3,1,Burnley,43,21591,John McGinn,3-4-3,4-4-2,Michael Salisbury,/en/matches/b66a7def/Burnley-Aston-Villa-August-27-2023-Premier-League,
ENG-Premier League,2324,,2023-08-27 Newcastle-nan,2023-08-27,16:30:00,Matchweek 3,Sun,Away,W,2,1,Newcastle,40,52214,Virgil van Dijk,4-3-3,4-3-3,John Brooks,/en/matches/b31156ab/Newcastle-United-Liverpool-August-27-2023-Premier-League,
ENG-Premier League,2324,,2023-08-27 Sheffield United-nan,2023-08-27,14:00:00,Matchweek 3,Sun,Away,W,2,1,Sheffield United,80,31336,Kyle Walker,4-2-3-1,3-5-2,Jarred Gillett,/en/matches/0844ff10/Sheffield-United-Manchester-City-August-27-2023-Premier-League,
ENG-Premier League,2324,,2023-08-27 nan-Aston Villa,2023-08-27,14:00:00,Matchweek 3,Sun,Home,L,1,3,Aston Villa,57,21591,Josh Cullen,4-4-2,3-4-3,Michael Salisbury,/en/matches/b66a7def/Burnley-Aston-Villa-August-27-2023-Premier-League,
ENG-Premier League,2324,,2023-08-27 nan-Liverpool,2023-08-27,16:30:00,Matchweek 3,Sun,Home,L,1,2,Liverpool,60,52214,Kieran Trippier,4-3-3,4-3-3,John Brooks,/en/matches/b31156ab/Newcastle-United-Liverpool-August-27-2023-Premier-League,
ENG-Premier League,2324,,2023-08-27 nan-Manchester City,2023-08-27,14:00:00,Matchweek 3,Sun,Home,L,1,2,Manchester City,20,31336,John Egan,3-5-2,4-2-3-1,Jarred Gillett,/en/matches/0844ff10/Sheffield-United-Manchester-City-August-27-2023-Premier-League,
ENG-Premier League,2324,,2023-09-01 Luton Town-nan,2023-09-01,20:00:00,Matchweek 4,Fri,Away,W,2,1,Luton Town,61,10802,Kurt Zouma,4-2-3-1,5-3-2,Paul Tierney,/en/matches/e929e225/Luton-Town-West-Ham-United-September-1-2023-Premier-League,
ENG-Premier League,2324,,2023-09-01 nan-West Ham,2023-09-01,20:00:00,Matchweek 4,Fri,Home,L,1,2,West Ham,39,10802,Carlton Morris,5-3-2,4-2-3-1,Paul Tierney,/en/matches/e929e225/Luton-Town-West-Ham-United-September-1-2023-Premier-League,
ENG-Premier League,2324,,2023-09-02 Brentford-nan,2023-09-02,15:00:00,Matchweek 4,Sat,Away,D,2,2,Brentford,39,16973,Neto,4-2-3-1,4-3-3,Robert Madley,/en/matches/e2946b10/Brentford-Bournemouth-September-2-2023-Premier-League,
ENG-Premier League,2324,,2023-09-02 Brighton-nan,2023-09-02,17:30:00,Matchweek 4,Sat,Away,L,1,3,Brighton,44,31620,Kieran Trippier,4-3-3,4-2-3-1,Stuart Attwell,/en/matches/4f754e0a/Brighton-and-Hove-Albion-Newcastle-United-September-2-2023-Premier-League,
ENG-Premier League,2324,,2023-09-02 Burnley-nan,2023-09-02,15:00:00,Matchweek 4,Sat,Away,W,5,2,Burnley,54,21750,Son Heung-min,4-2-3-1,4-4-2,Darren England,/en/matches/f1786fb8/Burnley-Tottenham-Hotspur-September-2-2023-Premier-League,
ENG-Premier League,2324,,2023-09-02 Chelsea-nan,2023-09-02,15:00:00,Matchweek 4,Sat,Away,W,1,0,Chelsea,24,39820,Joe Worrall,3-4-3,3-4-3,Tim Robinson,/en/matches/44e89d37/Chelsea-Nottingham-Forest-September-2-2023-Premier-League,
ENG-Premier League,2324,,2023-09-02 Manchester City-nan,2023-09-02,15:00:00,Matchweek 4,Sat,Away,L,1,5,Manchester City,32,52899,Tom Cairney,4-3-3,4-2-3-1,Michael Oliver,/en/matches/88066bdf/Manchester-City-Fulham-September-2-2023-Premier-League,
ENG-Premier League,2324,,2023-09-02 Sheffield United-nan,2023-09-02,12:30:00,Matchweek 4,Sat,Away,D,2,2,Sheffield United,55,31124,James Tarkowski,4-4-1-1,3-5-2,Andy Madley,/en/matches/87b46bb9/Sheffield-United-Everton-September-2-2023-Premier-League,
ENG-Premier League,2324,,2023-09-02 nan-Bournemouth,2023-09-02,15:00:00,Matchweek 4,Sat,Home,D,2,2,Bournemouth,61,16973,Christian Nørgaard,4-3-3,4-2-3-1,Robert Madley,/en/matches/e2946b10/Brentford-Bournemouth-September-2-2023-Premier-League,
ENG-Premier League,2324,,2023-09-02 nan-Everton,2023-09-02,12:30:00,Matchweek 4,Sat,Home,D,2,2,Everton,45,31124,John Egan,3-5-2,4-4-1-1,Andy Madley,/en/matches/87b46bb9/Sheffield-United-Everton-September-2-2023-Premier-League,
ENG-Premier League,2324,,2023-09-02 nan-Fulham,2023-09-02,15:00:00,Matchweek 4,Sat,Home,W,5,1,Fulham,68,52899,Kyle Walker,4-2-3-1,4-3-3,Michael Oliver,/en/matches/88066bdf/Manchester-City-Fulham-September-2-2023-Premier-League,
ENG-Premier League,2324,,2023-09-02 nan-Newcastle,2023-09-02,17:30:00,Matchweek 4,Sat,Home,W,3,1,Newcastle,56,31620,Lewis Dunk,4-2-3-1,4-3-3,Stuart Attwell,/en/matches/4f754e0a/Brighton-and-Hove-Albion-Newcastle-United-September-2-2023-Premier-League,
ENG-Premier League,2324,,2023-09-02 nan-Nottingham,2023-09-02,15:00:00,Matchweek 4,Sat,Home,L,0,1,Nottingham,76,39820,Ben Chilwell,3-4-3,3-4-3,Tim Robinson,/en/matches/44e89d37/Chelsea-Nottingham-Forest-September-2-2023-Premier-League,
ENG-Premier League,2324,,2023-09-02 nan-Tottenham,2023-09-02,15:00:00,Matchweek 4,Sat,Home,L,2,5,Tottenham,46,21750,Josh Cullen,4-4-2,4-2-3-1,Darren England,/en/matches/f1786fb8/Burnley-Tottenham-Hotspur-September-2-2023-Premier-League,
ENG-Premier League,2324,,2023-09-03 Arsenal-nan,2023-09-03,16:30:00,Matchweek 4,Sun,Away,L,1,3,Arsenal,45,60192,Bruno Fernandes,4-2-3-1,4-1-4-1,Anthony Taylor,/en/matches/74125d47/Arsenal-Manchester-United-September-3-2023-Premier-League,
ENG-Premier League,2324,,2023-09-03 Crystal Palace-nan,2023-09-03,14:00:00,Matchweek 4,Sun,Away,L,2,3,Crystal Palace,57,24741,Max Kilman,4-4-1-1,4-2-3-1,Robert Jones,/en/matches/f9436d32/Crystal-Palace-Wolverhampton-Wanderers-September-3-2023-Premier-League,
ENG-Premier League,2324,,2023-09-03 Liverpool-nan,2023-09-03,14:00:00,Matchweek 4,Sun,Away,L,0,3,Liverpool,36,50109,John McGinn,4-4-2,4-3-3,Simon Hooper,/en/matches/bdbc722e/Liverpool-Aston-Villa-September-3-2023-Premier-League,
ENG-Premier League,2324,,2023-09-03 nan-Aston Villa,2023-09-03,14:00:00,Matchweek 4,Sun,Home,W,3,0,Aston Villa,64,50109,Trent Alexander-Arnold,4-3-3,4-4-2,Simon Hooper,/en/matches/bdbc722e/Liverpool-Aston-Villa-September-3-2023-Premier-League,
ENG-Premier League,2324,,2023-09-03 nan-Manchester Utd,2023-09-03,16:30:00,Matchweek 4,Sun,Home,W,3,1,Manchester Utd,55,60192,Martin Ødegaard,4-1-4-1,4-2-3-1,Anthony Taylor,/en/matches/74125d47/Arsenal-Manchester-United-September-3-2023-Premier-League,
ENG-Premier League,2324,,2023-09-03 nan-Wolves,2023-09-03,14:00:00,Matchweek 4,Sun,Home,W,3,2,Wolves,43,24741,Joel Ward,4-2-3-1,4-4-1-1,Robert Jones,/en/matches/f9436d32/Crystal-Palace-Wolverhampton-Wanderers-September-3-2023-Premier-League,
ENG-Premier League,2324,,2023-09-16 Aston Villa-nan,2023-09-16,15:00:00,Matchweek 5,Sat,Away,L,1,3,Aston Villa,33,40809,Joel Ward,4-2-3-1,4-2-3-1,Darren England,/en/matches/bc77340e/Aston-Villa-Crystal-Palace-September-16-2023-Premier-League,
ENG-Premier League,2324,,2023-09-16 Fulham-nan,2023-09-16,15:00:00,Matchweek 5,Sat,Away,L,0,1,Fulham,22,24467,Tom Lockyer,5-3-2,4-3-3,Michael Salisbury,/en/matches/48b1bdc7/Fulham-Luton-Town-September-16-2023-Premier-League,
ENG-Premier League,2324,,2023-09-16 Manchester Utd-nan,2023-09-16,15:00:00,Matchweek 5,Sat,Away,W,3,1,Manchester Utd,57,73592,Lewis Dunk,4-2-3-1,4-4-2,Jarred Gillett,/en/matches/ddcf2857/Manchester-United-Brighton-and-Hove-Albion-September-16-2023-Premier-League,
ENG-Premier League,2324,,2023-09-16 Newcastle-nan,2023-09-16,17:30:00,Matchweek 5,Sat,Away,L,0,1,Newcastle,44,51670,Christian Nørgaard,5-3-2,4-3-3,Craig Pawson,/en/matches/71b7e5e2/Newcastle-United-Brentford-September-16-2023-Premier-League,
ENG-Premier League,2324,,2023-09-16 Tottenham-nan,2023-09-16,15:00:00,Matchweek 5,Sat,Away,L,1,2,Tottenham,30,61706,Chris Basham,3-5-2,4-2-3-1,Peter Bankes,/en/matches/e56e96e1/Tottenham-Hotspur-Sheffield-United-September-16-2023-Premier-League,
ENG-Premier League,2324,,2023-09-16 West Ham-nan,2023-09-16,15:00:00,Matchweek 5,Sat,Away,W,3,1,West Ham,69,62475,Kyle Walker,4-2-3-1,4-2-3-1,Andy Madley,/en/matches/64c0a6e2/West-Ham-United-Manchester-City-September-16-2023-Premier-League,
ENG-Premier League,2324,,2023-09-16 Wolves-nan,2023-09-16,12:30:00,Matchweek 5,Sat,Away,W,3,1,Wolves,66,31257,Andy Robertson,4-3-3,4-2-3-1,Michael Oliver,/en/matches/38daebd2/Wolverhampton-Wanderers-Liverpool-September-16-2023-Premier-League,
ENG-Premier League,2324,,2023-09-16 nan-Brentford,2023-09-16,17:30:00,Matchweek 5,Sat,Home,W,1,0,Brentford,57,51670,Kieran Trippier,4-3-3,5-3-2,Craig Pawson,/en/matches/71b7e5e2/Newcastle-United-Brentford-September-16-2023-Premier-League,
ENG-Premier League,2324,,2023-09-16 nan-Brighton,2023-09-16,15:00:00,Matchweek 5,Sat,Home,L,1,3,Brighton,44,73592,Bruno Fernandes,4-4-2◆,4-2-3-1,Jarred Gillett,/en/matches/ddcf2857/Manchester-United-Brighton-and-Hove-Albion-September-16-2023-Premier-League,
ENG-Premier League,2324,,2023-09-16 nan-Crystal Palace,2023-09-16,15:00:00,Matchweek 5,Sat,Home,W,3,1,Crystal Palace,67,40809,John McGinn,4-2-3-1,4-2-3-1,Darren England,/en/matches/bc77340e/Aston-Villa-Crystal-Palace-September-16-2023-Premier-League,
ENG-Premier League,2324,,2023-09-16 nan-Liverpool,2023-09-16,12:30:00,Matchweek 5,Sat,Home,L,1,3,Liverpool,34,31257,Max Kilman,4-2-3-1,4-3-3,Michael Oliver,/en/matches/38daebd2/Wolverhampton-Wanderers-Liverpool-September-16-2023-Premier-League,
ENG-Premier League,2324,,2023-09-16 nan-Luton Town,2023-09-16,15:00:00,Matchweek 5,Sat,Home,W,1,0,Luton Town,78,24467,Tim Ream,4-3-3,5-3-2,Michael Salisbury,/en/matches/48b1bdc7/Fulham-Luton-Town-September-16-2023-Premier-League,
ENG-Premier League,2324,,2023-09-16 nan-Manchester City,2023-09-16,15:00:00,Matchweek 5,Sat,Home,L,1,3,Manchester City,31,62475,Kurt Zouma,4-2-3-1,4-2-3-1,Andy Madley,/en/matches/64c0a6e2/West-Ham-United-Manchester-City-September-16-2023-Premier-League,
ENG-Premier League,2324,,2023-09-16 nan-Sheffield United,2023-09-16,15:00:00,Matchweek 5,Sat,Home,W,2,1,Sheffield United,70,61706,Son Heung-min,4-2-3-1,3-5-2,Peter Bankes,/en/matches/e56e96e1/Tottenham-Hotspur-Sheffield-United-September-16-2023-Premier-League,
ENG-Premier League,2324,,2023-09-17 Bournemouth-nan,2023-09-17,14:00:00,Matchweek 5,Sun,Away,D,0,0,Bournemouth,64,10421,Conor Gallagher,4-2-3-1,4-2-3-1,David Coote,/en/matches/be0cbf88/Bournemouth-Chelsea-September-17-2023-Premier-League,
ENG-Premier League,2324,,2023-09-17 Everton-nan,2023-09-17,16:30:00,Matchweek 5,Sun,Away,W,1,0,Everton,74,39217,Martin Ødegaard,4-3-3,4-5-1,Simon Hooper,/en/matches/b1278924/Everton-Arsenal-September-17-2023-Premier-League,
ENG-Premier League,2324,,2023-09-17 nan-Arsenal,2023-09-17,16:30:00,Matchweek 5,Sun,Home,L,0,1,Arsenal,26,39217,James Tarkowski,4-5-1,4-3-3,Simon Hooper,/en/matches/b1278924/Everton-Arsenal-September-17-2023-Premier-League,
ENG-Premier League,2324,,2023-09-17 nan-Chelsea,2023-09-17,14:00:00,Matchweek 5,Sun,Home,D,0,0,Chelsea,36,10421,Neto,4-2-3-1,4-2-3-1,David Coote,/en/matches/be0cbf88/Bournemouth-Chelsea-September-17-2023-Premier-League,
ENG-Premier League,2324,,2023-09-18 Nottingham-nan,2023-09-18,19:45:00,Matchweek 5,Mon,Away,D,1,1,Nottingham,54,28958,Josh Brownhill,4-2-3-1,4-2-3-1,Robert Jones,/en/matches/ad7ecfad/Nottingham-Forest-Burnley-September-18-2023-Premier-League,
ENG-Premier League,2324,,2023-09-18 nan-Burnley,2023-09-18,19:45:00,Matchweek 5,Mon,Home,D,1,1,Burnley,46,28958,Joe Worrall,4-2-3-1,4-2-3-1,Robert Jones,/en/matches/ad7ecfad/Nottingham-Forest-Burnley-September-18-2023-Premier-League,
ENG-Premier League,2324,,2023-09-23 Brentford-nan,2023-09-23,17:30:00,Matchweek 6,Sat,Away,W,3,1,Brentford,44,16981,James Tarkowski,4-4-1-1,4-3-3,Michael Oliver,/en/matches/96681b93/Brentford-Everton-September-23-2023-Premier-League,
ENG-Premier League,2324,,2023-09-23 Burnley-nan,2023-09-23,20:00:00,Matchweek 6,Sat,Away,W,1,0,Burnley,39,21593,Bruno Fernandes,4-2-3-1,4-3-3,Tony Harrington,/en/matches/8e26793d/Burnley-Manchester-United-September-23-2023-Premier-League,
ENG-Premier League,2324,,2023-09-23 Crystal Palace-nan,2023-09-23,15:00:00,Matchweek 6,Sat,Away,D,0,0,Crystal Palace,49,25072,Tim Ream,4-3-3,4-2-3-1,Paul Tierney,/en/matches/cf0b2b19/Crystal-Palace-Fulham-September-23-2023-Premier-League,
ENG-Premier League,2324,,2023-09-23 Luton Town-nan,2023-09-23,15:00:00,Matchweek 6,Sat,Away,D,1,1,Luton Town,43,10893,Max Kilman,4-2-3-1,3-4-3,Joshua Smith,/en/matches/76a1421e/Luton-Town-Wolverhampton-Wanderers-September-23-2023-Premier-League,
ENG-Premier League,2324,,2023-09-23 Manchester City-nan,2023-09-23,15:00:00,Matchweek 6,Sat,Away,L,0,2,Manchester City,43,53413,Serge Aurier,5-4-1,4-2-3-1,Anthony Taylor,/en/matches/5dc7e234/Manchester-City-Nottingham-Forest-September-23-2023-Premier-League,
ENG-Premier League,2324,,2023-09-23 nan-Everton,2023-09-23,17:30:00,Matchweek 6,Sat,Home,L,1,3,Everton,56,16981,Christian Nørgaard,4-3-3,4-4-1-1,Michael Oliver,/en/matches/96681b93/Brentford-Everton-September-23-2023-Premier-League,
ENG-Premier League,2324,,2023-09-23 nan-Fulham,2023-09-23,15:00:00,Matchweek 6,Sat,Home,D,0,0,Fulham,51,25072,Joel Ward,4-2-3-1,4-3-3,Paul Tierney,/en/matches/cf0b2b19/Crystal-Palace-Fulham-September-23-2023-Premier-League,
ENG-Premier League,2324,,2023-09-23 nan-Manchester Utd,2023-09-23,20:00:00,Matchweek 6,Sat,Home,L,0,1,Manchester Utd,62,21593,Josh Brownhill,4-3-3,4-2-3-1,Tony Harrington,/en/matches/8e26793d/Burnley-Manchester-United-September-23-2023-Premier-League,
ENG-Premier League,2324,,2023-09-23 nan-Nottingham,2023-09-23,15:00:00,Matchweek 6,Sat,Home,W,2,0,Nottingham,57,53413,Kyle Walker,4-2-3-1,5-4-1,Anthony Taylor,/en/matches/5dc7e234/Manchester-City-Nottingham-Forest-September-23-2023-Premier-League,
ENG-Premier League,2324,,2023-09-23 nan-Wolves,2023-09-23,15:00:00,Matchweek 6,Sat,Home,D,1,1,Wolves,57,10893,Tom Lockyer,3-4-3,4-2-3-1,Joshua Smith,/en/matches/76a1421e/Luton-Town-Wolverhampton-Wanderers-September-23-2023-Premier-League,
ENG-Premier League,2324,,2023-09-24 Arsenal-nan,2023-09-24,14:00:00,Matchweek 6,Sun,Away,D,2,2,Arsenal,53,60156,Son Heung-min,4-2-3-1,4-3-3,Robert Jones,/en/matches/08947a10/North-London-Derby-Arsenal-Tottenham-Hotspur-September-24-2023-Premier-League,
ENG-Premier League,2324,,2023-09-24 Brighton-nan,2023-09-24,14:00:00,Matchweek 6,Sun,Away,L,1,3,Brighton,38,31617,Neto,4-2-3-1,4-2-3-1,John Brooks,/en/matches/5593f16c/Brighton-and-Hove-Albion-Bournemouth-September-24-2023-Premier-League,
ENG-Premier League,2324,,2023-09-24 Chelsea-nan,2023-09-24,14:00:00,Matchweek 6,Sun,Away,W,1,0,Chelsea,47,39700,John McGinn,4-2-3-1,4-2-3-1,Jarred Gillett,/en/matches/7d2c5e05/Chelsea-Aston-Villa-September-24-2023-Premier-League,
ENG-Premier League,2324,,2023-09-24 Liverpool-nan,2023-09-24,14:00:00,Matchweek 6,Sun,Away,L,1,3,Liverpool,36,50136,Kurt Zouma,4-2-3-1,4-3-3,Chris Kavanagh,/en/matches/90adf8b3/Liverpool-West-Ham-United-September-24-2023-Premier-League,
ENG-Premier League,2324,,2023-09-24 Sheffield United-nan,2023-09-24,16:30:00,Matchweek 6,Sun,Away,W,8,0,Sheffield United,58,31127,Kieran Trippier,4-3-3,3-4-3,Stuart Attwell,/en/matches/cf4fef85/Sheffield-United-Newcastle-United-September-24-2023-Premier-League,
ENG-Premier League,2324,,2023-09-24 nan-Aston Villa,2023-09-24,14:00:00,Matchweek 6,Sun,Home,L,0,1,Aston Villa,53,39700,Conor Gallagher,4-2-3-1,4-2-3-1,Jarred Gillett,/en/matches/7d2c5e05/Chelsea-Aston-Villa-September-24-2023-Premier-League,
ENG-Premier League,2324,,2023-09-24 nan-Bournemouth,2023-09-24,14:00:00,Matchweek 6,Sun,Home,W,3,1,Bournemouth,62,31617,Lewis Dunk,4-2-3-1,4-2-3-1,John Brooks,/en/matches/5593f16c/Brighton-and-Hove-Albion-Bournemouth-September-24-2023-Premier-League,
ENG-Premier League,2324,,2023-09-24 nan-Newcastle,2023-09-24,16:30:00,Matchweek 6,Sun,Home,L,0,8,Newcastle,42,31127,John Egan,3-4-3,4-3-3,Stuart Attwell,/en/matches/cf4fef85/Sheffield-United-Newcastle-United-September-24-2023-Premier-League,
ENG-Premier League,2324,,2023-09-24 nan-Tottenham,2023-09-24,14:00:00,Matchweek 6,Sun,Home,D,2,2,Tottenham,47,60156,Martin Ødegaard,4-3-3,4-2-3-1,Robert Jones,/en/matches/08947a10/North-London-Derby-Arsenal-Tottenham-Hotspur-September-24-2023-Premier-League,
ENG-Premier League,2324,,2023-09-24 nan-West Ham,2023-09-24,14:00:00,Matchweek 6,Sun,Home,W,3,1,West Ham,64,50136,Virgil van Dijk,4-3-3,4-2-3-1,Chris Kavanagh,/en/matches/90adf8b3/Liverpool-West-Ham-United-September-24-2023-Premier-League,
ENG-Premier League,2324,,2023-09-30 Aston Villa-nan,2023-09-30,12:30:00,Matchweek 7,Sat,Away,L,1,6,Aston Villa,61,40636,Lewis Dunk,4-2-3-1,4-2-3-1,Andy Madley,/en/matches/2df9a3a1/Aston-Villa-Brighton-and-Hove-Albion-September-30-2023-Premier-League,
ENG-Premier League,2324,,2023-09-30 Bournemouth-nan,2023-09-30,15:00:00,Matchweek 7,Sat,Away,W,4,0,Bournemouth,58,11193,Martin Ødegaard,4-3-3,4-2-3-1,Michael Salisbury,/en/matches/8de4aca0/Bournemouth-Arsenal-September-30-2023-Premier-League,
ENG-Premier League,2324,,2023-09-30 Everton-nan,2023-09-30,15:00:00,Matchweek 7,Sat,Away,W,2,1,Everton,32,39289,Tom Lockyer,3-4-3,4-4-1-1,Anthony Taylor,/en/matches/921d5f17/Everton-Luton-Town-September-30-2023-Premier-League,
ENG-Premier League,2324,,2023-09-30 Manchester Utd-nan,2023-09-30,15:00:00,Matchweek 7,Sat,Away,W,1,0,Manchester Utd,23,73428,Joel Ward,4-2-3-1,4-2-3-1,Chris Kavanagh,/en/matches/ef2b7ab9/Manchester-United-Crystal-Palace-September-30-2023-Premier-League,
ENG-Premier League,2324,,2023-09-30 Newcastle-nan,2023-09-30,15:00:00,Matchweek 7,Sat,Away,L,0,2,Newcastle,47,51687,Josh Brownhill,4-2-3-1,4-3-3,Thomas Bramall,/en/matches/a79ff136/Newcastle-United-Burnley-September-30-2023-Premier-League,
ENG-Premier League,2324,,2023-09-30 Tottenham-nan,2023-09-30,17:30:00,Matchweek 7,Sat,Away,L,1,2,Tottenham,35,62001,Virgil van Dijk,4-3-3,4-2-3-1,Simon Hooper,/en/matches/ec4145b4/Tottenham-Hotspur-Liverpool-September-30-2023-Premier-League,
ENG-Premier League,2324,,2023-09-30 West Ham-nan,2023-09-30,15:00:00,Matchweek 7,Sat,Away,L,0,2,West Ham,47,62459,John Egan,3-5-2,4-2-3-1,Graham Scott,/en/matches/b82be6d7/West-Ham-United-Sheffield-United-September-30-2023-Premier-League,
ENG-Premier League,2324,,2023-09-30 Wolves-nan,2023-09-30,15:00:00,Matchweek 7,Sat,Away,L,1,2,Wolves,68,31415,Kyle Walker,4-2-3-1,3-4-3,Craig Pawson,/en/matches/60ce29cd/Wolverhampton-Wanderers-Manchester-City-September-30-2023-Premier-League,
ENG-Premier League,2324,,2023-09-30 nan-Arsenal,2023-09-30,15:00:00,Matchweek 7,Sat,Home,L,0,4,Arsenal,42,11193,Neto,4-2-3-1,4-3-3,Michael Salisbury,/en/matches/8de4aca0/Bournemouth-Arsenal-September-30-2023-Premier-League,
ENG-Premier League,2324,,2023-09-30 nan-Brighton,2023-09-30,12:30:00,Matchweek 7,Sat,Home,W,6,1,Brighton,39,40636,John McGinn,4-2-3-1,4-2-3-1,Andy Madley,/en/matches/2df9a3a1/Aston-Villa-Brighton-and-Hove-Albion-September-30-2023-Premier-League,
ENG-Premier League,2324,,2023-09-30 nan-Burnley,2023-09-30,15:00:00,Matchweek 7,Sat,Home,W,2,0,Burnley,53,51687,Jamaal Lascelles,4-3-3,4-2-3-1,Thomas Bramall,/en/matches/a79ff136/Newcastle-United-Burnley-September-30-2023-Premier-League,
ENG-Premier League,2324,,2023-09-30 nan-Crystal Palace,2023-09-30,15:00:00,Matchweek 7,Sat,Home,L,0,1,Crystal Palace,77,73428,Bruno Fernandes,4-2-3-1,4-2-3-1,Chris Kavanagh,/en/matches/ef2b7ab9/Manchester-United-Crystal-Palace-September-30-2023-Premier-League,
ENG-Premier League,2324,,2023-09-30 nan-Liverpool,2023-09-30,17:30:00,Matchweek 7,Sat,Home,W,2,1,Liverpool,65,62001,Son Heung-min,4-2-3-1,4-3-3,Simon Hooper,/en/matches/ec4145b4/Tottenham-Hotspur-Liverpool-September-30-2023-Premier-League,
ENG-Premier League,2324,,2023-09-30 nan-Luton Town,2023-09-30,15:00:00,Matchweek 7,Sat,Home,L,1,2,Luton Town,68,39289,James Tarkowski,4-4-1-1,3-4-3,Anthony Taylor,/en/matches/921d5f17/Everton-Luton-Town-September-30-2023-Premier-League,
ENG-Premier League,2324,,2023-09-30 nan-Manchester City,2023-09-30,15:00:00,Matchweek 7,Sat,Home,W,2,1,Manchester City,32,31415,Max Kilman,3-4-3,4-2-3-1,Craig Pawson,/en/matches/60ce29cd/Wolverhampton-Wanderers-Manchester-City-September-30-2023-Premier-League,
ENG-Premier League,2324,,2023-09-30 nan-Sheffield United,2023-09-30,15:00:00,Matchweek 7,Sat,Home,W,2,0,Sheffield United,53,62459,Kurt Zouma,4-2-3-1,3-5-2,Graham Scott,/en/matches/b82be6d7/West-Ham-United-Sheffield-United-September-30-2023-Premier-League,
ENG-Premier League,2324,,2023-10-01 Nottingham-nan,2023-10-01,14:00:00,Matchweek 7,Sun,Away,D,1,1,Nottingham,59,29004,Christian Nørgaard,4-3-3,4-3-3,Paul Tierney,/en/matches/923467c5/Nottingham-Forest-Brentford-October-1-2023-Premier-League,
ENG-Premier League,2324,,2023-10-01 nan-Brentford,2023-10-01,14:00:00,Matchweek 7,Sun,Home,D,1,1,Brentford,41,29004,Serge Aurier,4-3-3,4-3-3,Paul Tierney,/en/matches/923467c5/Nottingham-Forest-Brentford-October-1-2023-Premier-League,
ENG-Premier League,2324,,2023-10-02 Fulham-nan,2023-10-02,20:00:00,Matchweek 7,Mon,Away,W,2,0,Fulham,44,24445,Conor Gallagher,4-3-3,4-3-3,Tim Robinson,/en/matches/c9787e60/Fulham-Chelsea-October-2-2023-Premier-League,
ENG-Premier League,2324,,2023-10-02 nan-Chelsea,2023-10-02,20:00:00,Matchweek 7,Mon,Home,L,0,2,Chelsea,56,24445,Tim Ream,4-3-3,4-3-3,Tim Robinson,/en/matches/c9787e60/Fulham-Chelsea-October-2-2023-Premier-League,
ENG-Premier League,2324,,2023-10-03 Luton Town-nan,2023-10-03,19:30:00,Matchweek 2,Tue,Away,W,2,1,Luton Town,52,10918,Josh Brownhill,4-3-3,3-4-3,Peter Bankes,/en/matches/4f7b3f27/Luton-Town-Burnley-October-3-2023-Premier-League,
ENG-Premier League,2324,,2023-10-03 nan-Burnley,2023-10-03,19:30:00,Matchweek 2,Tue,Home,L,1,2,Burnley,49,10918,Tom Lockyer,3-4-3,4-3-3,Peter Bankes,/en/matches/4f7b3f27/Luton-Town-Burnley-October-3-2023-Premier-League,
ENG-Premier League,2324,,2023-10-07 Burnley-nan,2023-10-07,15:00:00,Matchweek 8,Sat,Away,W,4,1,Burnley,63,21654,Conor Gallagher,4-3-3,4-3-3,Stuart Attwell,/en/matches/cfd83ca3/Burnley-Chelsea-October-7-2023-Premier-League,
ENG-Premier League,2324,,2023-10-07 Crystal Palace-nan,2023-10-07,17:30:00,Matchweek 8,Sat,Away,D,0,0,Crystal Palace,48,25017,Serge Aurier,4-3-3,4-3-3,Craig Pawson,/en/matches/1828106c/Crystal-Palace-Nottingham-Forest-October-7-2023-Premier-League,
ENG-Premier League,2324,,2023-10-07 Everton-nan,2023-10-07,15:00:00,Matchweek 8,Sat,Away,L,0,3,Everton,52,38815,Neto,4-2-3-1,4-4-1-1,David Coote,/en/matches/497b9558/Everton-Bournemouth-October-7-2023-Premier-League,
ENG-Premier League,2324,,2023-10-07 Fulham-nan,2023-10-07,15:00:00,Matchweek 8,Sat,Away,L,1,3,Fulham,40,24361,Chris Basham,3-5-2,4-3-3,Samuel Barrott,/en/matches/ffc59ea8/Fulham-Sheffield-United-October-7-2023-Premier-League,
ENG-Premier League,2324,,2023-10-07 Luton Town-nan,2023-10-07,12:30:00,Matchweek 8,Sat,Away,W,1,0,Luton Town,67,10290,Son Heung-min,4-2-3-1,4-4-2,John Brooks,/en/matches/d021f28f/Luton-Town-Tottenham-Hotspur-October-7-2023-Premier-League,
ENG-Premier League,2324,,2023-10-07 Manchester Utd-nan,2023-10-07,15:00:00,Matchweek 8,Sat,Away,L,1,2,Manchester Utd,36,73453,Christian Nørgaard,3-5-2,4-2-3-1,Andy Madley,/en/matches/5006142a/Manchester-United-Brentford-October-7-2023-Premier-League,
ENG-Premier League,2324,,2023-10-07 nan-Bournemouth,2023-10-07,15:00:00,Matchweek 8,Sat,Home,W,3,0,Bournemouth,48,38815,James Tarkowski,4-4-1-1,4-2-3-1,David Coote,/en/matches/497b9558/Everton-Bournemouth-October-7-2023-Premier-League,
ENG-Premier League,2324,,2023-10-07 nan-Brentford,2023-10-07,15:00:00,Matchweek 8,Sat,Home,W,2,1,Brentford,64,73453,Bruno Fernandes,4-2-3-1,3-5-2,Andy Madley,/en/matches/5006142a/Manchester-United-Brentford-October-7-2023-Premier-League,
ENG-Premier League,2324,,2023-10-07 nan-Chelsea,2023-10-07,15:00:00,Matchweek 8,Sat,Home,L,1,4,Chelsea,37,21654,Josh Brownhill,4-3-3,4-3-3,Stuart Attwell,/en/matches/cfd83ca3/Burnley-Chelsea-October-7-2023-Premier-League,
ENG-Premier League,2324,,2023-10-07 nan-Nottingham,2023-10-07,17:30:00,Matchweek 8,Sat,Home,D,0,0,Nottingham,52,25017,Marc Guéhi,4-3-3,4-3-3,Craig Pawson,/en/matches/1828106c/Crystal-Palace-Nottingham-Forest-October-7-2023-Premier-League,
ENG-Premier League,2324,,2023-10-07 nan-Sheffield United,2023-10-07,15:00:00,Matchweek 8,Sat,Home,W,3,1,Sheffield United,60,24361,Tim Ream,4-3-3,3-5-2,Samuel Barrott,/en/matches/ffc59ea8/Fulham-Sheffield-United-October-7-2023-Premier-League,
ENG-Premier League,2324,,2023-10-07 nan-Tottenham,2023-10-07,12:30:00,Matchweek 8,Sat,Home,L,0,1,Tottenham,33,10290,Tom Lockyer,4-4-2,4-2-3-1,John Brooks,/en/matches/d021f28f/Luton-Town-Tottenham-Hotspur-October-7-2023-Premier-League,
ENG-Premier League,2324,,2023-10-08 Arsenal-nan,2023-10-08,16:30:00,Matchweek 8,Sun,Away,L,0,1,Arsenal,51,60233,Kyle Walker,4-3-3,4-3-3,Michael Oliver,/en/matches/59cd18ae/Arsenal-Manchester-City-October-8-2023-Premier-League,
ENG-Premier League,2324,,2023-10-08 Brighton-nan,2023-10-08,14:00:00,Matchweek 8,Sun,Away,D,2,2,Brighton,54,31752,Virgil van Dijk,4-3-3,4-2-3-1,Anthony Taylor,/en/matches/3b1ec657/Brighton-and-Hove-Albion-Liverpool-October-8-2023-Premier-League,
ENG-Premier League,2324,,2023-10-08 West Ham-nan,2023-10-08,14:00:00,Matchweek 8,Sun,Away,D,2,2,West Ham,65,62473,Jamaal Lascelles,4-3-3,4-2-3-1,Peter Bankes,/en/matches/017c9ca5/West-Ham-United-Newcastle-United-October-8-2023-Premier-League,
ENG-Premier League,2324,,2023-10-08 Wolves-nan,2023-10-08,14:00:00,Matchweek 8,Sun,Away,D,1,1,Wolves,54,31425,John McGinn,4-4-2,3-4-3,Robert Jones,/en/matches/3292ed35/Wolverhampton-Wanderers-Aston-Villa-October-8-2023-Premier-League,
ENG-Premier League,2324,,2023-10-08 nan-Aston Villa,2023-10-08,14:00:00,Matchweek 8,Sun,Home,D,1,1,Aston Villa,46,31425,Max Kilman,3-4-3,4-4-2,Robert Jones,/en/matches/3292ed35/Wolverhampton-Wanderers-Aston-Villa-October-8-2023-Premier-League,
ENG-Premier League,2324,,2023-10-08 nan-Liverpool,2023-10-08,14:00:00,Matchweek 8,Sun,Home,D,2,2,Liverpool,46,31752,Lewis Dunk,4-2-3-1,4-3-3,Anthony Taylor,/en/matches/3b1ec657/Brighton-and-Hove-Albion-Liverpool-October-8-2023-Premier-League,
ENG-Premier League,2324,,2023-10-08 nan-Manchester City,2023-10-08,16:30:00,Matchweek 8,Sun,Home,W,1,0,Manchester City,49,60233,Martin Ødegaard,4-3-3,4-3-3,Michael Oliver,/en/matches/59cd18ae/Arsenal-Manchester-City-October-8-2023-Premier-League,
ENG-Premier League,2324,,2023-10-08 nan-Newcastle,2023-10-08,14:00:00,Matchweek 8,Sun,Home,D,2,2,Newcastle,35,62473,Kurt Zouma,4-2-3-1,4-3-3,Peter Bankes,/en/matches/017c9ca5/West-Ham-United-Newcastle-United-October-8-2023-Premier-League,
ENG-Premier League,2324,,2023-10-21 Bournemouth-nan,2023-10-21,15:00:00,Matchweek 9,Sat,Away,W,2,1,Bournemouth,66,11175,Max Kilman,3-4-3,4-2-3-1,Paul Tierney,/en/matches/007b352e/Bournemouth-Wolverhampton-Wanderers-October-21-2023-Premier-League,
ENG-Premier League,2324,,2023-10-21 Brentford-nan,2023-10-21,15:00:00,Matchweek 9,Sat,Away,L,0,3,Brentford,50,17029,Josh Cullen,4-2-3-1,4-3-3,Joshua Smith,/en/matches/52781f37/Brentford-Burnley-October-21-2023-Premier-League,
ENG-Premier League,2324,,2023-10-21 Chelsea-nan,2023-10-21,17:30:00,Matchweek 9,Sat,Away,D,2,2,Chelsea,57,39723,Martin Ødegaard,4-3-3,4-2-3-1,Chris Kavanagh,/en/matches/a1c336e2/North-West-London-Derby-Chelsea-Arsenal-October-21-2023-Premier-League,
ENG-Premier League,2324,,2023-10-21 Liverpool-nan,2023-10-21,12:30:00,Matchweek 9,Sat,Away,L,0,2,Liverpool,23,50201,James Tarkowski,4-4-1-1,4-3-3,Craig Pawson,/en/matches/e747ddb3/Merseyside-Derby-Liverpool-Everton-October-21-2023-Premier-League,
ENG-Premier League,2324,,2023-10-21 Manchester City-nan,2023-10-21,15:00:00,Matchweek 9,Sat,Away,L,1,2,Manchester City,46,53466,Lewis Dunk,4-2-3-1,3-2-4-1,Robert Jones,/en/matches/b782a834/Manchester-City-Brighton-and-Hove-Albion-October-21-2023-Premier-League,
ENG-Premier League,2324,,2023-10-21 Newcastle-nan,2023-10-21,15:00:00,Matchweek 9,Sat,Away,L,0,4,Newcastle,40,52189,Joel Ward,4-3-3,4-3-3,Tim Robinson,/en/matches/21625dde/Newcastle-United-Crystal-Palace-October-21-2023-Premier-League,
ENG-Premier League,2324,,2023-10-21 Nottingham-nan,2023-10-21,15:00:00,Matchweek 9,Sat,Away,D,2,2,Nottingham,43,29361,Tom Lockyer,4-4-2,4-3-3,Samuel Barrott,/en/matches/d1671efa/Nottingham-Forest-Luton-Town-October-21-2023-Premier-League,
ENG-Premier League,2324,,2023-10-21 Sheffield United-nan,2023-10-21,20:00:00,Matchweek 9,Sat,Away,W,2,1,Sheffield United,62,31543,Bruno Fernandes,4-2-3-1,4-4-2,Michael Oliver,/en/matches/d95b42eb/Sheffield-United-Manchester-United-October-21-2023-Premier-League,
ENG-Premier League,2324,,2023-10-21 nan-Arsenal,2023-10-21,17:30:00,Matchweek 9,Sat,Home,D,2,2,Arsenal,43,39723,Conor Gallagher,4-2-3-1,4-3-3,Chris Kavanagh,/en/matches/a1c336e2/North-West-London-Derby-Chelsea-Arsenal-October-21-2023-Premier-League,
ENG-Premier League,2324,,2023-10-21 nan-Brighton,2023-10-21,15:00:00,Matchweek 9,Sat,Home,W,2,1,Brighton,55,53466,Kyle Walker,3-2-4-1,4-2-3-1,Robert Jones,/en/matches/b782a834/Manchester-City-Brighton-and-Hove-Albion-October-21-2023-Premier-League,
ENG-Premier League,2324,,2023-10-21 nan-Burnley,2023-10-21,15:00:00,Matchweek 9,Sat,Home,W,3,0,Burnley,50,17029,Christian Nørgaard,4-3-3,4-2-3-1,Joshua Smith,/en/matches/52781f37/Brentford-Burnley-October-21-2023-Premier-League,
ENG-Premier League,2324,,2023-10-21 nan-Crystal Palace,2023-10-21,15:00:00,Matchweek 9,Sat,Home,W,4,0,Crystal Palace,60,52189,Jamaal Lascelles,4-3-3,4-3-3,Tim Robinson,/en/matches/21625dde/Newcastle-United-Crystal-Palace-October-21-2023-Premier-League,
ENG-Premier League,2324,,2023-10-21 nan-Everton,2023-10-21,12:30:00,Matchweek 9,Sat,Home,W,2,0,Everton,77,50201,Virgil van Dijk,4-3-3,4-4-1-1,Craig Pawson,/en/matches/e747ddb3/Merseyside-Derby-Liverpool-Everton-October-21-2023-Premier-League,
ENG-Premier League,2324,,2023-10-21 nan-Luton Town,2023-10-21,15:00:00,Matchweek 9,Sat,Home,D,2,2,Luton Town,57,29361,Serge Aurier,4-3-3,4-4-2,Samuel Barrott,/en/matches/d1671efa/Nottingham-Forest-Luton-Town-October-21-2023-Premier-League,
ENG-Premier League,2324,,2023-10-21 nan-Manchester Utd,2023-10-21,20:00:00,Matchweek 9,Sat,Home,L,1,2,Manchester Utd,38,31543,Oliver Norwood,4-4-2,4-2-3-1,Michael Oliver,/en/matches/d95b42eb/Sheffield-United-Manchester-United-October-21-2023-Premier-League,
ENG-Premier League,2324,,2023-10-21 nan-Wolves,2023-10-21,15:00:00,Matchweek 9,Sat,Home,L,1,2,Wolves,34,11175,Neto,4-2-3-1,3-4-3,Paul Tierney,/en/matches/007b352e/Bournemouth-Wolverhampton-Wanderers-October-21-2023-Premier-League,
ENG-Premier League,2324,,2023-10-22 Aston Villa-nan,2023-10-22,16:30:00,Matchweek 9,Sun,Away,L,1,4,Aston Villa,42,41734,Kurt Zouma,4-2-3-1,4-4-2,David Coote,/en/matches/7efcc598/Aston-Villa-West-Ham-United-October-22-2023-Premier-League,
ENG-Premier League,2324,,2023-10-22 nan-West Ham,2023-10-22,16:30:00,Matchweek 9,Sun,Home,W,4,1,West Ham,58,41734,John McGinn,4-4-2,4-2-3-1,David Coote,/en/matches/7efcc598/Aston-Villa-West-Ham-United-October-22-2023-Premier-League,
ENG-Premier League,2324,,2023-10-23 Tottenham-nan,2023-10-23,20:00:00,Matchweek 9,Mon,Away,L,0,2,Tottenham,44,61286,Tim Ream,4-2-3-1,4-2-3-1,Anthony Taylor,/en/matches/8c6293a3/Tottenham-Hotspur-Fulham-October-23-2023-Premier-League,
ENG-Premier League,2324,,2023-10-23 nan-Fulham,2023-10-23,20:00:00,Matchweek 9,Mon,Home,W,2,0,Fulham,56,61286,Son Heung-min,4-2-3-1,4-2-3-1,Anthony Taylor,/en/matches/8c6293a3/Tottenham-Hotspur-Fulham-October-23-2023-Premier-League,
ENG-Premier League,2324,,2023-10-27 Crystal Palace-nan,2023-10-27,20:00:00,Matchweek 10,Fri,Away,W,2,1,Crystal Palace,76,25074,Son Heung-min,4-2-3-1,4-2-3-1,Andy Madley,/en/matches/6b0aa474/Crystal-Palace-Tottenham-Hotspur-October-27-2023-Premier-League,
ENG-Premier League,2324,,2023-10-27 nan-Tottenham,2023-10-27,20:00:00,Matchweek 10,Fri,Home,L,1,2,Tottenham,24,25074,Joel Ward,4-2-3-1,4-2-3-1,Andy Madley,/en/matches/6b0aa474/Crystal-Palace-Tottenham-Hotspur-October-27-2023-Premier-League,
ENG-Premier League,2324,,2023-10-28 Arsenal-nan,2023-10-28,15:00:00,Matchweek 10,Sat,Away,L,0,5,Arsenal,33,60153,Oliver Norwood,4-4-2,4-3-3,Tim Robinson,/en/matches/d498f918/Arsenal-Sheffield-United-October-28-2023-Premier-League,
ENG-Premier League,2324,,2023-10-28 Bournemouth-nan,2023-10-28,15:00:00,Matchweek 10,Sat,Away,L,1,2,Bournemouth,55,11152,Josh Brownhill,4-3-3,4-2-3-1,Samuel Barrott,/en/matches/c4c42d3e/Bournemouth-Burnley-October-28-2023-Premier-League,
ENG-Premier League,2324,,2023-10-28 Chelsea-nan,2023-10-28,12:30:00,Matchweek 10,Sat,Away,W,2,0,Chelsea,31,39575,Christian Nørgaard,3-5-2,4-2-3-1,Simon Hooper,/en/matches/91e3b922/Chelsea-Brentford-October-28-2023-Premier-League,
ENG-Premier League,2324,,2023-10-28 Wolves-nan,2023-10-28,17:30:00,Matchweek 10,Sat,Away,D,2,2,Wolves,57,31584,Jamaal Lascelles,4-3-3,4-4-2,Anthony Taylor,/en/matches/b84d060a/Wolverhampton-Wanderers-Newcastle-United-October-28-2023-Premier-League,
ENG-Premier League,2324,,2023-10-28 nan-Brentford,2023-10-28,12:30:00,Matchweek 10,Sat,Home,L,0,2,Brentford,69,39575,Conor Gallagher,4-2-3-1,3-5-2,Simon Hooper,/en/matches/91e3b922/Chelsea-Brentford-October-28-2023-Premier-League,
ENG-Premier League,2324,,2023-10-28 nan-Burnley,2023-10-28,15:00:00,Matchweek 10,Sat,Home,W,2,1,Burnley,45,11152,Lloyd Kelly,4-2-3-1,4-3-3,Samuel Barrott,/en/matches/c4c42d3e/Bournemouth-Burnley-October-28-2023-Premier-League,
ENG-Premier League,2324,,2023-10-28 nan-Newcastle,2023-10-28,17:30:00,Matchweek 10,Sat,Home,D,2,2,Newcastle,43,31584,Max Kilman,4-4-2,4-3-3,Anthony Taylor,/en/matches/b84d060a/Wolverhampton-Wanderers-Newcastle-United-October-28-2023-Premier-League,
ENG-Premier League,2324,,2023-10-28 nan-Sheffield United,2023-10-28,15:00:00,Matchweek 10,Sat,Home,W,5,0,Sheffield United,67,60153,Bukayo Saka,4-3-3,4-4-2,Tim Robinson,/en/matches/d498f918/Arsenal-Sheffield-United-October-28-2023-Premier-League,
ENG-Premier League,2324,,2023-10-29 Aston Villa-nan,2023-10-29,14:00:00,Matchweek 10,Sun,Away,L,1,3,Aston Villa,29,41785,Tom Lockyer,5-3-2,4-4-2,John Brooks,/en/matches/ee677172/Aston-Villa-Luton-Town-October-29-2023-Premier-League,
ENG-Premier League,2324,,2023-10-29 Brighton-nan,2023-10-29,14:00:00,Matchweek 10,Sun,Away,D,1,1,Brighton,29,31550,Tim Ream,4-2-3-1,3-4-3,Michael Salisbury,/en/matches/a0c422e9/Brighton-and-Hove-Albion-Fulham-October-29-2023-Premier-League,
ENG-Premier League,2324,,2023-10-29 Liverpool-nan,2023-10-29,14:00:00,Matchweek 10,Sun,Away,L,0,3,Liverpool,27,50143,Serge Aurier,5-4-1,4-3-3,Chris Kavanagh,/en/matches/79bf0c7f/Liverpool-Nottingham-Forest-October-29-2023-Premier-League,
ENG-Premier League,2324,,2023-10-29 Manchester Utd-nan,2023-10-29,15:30:00,Matchweek 10,Sun,Away,W,3,0,Manchester Utd,61,73502,Kyle Walker,4-2-3-1,4-2-3-1,Paul Tierney,/en/matches/f6bfec82/Manchester-Derby-Manchester-United-Manchester-City-October-29-2023-Premier-League,
ENG-Premier League,2324,,2023-10-29 West Ham-nan,2023-10-29,13:00:00,Matchweek 10,Sun,Away,W,1,0,West Ham,36,62469,James Tarkowski,4-4-1-1,4-2-3-1,Stuart Attwell,/en/matches/868a89be/West-Ham-United-Everton-October-29-2023-Premier-League,
ENG-Premier League,2324,,2023-10-29 nan-Everton,2023-10-29,13:00:00,Matchweek 10,Sun,Home,L,0,1,Everton,64,62469,Kurt Zouma,4-2-3-1,4-4-1-1,Stuart Attwell,/en/matches/868a89be/West-Ham-United-Everton-October-29-2023-Premier-League,
ENG-Premier League,2324,,2023-10-29 nan-Fulham,2023-10-29,14:00:00,Matchweek 10,Sun,Home,D,1,1,Fulham,71,31550,Lewis Dunk,3-4-3,4-2-3-1,Michael Salisbury,/en/matches/a0c422e9/Brighton-and-Hove-Albion-Fulham-October-29-2023-Premier-League,
ENG-Premier League,2324,,2023-10-29 nan-Luton Town,2023-10-29,14:00:00,Matchweek 10,Sun,Home,W,3,1,Luton Town,71,41785,John McGinn,4-4-2,5-3-2,John Brooks,/en/matches/ee677172/Aston-Villa-Luton-Town-October-29-2023-Premier-League,
ENG-Premier League,2324,,2023-10-29 nan-Manchester City,2023-10-29,15:30:00,Matchweek 10,Sun,Home,L,0,3,Manchester City,40,73502,Bruno Fernandes,4-2-3-1,4-2-3-1,Paul Tierney,/en/matches/f6bfec82/Manchester-Derby-Manchester-United-Manchester-City-October-29-2023-Premier-League,
ENG-Premier League,2324,,2023-10-29 nan-Nottingham,2023-10-29,14:00:00,Matchweek 10,Sun,Home,W,3,0,Nottingham,73,50143,Virgil van Dijk,4-3-3,5-4-1,Chris Kavanagh,/en/matches/79bf0c7f/Liverpool-Nottingham-Forest-October-29-2023-Premier-League,
ENG-Premier League,2324,,2023-11-04 Brentford-nan,2023-11-04,15:00:00,Matchweek 11,Sat,Away,L,2,3,Brentford,41,17103,James Ward-Prowse,4-4-2,4-3-3,Thomas Bramall,/en/matches/3235dd6e/Brentford-West-Ham-United-November-4-2023-Premier-League,
ENG-Premier League,2324,,2023-11-04 Burnley-nan,2023-11-04,15:00:00,Matchweek 11,Sat,Away,W,2,0,Burnley,33,21578,Joel Ward,4-2-3-1,4-4-2,Peter Bankes,/en/matches/8797f9a9/Burnley-Crystal-Palace-November-4-2023-Premier-League,
ENG-Premier League,2324,,2023-11-04 Everton-nan,2023-11-04,15:00:00,Matchweek 11,Sat,Away,D,1,1,Everton,80,38683,Lewis Dunk,4-3-3,4-4-1-1,Tim Robinson,/en/matches/6ecb53ac/Everton-Brighton-and-Hove-Albion-November-4-2023-Premier-League,
ENG-Premier League,2324,,2023-11-04 Fulham-nan,2023-11-04,12:30:00,Matchweek 11,Sat,Away,W,1,0,Fulham,55,24415,Bruno Fernandes,4-2-3-1,4-2-3-1,John Brooks,/en/matches/31273be0/Fulham-Manchester-United-November-4-2023-Premier-League,
ENG-Premier League,2324,,2023-11-04 Manchester City-nan,2023-11-04,15:00:00,Matchweek 11,Sat,Away,L,1,6,Manchester City,34,53358,Lloyd Kelly,5-4-1,3-4-3,Craig Pawson,/en/matches/e75a870b/Manchester-City-Bournemouth-November-4-2023-Premier-League,
ENG-Premier League,2324,,2023-11-04 Newcastle-nan,2023-11-04,17:30:00,Matchweek 11,Sat,Away,L,0,1,Newcastle,59,52194,Jorginho,4-3-3,4-3-3,Stuart Attwell,/en/matches/6096abaa/Newcastle-United-Arsenal-November-4-2023-Premier-League,
ENG-Premier League,2324,,2023-11-04 Sheffield United-nan,2023-11-04,15:00:00,Matchweek 11,Sat,Away,L,1,2,Sheffield United,62,29454,Max Kilman,4-4-1-1,3-4-1-2,Robert Jones,/en/matches/e841bbac/Sheffield-United-Wolverhampton-Wanderers-November-4-2023-Premier-League,
ENG-Premier League,2324,,2023-11-04 nan-Arsenal,2023-11-04,17:30:00,Matchweek 11,Sat,Home,W,1,0,Arsenal,41,52194,Jamaal Lascelles,4-3-3,4-3-3,Stuart Attwell,/en/matches/6096abaa/Newcastle-United-Arsenal-November-4-2023-Premier-League,
ENG-Premier League,2324,,2023-11-04 nan-Bournemouth,2023-11-04,15:00:00,Matchweek 11,Sat,Home,W,6,1,Bournemouth,66,53358,Kyle Walker,3-4-3,5-4-1,Craig Pawson,/en/matches/e75a870b/Manchester-City-Bournemouth-November-4-2023-Premier-League,
ENG-Premier League,2324,,2023-11-04 nan-Brighton,2023-11-04,15:00:00,Matchweek 11,Sat,Home,D,1,1,Brighton,20,38683,James Tarkowski,4-4-1-1,4-3-3,Tim Robinson,/en/matches/6ecb53ac/Everton-Brighton-and-Hove-Albion-November-4-2023-Premier-League,
ENG-Premier League,2324,,2023-11-04 nan-Crystal Palace,2023-11-04,15:00:00,Matchweek 11,Sat,Home,L,0,2,Crystal Palace,67,21578,Josh Brownhill,4-4-2,4-2-3-1,Peter Bankes,/en/matches/8797f9a9/Burnley-Crystal-Palace-November-4-2023-Premier-League,
ENG-Premier League,2324,,2023-11-04 nan-Manchester Utd,2023-11-04,12:30:00,Matchweek 11,Sat,Home,L,0,1,Manchester Utd,45,24415,Tim Ream,4-2-3-1,4-2-3-1,John Brooks,/en/matches/31273be0/Fulham-Manchester-United-November-4-2023-Premier-League,
ENG-Premier League,2324,,2023-11-04 nan-West Ham,2023-11-04,15:00:00,Matchweek 11,Sat,Home,W,3,2,West Ham,59,17103,Christian Nørgaard,4-3-3,4-4-2,Thomas Bramall,/en/matches/3235dd6e/Brentford-West-Ham-United-November-4-2023-Premier-League,
ENG-Premier League,2324,,2023-11-04 nan-Wolves,2023-11-04,15:00:00,Matchweek 11,Sat,Home,W,2,1,Wolves,38,29454,Oliver Norwood,3-4-1-2,4-4-1-1,Robert Jones,/en/matches/e841bbac/Sheffield-United-Wolverhampton-Wanderers-November-4-2023-Premier-League,
ENG-Premier League,2324,,2023-11-05 Luton Town-nan,2023-11-05,16:30:00,Matchweek 11,Sun,Away,D,1,1,Luton Town,74,11049,Virgil van Dijk,4-3-3,3-4-3,Andy Madley,/en/matches/a62b97ba/Luton-Town-Liverpool-November-5-2023-Premier-League,
ENG-Premier League,2324,,2023-11-05 Nottingham-nan,2023-11-05,14:00:00,Matchweek 11,Sun,Away,L,0,2,Nottingham,74,29313,John McGinn,4-4-2,4-3-3,Jarred Gillett,/en/matches/ac18f108/Nottingham-Forest-Aston-Villa-November-5-2023-Premier-League,
ENG-Premier League,2324,,2023-11-05 nan-Aston Villa,2023-11-05,14:00:00,Matchweek 11,Sun,Home,W,2,0,Aston Villa,26,29313,Morgan Gibbs-White,4-3-3,4-4-2,Jarred Gillett,/en/matches/ac18f108/Nottingham-Forest-Aston-Villa-November-5-2023-Premier-League,
ENG-Premier League,2324,,2023-11-05 nan-Liverpool,2023-11-05,16:30:00,Matchweek 11,Sun,Home,D,1,1,Liverpool,26,11049,Tom Lockyer,3-4-3,4-3-3,Andy Madley,/en/matches/a62b97ba/Luton-Town-Liverpool-November-5-2023-Premier-League,
ENG-Premier League,2324,,2023-11-06 Tottenham-nan,2023-11-06,20:00:00,Matchweek 11,Mon,Away,W,4,1,Tottenham,61,61726,Reece James,4-2-3-1,4-2-3-1,Michael Oliver,/en/matches/478e4eb3/Tottenham-Hotspur-Chelsea-November-6-2023-Premier-League,
ENG-Premier League,2324,,2023-11-06 nan-Chelsea,2023-11-06,20:00:00,Matchweek 11,Mon,Home,L,1,4,Chelsea,39,61726,Son Heung-min,4-2-3-1,4-2-3-1,Michael Oliver,/en/matches/478e4eb3/Tottenham-Hotspur-Chelsea-November-6-2023-Premier-League,
ENG-Premier League,2324,,2023-11-11 Arsenal-nan,2023-11-11,15:00:00,Matchweek 12,Sat,Away,L,1,3,Arsenal,37,60232,Josh Brownhill,4-4-2,4-3-3,Michael Oliver,/en/matches/2cb4e4dc/Arsenal-Burnley-November-11-2023-Premier-League,
ENG-Premier League,2324,,2023-11-11 Bournemouth-nan,2023-11-11,17:30:00,Matchweek 12,Sat,Away,L,0,2,Bournemouth,52,11201,Jamaal Lascelles,4-3-3,4-2-3-1,Chris Kavanagh,/en/matches/641024cf/Bournemouth-Newcastle-United-November-11-2023-Premier-League,
ENG-Premier League,2324,,2023-11-11 Crystal Palace-nan,2023-11-11,15:00:00,Matchweek 12,Sat,Away,W,3,2,Crystal Palace,34,25103,James Tarkowski,4-4-1-1,4-2-3-1,Samuel Barrott,/en/matches/a4795b68/Crystal-Palace-Everton-November-11-2023-Premier-League,
ENG-Premier League,2324,,2023-11-11 Manchester Utd-nan,2023-11-11,15:00:00,Matchweek 12,Sat,Away,L,0,1,Manchester Utd,36,73599,Tom Lockyer,3-4-3,4-2-3-1,Graham Scott,/en/matches/4b9f3f25/Manchester-United-Luton-Town-November-11-2023-Premier-League,
ENG-Premier League,2324,,2023-11-11 Wolves-nan,2023-11-11,12:30:00,Matchweek 12,Sat,Away,L,1,2,Wolves,59,31642,Son Heung-min,4-3-3,3-5-2,Tim Robinson,/en/matches/1634f066/Wolverhampton-Wanderers-Tottenham-Hotspur-November-11-2023-Premier-League,
ENG-Premier League,2324,,2023-11-11 nan-Burnley,2023-11-11,15:00:00,Matchweek 12,Sat,Home,W,3,1,Burnley,64,60232,Jorginho,4-3-3,4-4-2,Michael Oliver,/en/matches/2cb4e4dc/Arsenal-Burnley-November-11-2023-Premier-League,
ENG-Premier League,2324,,2023-11-11 nan-Everton,2023-11-11,15:00:00,Matchweek 12,Sat,Home,L,2,3,Everton,66,25103,Joel Ward,4-2-3-1,4-4-1-1,Samuel Barrott,/en/matches/a4795b68/Crystal-Palace-Everton-November-11-2023-Premier-League,
ENG-Premier League,2324,,2023-11-11 nan-Luton Town,2023-11-11,15:00:00,Matchweek 12,Sat,Home,W,1,0,Luton Town,64,73599,Bruno Fernandes,4-2-3-1,3-4-3,Graham Scott,/en/matches/4b9f3f25/Manchester-United-Luton-Town-November-11-2023-Premier-League,
ENG-Premier League,2324,,2023-11-11 nan-Newcastle,2023-11-11,17:30:00,Matchweek 12,Sat,Home,W,2,0,Newcastle,48,11201,Neto,4-2-3-1,4-3-3,Chris Kavanagh,/en/matches/641024cf/Bournemouth-Newcastle-United-November-11-2023-Premier-League,
ENG-Premier League,2324,,2023-11-11 nan-Tottenham,2023-11-11,12:30:00,Matchweek 12,Sat,Home,W,2,1,Tottenham,42,31642,Max Kilman,3-5-2,4-3-3,Tim Robinson,/en/matches/1634f066/Wolverhampton-Wanderers-Tottenham-Hotspur-November-11-2023-Premier-League,
ENG-Premier League,2324,,2023-11-12 Aston Villa-nan,2023-11-12,14:00:00,Matchweek 12,Sun,Away,L,1,3,Aston Villa,49,41608,Tim Ream,4-2-3-1,4-2-2-2,Simon Hooper,/en/matches/d6a70a44/Aston-Villa-Fulham-November-12-2023-Premier-League,
ENG-Premier League,2324,,2023-11-12 Brighton-nan,2023-11-12,14:00:00,Matchweek 12,Sun,Away,D,1,1,Brighton,39,31367,Oliver Norwood,3-4-3,4-2-3-1,John Brooks,/en/matches/ebf41e41/Brighton-and-Hove-Albion-Sheffield-United-November-12-2023-Premier-League,
ENG-Premier League,2324,,2023-11-12 Chelsea-nan,2023-11-12,16:30:00,Matchweek 12,Sun,Away,D,4,4,Chelsea,55,39532,Kyle Walker,3-2-4-1,4-2-3-1,Anthony Taylor,/en/matches/53bb8f30/Chelsea-Manchester-City-November-12-2023-Premier-League,
ENG-Premier League,2324,,2023-11-12 Liverpool-nan,2023-11-12,14:00:00,Matchweek 12,Sun,Away,L,0,3,Liverpool,41,50151,Christian Nørgaard,5-3-2,4-3-3,Paul Tierney,/en/matches/996ee990/Liverpool-Brentford-November-12-2023-Premier-League,
ENG-Premier League,2324,,2023-11-12 West Ham-nan,2023-11-12,14:00:00,Matchweek 12,Sun,Away,L,2,3,West Ham,46,62470,Morgan Gibbs-White,4-3-3,4-2-3-1,Michael Salisbury,/en/matches/76b8e568/West-Ham-United-Nottingham-Forest-November-12-2023-Premier-League,
ENG-Premier League,2324,,2023-11-12 nan-Brentford,2023-11-12,14:00:00,Matchweek 12,Sun,Home,W,3,0,Brentford,59,50151,Virgil van Dijk,4-3-3,5-3-2,Paul Tierney,/en/matches/996ee990/Liverpool-Brentford-November-12-2023-Premier-League,
ENG-Premier League,2324,,2023-11-12 nan-Fulham,2023-11-12,14:00:00,Matchweek 12,Sun,Home,W,3,1,Fulham,51,41608,John McGinn,4-2-2-2,4-2-3-1,Simon Hooper,/en/matches/d6a70a44/Aston-Villa-Fulham-November-12-2023-Premier-League,
ENG-Premier League,2324,,2023-11-12 nan-Manchester City,2023-11-12,16:30:00,Matchweek 12,Sun,Home,D,4,4,Manchester City,45,39532,Reece James,4-2-3-1,3-2-4-1,Anthony Taylor,/en/matches/53bb8f30/Chelsea-Manchester-City-November-12-2023-Premier-League,
ENG-Premier League,2324,,2023-11-12 nan-Nottingham,2023-11-12,14:00:00,Matchweek 12,Sun,Home,W,3,2,Nottingham,54,62470,Kurt Zouma,4-2-3-1,4-3-3,Michael Salisbury,/en/matches/76b8e568/West-Ham-United-Nottingham-Forest-November-12-2023-Premier-League,
ENG-Premier League,2324,,2023-11-12 nan-Sheffield United,2023-11-12,14:00:00,Matchweek 12,Sun,Home,D,1,1,Sheffield United,62,31367,Pascal Groß,4-2-3-1,3-4-3,John Brooks,/en/matches/ebf41e41/Brighton-and-Hove-Albion-Sheffield-United-November-12-2023-Premier-League,
ENG-Premier League,2324,,2023-11-25 Brentford-nan,2023-11-25,17:30:00,Matchweek 13,Sat,Away,W,1,0,Brentford,64,17201,Martin Ødegaard,4-3-3,5-3-2,Tim Robinson,/en/matches/626c6561/Brentford-Arsenal-November-25-2023-Premier-League,
ENG-Premier League,2324,,2023-11-25 Burnley-nan,2023-11-25,15:00:00,Matchweek 13,Sat,Away,W,2,1,Burnley,49,21319,Kurt Zouma,4-2-3-1,4-4-2,Samuel Barrott,/en/matches/36a64522/Burnley-West-Ham-United-November-25-2023-Premier-League,
ENG-Premier League,2324,,2023-11-25 Luton Town-nan,2023-11-25,15:00:00,Matchweek 13,Sat,Away,L,1,2,Luton Town,61,11029,Joel Ward,4-2-3-1,3-4-3,Jarred Gillett,/en/matches/f4805536/Luton-Town-Crystal-Palace-November-25-2023-Premier-League,
ENG-Premier League,2324,,2023-11-25 Manchester City-nan,2023-11-25,12:30:00,Matchweek 13,Sat,Away,D,1,1,Manchester City,40,53289,Virgil van Dijk,4-3-3,3-2-4-1,Chris Kavanagh,/en/matches/5d4a5006/Manchester-City-Liverpool-November-25-2023-Premier-League,
ENG-Premier League,2324,,2023-11-25 Newcastle-nan,2023-11-25,15:00:00,Matchweek 13,Sat,Away,L,1,4,Newcastle,45,52227,Reece James,4-2-3-1,4-3-3,Simon Hooper,/en/matches/8c8f48f4/Newcastle-United-Chelsea-November-25-2023-Premier-League,
ENG-Premier League,2324,,2023-11-25 Nottingham-nan,2023-11-25,15:00:00,Matchweek 13,Sat,Away,W,3,2,Nottingham,54,29404,Lewis Dunk,4-2-3-1,4-1-4-1,Anthony Taylor,/en/matches/36be5cee/Nottingham-Forest-Brighton-and-Hove-Albion-November-25-2023-Premier-League,
ENG-Premier League,2324,,2023-11-25 Sheffield United-nan,2023-11-25,15:00:00,Matchweek 13,Sat,Away,W,3,1,Sheffield United,55,30208,Neto,4-2-3-1,3-4-3,Andy Madley,/en/matches/799a2c04/Sheffield-United-Bournemouth-November-25-2023-Premier-League,
ENG-Premier League,2324,,2023-11-25 nan-Arsenal,2023-11-25,17:30:00,Matchweek 13,Sat,Home,L,0,1,Arsenal,36,17201,Christian Nørgaard,5-3-2,4-3-3,Tim Robinson,/en/matches/626c6561/Brentford-Arsenal-November-25-2023-Premier-League,
ENG-Premier League,2324,,2023-11-25 nan-Bournemouth,2023-11-25,15:00:00,Matchweek 13,Sat,Home,L,1,3,Bournemouth,45,30208,Oliver Norwood,3-4-3,4-2-3-1,Andy Madley,/en/matches/799a2c04/Sheffield-United-Bournemouth-November-25-2023-Premier-League,
ENG-Premier League,2324,,2023-11-25 nan-Brighton,2023-11-25,15:00:00,Matchweek 13,Sat,Home,L,2,3,Brighton,47,29404,Morgan Gibbs-White,4-1-4-1,4-2-3-1,Anthony Taylor,/en/matches/36be5cee/Nottingham-Forest-Brighton-and-Hove-Albion-November-25-2023-Premier-League,
ENG-Premier League,2324,,2023-11-25 nan-Chelsea,2023-11-25,15:00:00,Matchweek 13,Sat,Home,W,4,1,Chelsea,55,52227,Jamaal Lascelles,4-3-3,4-2-3-1,Simon Hooper,/en/matches/8c8f48f4/Newcastle-United-Chelsea-November-25-2023-Premier-League,
ENG-Premier League,2324,,2023-11-25 nan-Crystal Palace,2023-11-25,15:00:00,Matchweek 13,Sat,Home,W,2,1,Crystal Palace,39,11029,Tom Lockyer,3-4-3,4-2-3-1,Jarred Gillett,/en/matches/f4805536/Luton-Town-Crystal-Palace-November-25-2023-Premier-League,
ENG-Premier League,2324,,2023-11-25 nan-Liverpool,2023-11-25,12:30:00,Matchweek 13,Sat,Home,D,1,1,Liverpool,60,53289,Kyle Walker,3-2-4-1,4-3-3,Chris Kavanagh,/en/matches/5d4a5006/Manchester-City-Liverpool-November-25-2023-Premier-League,
ENG-Premier League,2324,,2023-11-25 nan-West Ham,2023-11-25,15:00:00,Matchweek 13,Sat,Home,L,1,2,West Ham,51,21319,Josh Brownhill,4-4-2,4-2-3-1,Samuel Barrott,/en/matches/36a64522/Burnley-West-Ham-United-November-25-2023-Premier-League,
ENG-Premier League,2324,,2023-11-26 Everton-nan,2023-11-26,16:30:00,Matchweek 13,Sun,Away,W,3,0,Everton,50,39257,Bruno Fernandes,4-2-3-1,4-4-1-1,John Brooks,/en/matches/f82a83dd/Everton-Manchester-United-November-26-2023-Premier-League,
ENG-Premier League,2324,,2023-11-26 Tottenham-nan,2023-11-26,14:00:00,Matchweek 13,Sun,Away,W,2,1,Tottenham,38,61679,John McGinn,4-4-2,4-2-3-1,Robert Jones,/en/matches/83db7754/Tottenham-Hotspur-Aston-Villa-November-26-2023-Premier-League,
ENG-Premier League,2324,,2023-11-26 nan-Aston Villa,2023-11-26,14:00:00,Matchweek 13,Sun,Home,L,1,2,Aston Villa,62,61679,Son Heung-min,4-2-3-1,4-4-2,Robert Jones,/en/matches/83db7754/Tottenham-Hotspur-Aston-Villa-November-26-2023-Premier-League,
ENG-Premier League,2324,,2023-11-26 nan-Manchester Utd,2023-11-26,16:30:00,Matchweek 13,Sun,Home,L,0,3,Manchester Utd,51,39257,James Tarkowski,4-4-1-1,4-2-3-1,John Brooks,/en/matches/f82a83dd/Everton-Manchester-United-November-26-2023-Premier-League,
ENG-Premier League,2324,,2023-11-27 Fulham-nan,2023-11-27,20:00:00,Matchweek 13,Mon,Away,L,2,3,Fulham,40,24366,Max Kilman,3-5-2,4-2-3-1,Michael Salisbury,/en/matches/b19cc422/Fulham-Wolverhampton-Wanderers-November-27-2023-Premier-League,
ENG-Premier League,2324,,2023-11-27 nan-Wolves,2023-11-27,20:00:00,Matchweek 13,Mon,Home,W,3,2,Wolves,60,24366,Tom Cairney,4-2-3-1,3-5-2,Michael Salisbury,/en/matches/b19cc422/Fulham-Wolverhampton-Wanderers-November-27-2023-Premier-League,
ENG-Premier League,2324,,2023-12-02 Arsenal-nan,2023-12-02,15:00:00,Matchweek 14,Sat,Away,L,1,2,Arsenal,44,60262,Max Kilman,3-5-2,4-3-3,Peter Bankes,/en/matches/6e65df8e/Arsenal-Wolverhampton-Wanderers-December-2-2023-Premier-League,
ENG-Premier League,2324,,2023-12-02 Brentford-nan,2023-12-02,15:00:00,Matchweek 14,Sat,Away,L,1,3,Brentford,31,17075,Tom Lockyer,3-4-3,4-3-3,Anthony Taylor,/en/matches/0f71f535/Brentford-Luton-Town-December-2-2023-Premier-League,
ENG-Premier League,2324,,2023-12-02 Burnley-nan,2023-12-02,15:00:00,Matchweek 14,Sat,Away,L,0,5,Burnley,36,21478,Oliver Norwood,3-4-3,4-4-2,Chris Kavanagh,/en/matches/e2c53b0a/Burnley-Sheffield-United-December-2-2023-Premier-League,
ENG-Premier League,2324,,2023-12-02 Newcastle-nan,2023-12-02,20:00:00,Matchweek 14,Sat,Away,L,0,1,Newcastle,42,52214,Bruno Fernandes,4-2-3-1,4-3-3,Robert Jones,/en/matches/66a1f3ac/Newcastle-United-Manchester-United-December-2-2023-Premier-League,
ENG-Premier League,2324,,2023-12-02 Nottingham-nan,2023-12-02,17:30:00,Matchweek 14,Sat,Away,W,1,0,Nottingham,38,29404,James Tarkowski,4-4-1-1,4-3-3,Paul Tierney,/en/matches/0486198b/Nottingham-Forest-Everton-December-2-2023-Premier-League,
ENG-Premier League,2324,,2023-12-02 nan-Everton,2023-12-02,17:30:00,Matchweek 14,Sat,Home,L,0,1,Everton,62,29404,Ryan Yates,4-3-3,4-4-1-1,Paul Tierney,/en/matches/0486198b/Nottingham-Forest-Everton-December-2-2023-Premier-League,
ENG-Premier League,2324,,2023-12-02 nan-Luton Town,2023-12-02,15:00:00,Matchweek 14,Sat,Home,W,3,1,Luton Town,69,17075,Christian Nørgaard,4-3-3,3-4-3,Anthony Taylor,/en/matches/0f71f535/Brentford-Luton-Town-December-2-2023-Premier-League,
ENG-Premier League,2324,,2023-12-02 nan-Manchester Utd,2023-12-02,20:00:00,Matchweek 14,Sat,Home,W,1,0,Manchester Utd,58,52214,Jamaal Lascelles,4-3-3,4-2-3-1,Robert Jones,/en/matches/66a1f3ac/Newcastle-United-Manchester-United-December-2-2023-Premier-League,
ENG-Premier League,2324,,2023-12-02 nan-Sheffield United,2023-12-02,15:00:00,Matchweek 14,Sat,Home,W,5,0,Sheffield United,64,21478,Josh Brownhill,4-4-2,3-4-3,Chris Kavanagh,/en/matches/e2c53b0a/Burnley-Sheffield-United-December-2-2023-Premier-League,
ENG-Premier League,2324,,2023-12-02 nan-Wolves,2023-12-02,15:00:00,Matchweek 14,Sat,Home,W,2,1,Wolves,56,60262,Martin Ødegaard,4-3-3,3-5-2,Peter Bankes,/en/matches/6e65df8e/Arsenal-Wolverhampton-Wanderers-December-2-2023-Premier-League,
ENG-Premier League,2324,,2023-12-03 Bournemouth-nan,2023-12-03,14:00:00,Matchweek 14,Sun,Away,D,2,2,Bournemouth,63,11191,John McGinn,4-4-2,4-2-3-1,Thomas Bramall,/en/matches/19533403/Bournemouth-Aston-Villa-December-3-2023-Premier-League,
ENG-Premier League,2324,,2023-12-03 Chelsea-nan,2023-12-03,14:00:00,Matchweek 14,Sun,Away,L,2,3,Chelsea,68,39647,Adam Lallana,4-2-3-1,4-2-3-1,Craig Pawson,/en/matches/86b7d24f/Chelsea-Brighton-and-Hove-Albion-December-3-2023-Premier-League,
ENG-Premier League,2324,,2023-12-03 Liverpool-nan,2023-12-03,14:00:00,Matchweek 14,Sun,Away,L,3,4,Liverpool,38,50124,Tim Ream,4-2-3-1,4-3-3,Stuart Attwell,/en/matches/4b7e6f44/Liverpool-Fulham-December-3-2023-Premier-League,
ENG-Premier League,2324,,2023-12-03 Manchester City-nan,2023-12-03,16:30:00,Matchweek 14,Sun,Away,D,3,3,Manchester City,45,53473,Son Heung-min,4-2-3-1,3-2-4-1,Simon Hooper,/en/matches/0e39f016/Manchester-City-Tottenham-Hotspur-December-3-2023-Premier-League,
ENG-Premier League,2324,,2023-12-03 West Ham-nan,2023-12-03,14:00:00,Matchweek 14,Sun,Away,D,1,1,West Ham,45,62414,Joel Ward,4-2-3-1,4-2-3-1,Michael Oliver,/en/matches/f7fb8049/West-Ham-United-Crystal-Palace-December-3-2023-Premier-League,
ENG-Premier League,2324,,2023-12-03 nan-Aston Villa,2023-12-03,14:00:00,Matchweek 14,Sun,Home,D,2,2,Aston Villa,37,11191,Neto,4-2-3-1,4-4-2,Thomas Bramall,/en/matches/19533403/Bournemouth-Aston-Villa-December-3-2023-Premier-League,
ENG-Premier League,2324,,2023-12-03 nan-Brighton,2023-12-03,14:00:00,Matchweek 14,Sun,Home,W,3,2,Brighton,32,39647,Conor Gallagher,4-2-3-1,4-2-3-1,Craig Pawson,/en/matches/86b7d24f/Chelsea-Brighton-and-Hove-Albion-December-3-2023-Premier-League,
ENG-Premier League,2324,,2023-12-03 nan-Crystal Palace,2023-12-03,14:00:00,Matchweek 14,Sun,Home,D,1,1,Crystal Palace,55,62414,Tomáš Souček,4-2-3-1,4-2-3-1,Michael Oliver,/en/matches/f7fb8049/West-Ham-United-Crystal-Palace-December-3-2023-Premier-League,
ENG-Premier League,2324,,2023-12-03 nan-Fulham,2023-12-03,14:00:00,Matchweek 14,Sun,Home,W,4,3,Fulham,62,50124,Virgil van Dijk,4-3-3,4-2-3-1,Stuart Attwell,/en/matches/4b7e6f44/Liverpool-Fulham-December-3-2023-Premier-League,
ENG-Premier League,2324,,2023-12-03 nan-Tottenham,2023-12-03,16:30:00,Matchweek 14,Sun,Home,D,3,3,Tottenham,55,53473,Kyle Walker,3-2-4-1,4-2-3-1,Simon Hooper,/en/matches/0e39f016/Manchester-City-Tottenham-Hotspur-December-3-2023-Premier-League,
ENG-Premier League,2324,,2023-12-05 Luton Town-nan,2023-12-05,20:15:00,Matchweek 15,Tue,Away,W,4,3,Luton Town,67,11031,Martin Ødegaard,4-3-3,3-4-3,Samuel Barrott,/en/matches/dd3a5afc/Luton-Town-Arsenal-December-5-2023-Premier-League,
ENG-Premier League,2324,,2023-12-05 Wolves-nan,2023-12-05,19:30:00,Matchweek 15,Tue,Away,L,0,1,Wolves,49,30439,Josh Brownhill,4-4-2,3-4-3,Jarred Gillett,/en/matches/a52ffb27/Wolverhampton-Wanderers-Burnley-December-5-2023-Premier-League,
ENG-Premier League,2324,,2023-12-05 nan-Arsenal,2023-12-05,20:15:00,Matchweek 15,Tue,Home,L,3,4,Arsenal,33,11031,Pelly Ruddock Mpanzu,3-4-3,4-3-3,Samuel Barrott,/en/matches/dd3a5afc/Luton-Town-Arsenal-December-5-2023-Premier-League,
ENG-Premier League,2324,,2023-12-05 nan-Burnley,2023-12-05,19:30:00,Matchweek 15,Tue,Home,W,1,0,Burnley,51,30439,Max Kilman,3-4-3,4-4-2,Jarred Gillett,/en/matches/a52ffb27/Wolverhampton-Wanderers-Burnley-December-5-2023-Premier-League,
ENG-Premier League,2324,,2023-12-06 Aston Villa-nan,2023-12-06,20:15:00,Matchweek 15,Wed,Away,L,0,1,Aston Villa,54,41421,Kyle Walker,3-2-4-1,4-4-1-1,John Brooks,/en/matches/0ad90506/Aston-Villa-Manchester-City-December-6-2023-Premier-League,
ENG-Premier League,2324,,2023-12-06 Brighton-nan,2023-12-06,19:30:00,Matchweek 15,Wed,Away,L,1,2,Brighton,39,31571,Vitaly Janelt,4-4-2,4-2-3-1,Peter Bankes,/en/matches/75d21da8/Brighton-and-Hove-Albion-Brentford-December-6-2023-Premier-League,
ENG-Premier League,2324,,2023-12-06 Crystal Palace-nan,2023-12-06,19:30:00,Matchweek 15,Wed,Away,W,2,0,Crystal Palace,41,25078,Neto,4-2-3-1,4-2-3-1,Craig Pawson,/en/matches/09909bf8/Crystal-Palace-Bournemouth-December-6-2023-Premier-League,
ENG-Premier League,2324,,2023-12-06 Fulham-nan,2023-12-06,19:30:00,Matchweek 15,Wed,Away,L,0,5,Fulham,36,24105,Felipe,4-2-3-1,4-2-3-1,Joshua Smith,/en/matches/fd5606da/Fulham-Nottingham-Forest-December-6-2023-Premier-League,
ENG-Premier League,2324,,2023-12-06 Manchester Utd-nan,2023-12-06,20:15:00,Matchweek 15,Wed,Away,L,1,2,Manchester Utd,55,73607,Levi Colwill,4-2-3-1,4-2-3-1,Chris Kavanagh,/en/matches/49f486f6/Manchester-United-Chelsea-December-6-2023-Premier-League,
ENG-Premier League,2324,,2023-12-06 Sheffield United-nan,2023-12-06,19:30:00,Matchweek 15,Wed,Away,W,2,0,Sheffield United,76,31406,Virgil van Dijk,4-3-3,3-4-3,Simon Hooper,/en/matches/01aca132/Sheffield-United-Liverpool-December-6-2023-Premier-League,
ENG-Premier League,2324,,2023-12-06 nan-Bournemouth,2023-12-06,19:30:00,Matchweek 15,Wed,Home,L,0,2,Bournemouth,59,25078,Joel Ward,4-2-3-1,4-2-3-1,Craig Pawson,/en/matches/09909bf8/Crystal-Palace-Bournemouth-December-6-2023-Premier-League,
ENG-Premier League,2324,,2023-12-06 nan-Brentford,2023-12-06,19:30:00,Matchweek 15,Wed,Home,W,2,1,Brentford,62,31571,Pascal Groß,4-2-3-1,4-4-2,Peter Bankes,/en/matches/75d21da8/Brighton-and-Hove-Albion-Brentford-December-6-2023-Premier-League,
ENG-Premier League,2324,,2023-12-06 nan-Chelsea,2023-12-06,20:15:00,Matchweek 15,Wed,Home,W,2,1,Chelsea,45,73607,Bruno Fernandes,4-2-3-1,4-2-3-1,Chris Kavanagh,/en/matches/49f486f6/Manchester-United-Chelsea-December-6-2023-Premier-League,
ENG-Premier League,2324,,2023-12-06 nan-Liverpool,2023-12-06,19:30:00,Matchweek 15,Wed,Home,L,0,2,Liverpool,24,31406,Anel Ahmedhodžić,3-4-3,4-3-3,Simon Hooper,/en/matches/01aca132/Sheffield-United-Liverpool-December-6-2023-Premier-League,
ENG-Premier League,2324,,2023-12-06 nan-Manchester City,2023-12-06,20:15:00,Matchweek 15,Wed,Home,W,1,0,Manchester City,46,41421,John McGinn,4-4-1-1,3-2-4-1,John Brooks,/en/matches/0ad90506/Aston-Villa-Manchester-City-December-6-2023-Premier-League,
ENG-Premier League,2324,,2023-12-06 nan-Nottingham,2023-12-06,19:30:00,Matchweek 15,Wed,Home,W,5,0,Nottingham,64,24105,Tom Cairney,4-2-3-1,4-2-3-1,Joshua Smith,/en/matches/fd5606da/Fulham-Nottingham-Forest-December-6-2023-Premier-League,
ENG-Premier League,2324,,2023-12-07 Everton-nan,2023-12-07,19:30:00,Matchweek 15,Thu,Away,L,0,3,Everton,61,38198,Jamaal Lascelles,4-3-3,4-4-1-1,Tim Robinson,/en/matches/2fe9d766/Everton-Newcastle-United-December-7-2023-Premier-League,
ENG-Premier League,2324,,2023-12-07 Tottenham-nan,2023-12-07,20:15:00,Matchweek 15,Thu,Away,W,2,1,Tottenham,25,61171,Kurt Zouma,4-3-3,4-2-3-1,Michael Salisbury,/en/matches/200af033/Tottenham-Hotspur-West-Ham-United-December-7-2023-Premier-League,
ENG-Premier League,2324,,2023-12-07 nan-Newcastle,2023-12-07,19:30:00,Matchweek 15,Thu,Home,W,3,0,Newcastle,39,38198,Séamus Coleman,4-4-1-1,4-3-3,Tim Robinson,/en/matches/2fe9d766/Everton-Newcastle-United-December-7-2023-Premier-League,
ENG-Premier League,2324,,2023-12-07 nan-West Ham,2023-12-07,20:15:00,Matchweek 15,Thu,Home,L,1,2,West Ham,75,61171,Son Heung-min,4-2-3-1,4-3-3,Michael Salisbury,/en/matches/200af033/Tottenham-Hotspur-West-Ham-United-December-7-2023-Premier-League,
ENG-Premier League,2324,,2023-12-09 Aston Villa-nan,2023-12-09,17:30:00,Matchweek 16,Sat,Away,L,0,1,Aston Villa,61,42000,Martin Ødegaard,4-3-3,4-4-1-1,Jarred Gillett,/en/matches/8cf29e50/Aston-Villa-Arsenal-December-9-2023-Premier-League,
ENG-Premier League,2324,,2023-12-09 Brighton-nan,2023-12-09,15:00:00,Matchweek 16,Sat,Away,D,1,1,Brighton,29,31511,Josh Brownhill,4-4-2,4-2-3-1,Simon Hooper,/en/matches/ab18fa97/Brighton-and-Hove-Albion-Burnley-December-9-2023-Premier-League,
ENG-Premier League,2324,,2023-12-09 Crystal Palace-nan,2023-12-09,12:30:00,Matchweek 16,Sat,Away,W,2,1,Crystal Palace,76,25103,Virgil van Dijk,4-3-3,4-3-3,Andy Madley,/en/matches/a1b18af3/Crystal-Palace-Liverpool-December-9-2023-Premier-League,
ENG-Premier League,2324,,2023-12-09 Manchester Utd-nan,2023-12-09,15:00:00,Matchweek 16,Sat,Away,W,3,0,Manchester Utd,31,73427,Neto,4-2-3-1,4-2-3-1,Peter Bankes,/en/matches/0760a568/Manchester-United-Bournemouth-December-9-2023-Premier-League,
ENG-Premier League,2324,,2023-12-09 Sheffield United-nan,2023-12-09,15:00:00,Matchweek 16,Sat,Away,L,0,1,Sheffield United,60,28509,Christian Nørgaard,4-3-3,4-1-4-1,Stuart Attwell,/en/matches/e268f518/Sheffield-United-Brentford-December-9-2023-Premier-League,
ENG-Premier League,2324,,2023-12-09 Wolves-nan,2023-12-09,15:00:00,Matchweek 16,Sat,Away,D,1,1,Wolves,32,31543,Ryan Yates,3-5-2,3-4-3,Samuel Barrott,/en/matches/8c8fdba5/Wolverhampton-Wanderers-Nottingham-Forest-December-9-2023-Premier-League,
ENG-Premier League,2324,,2023-12-09 nan-Arsenal,2023-12-09,17:30:00,Matchweek 16,Sat,Home,W,1,0,Arsenal,39,42000,John McGinn,4-4-1-1,4-3-3,Jarred Gillett,/en/matches/8cf29e50/Aston-Villa-Arsenal-December-9-2023-Premier-League,
ENG-Premier League,2324,,2023-12-09 nan-Bournemouth,2023-12-09,15:00:00,Matchweek 16,Sat,Home,L,0,3,Bournemouth,69,73427,Bruno Fernandes,4-2-3-1,4-2-3-1,Peter Bankes,/en/matches/0760a568/Manchester-United-Bournemouth-December-9-2023-Premier-League,
ENG-Premier League,2324,,2023-12-09 nan-Brentford,2023-12-09,15:00:00,Matchweek 16,Sat,Home,W,1,0,Brentford,40,28509,Anel Ahmedhodžić,4-1-4-1,4-3-3,Stuart Attwell,/en/matches/e268f518/Sheffield-United-Brentford-December-9-2023-Premier-League,
ENG-Premier League,2324,,2023-12-09 nan-Burnley,2023-12-09,15:00:00,Matchweek 16,Sat,Home,D,1,1,Burnley,71,31511,Lewis Dunk,4-2-3-1,4-4-2,Simon Hooper,/en/matches/ab18fa97/Brighton-and-Hove-Albion-Burnley-December-9-2023-Premier-League,
ENG-Premier League,2324,,2023-12-09 nan-Liverpool,2023-12-09,12:30:00,Matchweek 16,Sat,Home,L,1,2,Liverpool,24,25103,Joel Ward,4-3-3,4-3-3,Andy Madley,/en/matches/a1b18af3/Crystal-Palace-Liverpool-December-9-2023-Premier-League,
ENG-Premier League,2324,,2023-12-09 nan-Nottingham,2023-12-09,15:00:00,Matchweek 16,Sat,Home,D,1,1,Nottingham,68,31543,Max Kilman,3-4-3,3-5-2,Samuel Barrott,/en/matches/8c8fdba5/Wolverhampton-Wanderers-Nottingham-Forest-December-9-2023-Premier-League,
ENG-Premier League,2324,,2023-12-10 Everton-nan,2023-12-10,14:00:00,Matchweek 16,Sun,Away,L,0,2,Everton,72,39280,Reece James,4-2-3-1,4-4-1-1,Michael Oliver,/en/matches/953b5f9b/Everton-Chelsea-December-10-2023-Premier-League,
ENG-Premier League,2324,,2023-12-10 Fulham-nan,2023-12-10,14:00:00,Matchweek 16,Sun,Away,L,0,5,Fulham,37,23988,Kurt Zouma,4-4-1-1,4-2-3-1,Paul Tierney,/en/matches/d3dd23fb/Fulham-West-Ham-United-December-10-2023-Premier-League,
ENG-Premier League,2324,,2023-12-10 Luton Town-nan,2023-12-10,14:00:00,Matchweek 16,Sun,Away,W,2,1,Luton Town,66,11047,Kyle Walker,4-2-3-1,3-4-3,Tim Robinson,/en/matches/f6155857/Luton-Town-Manchester-City-December-10-2023-Premier-League,
ENG-Premier League,2324,,2023-12-10 Tottenham-nan,2023-12-10,16:30:00,Matchweek 16,Sun,Away,L,1,4,Tottenham,43,61171,Jamaal Lascelles,4-3-3,4-2-3-1,Chris Kavanagh,/en/matches/be6d1aac/Tottenham-Hotspur-Newcastle-United-December-10-2023-Premier-League,
ENG-Premier League,2324,,2023-12-10 nan-Chelsea,2023-12-10,14:00:00,Matchweek 16,Sun,Home,W,2,0,Chelsea,28,39280,James Tarkowski,4-4-1-1,4-2-3-1,Michael Oliver,/en/matches/953b5f9b/Everton-Chelsea-December-10-2023-Premier-League,
ENG-Premier League,2324,,2023-12-10 nan-Manchester City,2023-12-10,14:00:00,Matchweek 16,Sun,Home,L,1,2,Manchester City,35,11047,Tom Lockyer,3-4-3,4-2-3-1,Tim Robinson,/en/matches/f6155857/Luton-Town-Manchester-City-December-10-2023-Premier-League,
ENG-Premier League,2324,,2023-12-10 nan-Newcastle,2023-12-10,16:30:00,Matchweek 16,Sun,Home,W,4,1,Newcastle,57,61171,Son Heung-min,4-2-3-1,4-3-3,Chris Kavanagh,/en/matches/be6d1aac/Tottenham-Hotspur-Newcastle-United-December-10-2023-Premier-League,
ENG-Premier League,2324,,2023-12-10 nan-West Ham,2023-12-10,14:00:00,Matchweek 16,Sun,Home,W,5,0,West Ham,63,23988,Tom Cairney,4-2-3-1,4-4-1-1,Paul Tierney,/en/matches/d3dd23fb/Fulham-West-Ham-United-December-10-2023-Premier-League,
ENG-Premier League,2324,,2023-12-15 Nottingham-nan,2023-12-15,20:00:00,Matchweek 17,Fri,Away,W,2,0,Nottingham,67,29296,Son Heung-min,4-2-3-1,3-5-2,Jarred Gillett,/en/matches/4d9f1a71/Nottingham-Forest-Tottenham-Hotspur-December-15-2023-Premier-League,
ENG-Premier League,2324,,2023-12-15 nan-Tottenham,2023-12-15,20:00:00,Matchweek 17,Fri,Home,L,0,2,Tottenham,33,29296,Ryan Yates,3-5-2,4-2-3-1,Jarred Gillett,/en/matches/4d9f1a71/Nottingham-Forest-Tottenham-Hotspur-December-15-2023-Premier-League,
ENG-Premier League,2324,,2023-12-16 Burnley-nan,2023-12-16,17:30:00,Matchweek 17,Sat,Away,W,2,0,Burnley,38,21413,James Tarkowski,5-4-1,4-4-2,Anthony Taylor,/en/matches/01904d1d/Burnley-Everton-December-16-2023-Premier-League,
ENG-Premier League,2324,,2023-12-16 Chelsea-nan,2023-12-16,15:00:00,Matchweek 17,Sat,Away,L,0,2,Chelsea,22,39599,Anel Ahmedhodžić,4-1-4-1,4-2-3-1,Andy Madley,/en/matches/3bbbaf15/Chelsea-Sheffield-United-December-16-2023-Premier-League,
ENG-Premier League,2324,,2023-12-16 Manchester City-nan,2023-12-16,15:00:00,Matchweek 17,Sat,Away,D,2,2,Manchester City,26,53248,Joel Ward,5-4-1,4-2-3-1,Paul Tierney,/en/matches/30f3e1ee/Manchester-City-Crystal-Palace-December-16-2023-Premier-League,
ENG-Premier League,2324,,2023-12-16 Newcastle-nan,2023-12-16,15:00:00,Matchweek 17,Sat,Away,L,0,3,Newcastle,29,52055,Tom Cairney,4-2-3-1,4-3-3,Samuel Barrott,/en/matches/5db0f25b/Newcastle-United-Fulham-December-16-2023-Premier-League,
ENG-Premier League,2324,,2023-12-16 nan-Crystal Palace,2023-12-16,15:00:00,Matchweek 17,Sat,Home,D,2,2,Crystal Palace,74,53248,Kyle Walker,4-2-3-1,5-4-1,Paul Tierney,/en/matches/30f3e1ee/Manchester-City-Crystal-Palace-December-16-2023-Premier-League,
ENG-Premier League,2324,,2023-12-16 nan-Everton,2023-12-16,17:30:00,Matchweek 17,Sat,Home,L,0,2,Everton,62,21413,Josh Brownhill,4-4-2,5-4-1,Anthony Taylor,/en/matches/01904d1d/Burnley-Everton-December-16-2023-Premier-League,
ENG-Premier League,2324,,2023-12-16 nan-Fulham,2023-12-16,15:00:00,Matchweek 17,Sat,Home,W,3,0,Fulham,71,52055,Jamaal Lascelles,4-3-3,4-2-3-1,Samuel Barrott,/en/matches/5db0f25b/Newcastle-United-Fulham-December-16-2023-Premier-League,
ENG-Premier League,2324,,2023-12-16 nan-Sheffield United,2023-12-16,15:00:00,Matchweek 17,Sat,Home,W,2,0,Sheffield United,78,39599,Conor Gallagher,4-2-3-1,4-1-4-1,Andy Madley,/en/matches/3bbbaf15/Chelsea-Sheffield-United-December-16-2023-Premier-League,
ENG-Premier League,2324,,2023-12-17 Arsenal-nan,2023-12-17,14:00:00,Matchweek 17,Sun,Away,L,0,2,Arsenal,51,60257,Lewis Dunk,4-2-3-1,4-3-3,Tim Robinson,/en/matches/e3a46a4e/Arsenal-Brighton-and-Hove-Albion-December-17-2023-Premier-League,
ENG-Premier League,2324,,2023-12-17 Brentford-nan,2023-12-17,14:00:00,Matchweek 17,Sun,Away,W,2,1,Brentford,68,17034,John McGinn,3-5-2,3-5-2,David Coote,/en/matches/4a3af0ab/Brentford-Aston-Villa-December-17-2023-Premier-League,
ENG-Premier League,2324,,2023-12-17 Liverpool-nan,2023-12-17,16:30:00,Matchweek 17,Sun,Away,D,0,0,Liverpool,31,57158,Scott McTominay,4-2-3-1,4-3-3,Michael Oliver,/en/matches/18e98d77/North-West-Derby-Liverpool-Manchester-United-December-17-2023-Premier-League,
ENG-Premier League,2324,,2023-12-17 West Ham-nan,2023-12-17,14:00:00,Matchweek 17,Sun,Away,L,0,3,West Ham,56,62455,Max Kilman,3-4-3,4-2-3-1,Chris Kavanagh,/en/matches/5f5bc7b3/West-Ham-United-Wolverhampton-Wanderers-December-17-2023-Premier-League,
ENG-Premier League,2324,,2023-12-17 nan-Aston Villa,2023-12-17,14:00:00,Matchweek 17,Sun,Home,L,1,2,Aston Villa,32,17034,Christian Nørgaard,3-5-2,3-5-2,David Coote,/en/matches/4a3af0ab/Brentford-Aston-Villa-December-17-2023-Premier-League,
ENG-Premier League,2324,,2023-12-17 nan-Brighton,2023-12-17,14:00:00,Matchweek 17,Sun,Home,W,2,0,Brighton,50,60257,Martin Ødegaard,4-3-3,4-2-3-1,Tim Robinson,/en/matches/e3a46a4e/Arsenal-Brighton-and-Hove-Albion-December-17-2023-Premier-League,
ENG-Premier League,2324,,2023-12-17 nan-Manchester Utd,2023-12-17,16:30:00,Matchweek 17,Sun,Home,D,0,0,Manchester Utd,69,57158,Virgil van Dijk,4-3-3,4-2-3-1,Michael Oliver,/en/matches/18e98d77/North-West-Derby-Liverpool-Manchester-United-December-17-2023-Premier-League,
ENG-Premier League,2324,,2023-12-17 nan-Wolves,2023-12-17,14:00:00,Matchweek 17,Sun,Home,W,3,0,Wolves,44,62455,Kurt Zouma,4-2-3-1,3-4-3,Chris Kavanagh,/en/matches/5f5bc7b3/West-Ham-United-Wolverhampton-Wanderers-December-17-2023-Premier-League,
ENG-Premier League,2324,,2023-12-21 Crystal Palace-nan,2023-12-21,20:00:00,Matchweek 18,Thu,Away,D,1,1,Crystal Palace,66,24171,Lewis Dunk,4-2-3-1,4-3-3,John Brooks,/en/matches/7340be7a/Crystal-Palace-Brighton-and-Hove-Albion-December-21-2023-Premier-League,
ENG-Premier League,2324,,2023-12-21 nan-Brighton,2023-12-21,20:00:00,Matchweek 18,Thu,Home,D,1,1,Brighton,35,24171,Marc Guéhi,4-3-3,4-2-3-1,John Brooks,/en/matches/7340be7a/Crystal-Palace-Brighton-and-Hove-Albion-December-21-2023-Premier-League,
ENG-Premier League,2324,,2023-12-22 Aston Villa-nan,2023-12-22,20:00:00,Matchweek 18,Fri,Away,D,1,1,Aston Villa,22,41651,Jack Robinson,3-4-3,4-4-1-1,Anthony Taylor,/en/matches/37916998/Aston-Villa-Sheffield-United-December-22-2023-Premier-League,
ENG-Premier League,2324,,2023-12-22 nan-Sheffield United,2023-12-22,20:00:00,Matchweek 18,Fri,Home,D,1,1,Sheffield United,78,41651,John McGinn,4-4-1-1,3-4-3,Anthony Taylor,/en/matches/37916998/Aston-Villa-Sheffield-United-December-22-2023-Premier-League,
ENG-Premier League,2324,,2023-12-23 Fulham-nan,2023-12-23,15:00:00,Matchweek 18,Sat,Away,W,2,0,Fulham,34,23598,Josh Brownhill,4-4-2,4-2-3-1,Rebecca Welch,/en/matches/7dd3c51a/Fulham-Burnley-December-23-2023-Premier-League,
ENG-Premier League,2324,,2023-12-23 Liverpool-nan,2023-12-23,17:30:00,Matchweek 18,Sat,Away,D,1,1,Liverpool,49,57548,Martin Ødegaard,4-3-3,4-3-3,Chris Kavanagh,/en/matches/bfbfbbe8/Liverpool-Arsenal-December-23-2023-Premier-League,
ENG-Premier League,2324,,2023-12-23 Luton Town-nan,2023-12-23,15:00:00,Matchweek 18,Sat,Away,L,0,1,Luton Town,65,11042,Jamaal Lascelles,4-3-3,3-4-3,Darren England,/en/matches/46bfb645/Luton-Town-Newcastle-United-December-23-2023-Premier-League,
ENG-Premier League,2324,,2023-12-23 Nottingham-nan,2023-12-23,15:00:00,Matchweek 18,Sat,Away,W,3,2,Nottingham,68,29188,Neto,4-2-3-1,4-2-3-1,Robert Jones,/en/matches/c5548935/Nottingham-Forest-Bournemouth-December-23-2023-Premier-League,
ENG-Premier League,2324,,2023-12-23 Tottenham-nan,2023-12-23,15:00:00,Matchweek 18,Sat,Away,L,1,2,Tottenham,40,61808,James Tarkowski,4-2-3-1,4-2-3-1,Stuart Attwell,/en/matches/849071fe/Tottenham-Hotspur-Everton-December-23-2023-Premier-League,
ENG-Premier League,2324,,2023-12-23 West Ham-nan,2023-12-23,12:30:00,Matchweek 18,Sat,Away,L,0,2,West Ham,65,64472,Bruno Fernandes,4-2-3-1,4-2-3-1,Simon Hooper,/en/matches/328777ed/West-Ham-United-Manchester-United-December-23-2023-Premier-League,
ENG-Premier League,2324,,2023-12-23 nan-Arsenal,2023-12-23,17:30:00,Matchweek 18,Sat,Home,D,1,1,Arsenal,51,57548,Virgil van Dijk,4-3-3,4-3-3,Chris Kavanagh,/en/matches/bfbfbbe8/Liverpool-Arsenal-December-23-2023-Premier-League,
ENG-Premier League,2324,,2023-12-23 nan-Bournemouth,2023-12-23,15:00:00,Matchweek 18,Sat,Home,L,2,3,Bournemouth,32,29188,Ryan Yates,4-2-3-1,4-2-3-1,Robert Jones,/en/matches/c5548935/Nottingham-Forest-Bournemouth-December-23-2023-Premier-League,
ENG-Premier League,2324,,2023-12-23 nan-Burnley,2023-12-23,15:00:00,Matchweek 18,Sat,Home,L,0,2,Burnley,66,23598,Tom Cairney,4-2-3-1,4-4-2,Rebecca Welch,/en/matches/7dd3c51a/Fulham-Burnley-December-23-2023-Premier-League,
ENG-Premier League,2324,,2023-12-23 nan-Everton,2023-12-23,15:00:00,Matchweek 18,Sat,Home,W,2,1,Everton,61,61808,Son Heung-min,4-2-3-1,4-2-3-1,Stuart Attwell,/en/matches/849071fe/Tottenham-Hotspur-Everton-December-23-2023-Premier-League,
ENG-Premier League,2324,,2023-12-23 nan-Manchester Utd,2023-12-23,12:30:00,Matchweek 18,Sat,Home,W,2,0,Manchester Utd,35,64472,Kurt Zouma,4-2-3-1,4-2-3-1,Simon Hooper,/en/matches/328777ed/West-Ham-United-Manchester-United-December-23-2023-Premier-League,
ENG-Premier League,2324,,2023-12-23 nan-Newcastle,2023-12-23,15:00:00,Matchweek 18,Sat,Home,W,1,0,Newcastle,35,11042,Amari'i Bell,3-4-3,4-3-3,Darren England,/en/matches/46bfb645/Luton-Town-Newcastle-United-December-23-2023-Premier-League,
ENG-Premier League,2324,,2023-12-24 Wolves-nan,2023-12-24,13:00:00,Matchweek 18,Sun,Away,L,1,2,Wolves,69,31641,Conor Gallagher,4-2-3-1,3-4-3,David Coote,/en/matches/8c0b314c/Wolverhampton-Wanderers-Chelsea-December-24-2023-Premier-League,
ENG-Premier League,2324,,2023-12-24 nan-Chelsea,2023-12-24,13:00:00,Matchweek 18,Sun,Home,W,2,1,Chelsea,32,31641,Max Kilman,3-4-3,4-2-3-1,David Coote,/en/matches/8c0b314c/Wolverhampton-Wanderers-Chelsea-December-24-2023-Premier-League,
ENG-Premier League,2324,,2023-12-26 Bournemouth-nan,2023-12-26,15:00:00,Matchweek 19,Tue,Away,L,0,3,Bournemouth,58,11099,Tom Cairney,4-2-3-1,4-2-3-1,Tim Robinson,/en/matches/331c942d/Bournemouth-Fulham-December-26-2023-Premier-League,
ENG-Premier League,2324,,2023-12-26 Burnley-nan,2023-12-26,17:30:00,Matchweek 19,Tue,Away,W,2,0,Burnley,69,21624,Virgil van Dijk,4-3-3,4-4-2,Paul Tierney,/en/matches/c0904954/Burnley-Liverpool-December-26-2023-Premier-League,
ENG-Premier League,2324,,2023-12-26 Manchester Utd-nan,2023-12-26,20:00:00,Matchweek 19,Tue,Away,L,2,3,Manchester Utd,54,73574,John McGinn,4-2-3-1,4-2-3-1,Craig Pawson,/en/matches/83709fdf/Manchester-United-Aston-Villa-December-26-2023-Premier-League,
ENG-Premier League,2324,,2023-12-26 Newcastle-nan,2023-12-26,12:30:00,Matchweek 19,Tue,Away,W,3,1,Newcastle,38,52207,Morgan Gibbs-White,4-2-3-1,4-3-3,Chris Kavanagh,/en/matches/f22a20f0/Newcastle-United-Nottingham-Forest-December-26-2023-Premier-League,
ENG-Premier League,2324,,2023-12-26 Sheffield United-nan,2023-12-26,15:00:00,Matchweek 19,Tue,Away,W,3,2,Sheffield United,49,31041,Amari'i Bell,3-4-3,4-4-2,Samuel Allison,/en/matches/6269b2e3/Sheffield-United-Luton-Town-December-26-2023-Premier-League,
ENG-Premier League,2324,,2023-12-26 nan-Aston Villa,2023-12-26,20:00:00,Matchweek 19,Tue,Home,W,3,2,Aston Villa,46,73574,Bruno Fernandes,4-2-3-1,4-2-3-1,Craig Pawson,/en/matches/83709fdf/Manchester-United-Aston-Villa-December-26-2023-Premier-League,
ENG-Premier League,2324,,2023-12-26 nan-Fulham,2023-12-26,15:00:00,Matchweek 19,Tue,Home,W,3,0,Fulham,42,11099,Neto,4-2-3-1,4-2-3-1,Tim Robinson,/en/matches/331c942d/Bournemouth-Fulham-December-26-2023-Premier-League,
ENG-Premier League,2324,,2023-12-26 nan-Liverpool,2023-12-26,17:30:00,Matchweek 19,Tue,Home,L,0,2,Liverpool,31,21624,Josh Brownhill,4-4-2,4-3-3,Paul Tierney,/en/matches/c0904954/Burnley-Liverpool-December-26-2023-Premier-League,
ENG-Premier League,2324,,2023-12-26 nan-Luton Town,2023-12-26,15:00:00,Matchweek 19,Tue,Home,L,2,3,Luton Town,51,31041,Anel Ahmedhodžić,4-4-2,3-4-3,Samuel Allison,/en/matches/6269b2e3/Sheffield-United-Luton-Town-December-26-2023-Premier-League,
ENG-Premier League,2324,,2023-12-26 nan-Nottingham,2023-12-26,12:30:00,Matchweek 19,Tue,Home,L,1,3,Nottingham,62,52207,Kieran Trippier,4-3-3,4-2-3-1,Chris Kavanagh,/en/matches/f22a20f0/Newcastle-United-Nottingham-Forest-December-26-2023-Premier-League,
ENG-Premier League,2324,,2023-12-27 Brentford-nan,2023-12-27,19:30:00,Matchweek 19,Wed,Away,W,4,1,Brentford,40,17109,Max Kilman,3-4-3,4-3-3,Andy Madley,/en/matches/ea28d527/Brentford-Wolverhampton-Wanderers-December-27-2023-Premier-League,
ENG-Premier League,2324,,2023-12-27 Chelsea-nan,2023-12-27,19:30:00,Matchweek 19,Wed,Away,L,1,2,Chelsea,36,39618,Marc Guéhi,4-3-3,4-2-3-1,Michael Salisbury,/en/matches/2bfb6552/Chelsea-Crystal-Palace-December-27-2023-Premier-League,
ENG-Premier League,2324,,2023-12-27 Everton-nan,2023-12-27,20:15:00,Matchweek 19,Wed,Away,W,3,1,Everton,72,39327,Kyle Walker,4-2-3-1,4-2-3-1,John Brooks,/en/matches/b9f69f01/Everton-Manchester-City-December-27-2023-Premier-League,
ENG-Premier League,2324,,2023-12-27 nan-Crystal Palace,2023-12-27,19:30:00,Matchweek 19,Wed,Home,W,2,1,Crystal Palace,64,39618,Conor Gallagher,4-2-3-1,4-3-3,Michael Salisbury,/en/matches/2bfb6552/Chelsea-Crystal-Palace-December-27-2023-Premier-League,
ENG-Premier League,2324,,2023-12-27 nan-Manchester City,2023-12-27,20:15:00,Matchweek 19,Wed,Home,L,1,3,Manchester City,28,39327,James Tarkowski,4-2-3-1,4-2-3-1,John Brooks,/en/matches/b9f69f01/Everton-Manchester-City-December-27-2023-Premier-League,
ENG-Premier League,2324,,2023-12-27 nan-Wolves,2023-12-27,19:30:00,Matchweek 19,Wed,Home,L,1,4,Wolves,60,17109,Christian Nørgaard,4-3-3,3-4-3,Andy Madley,/en/matches/ea28d527/Brentford-Wolverhampton-Wanderers-December-27-2023-Premier-League,
ENG-Premier League,2324,,2023-12-28 Arsenal-nan,2023-12-28,20:15:00,Matchweek 19,Thu,Away,W,2,0,Arsenal,26,60261,Angelo Ogbonna,4-2-3-1,4-3-3,Michael Oliver,/en/matches/ba570015/Arsenal-West-Ham-United-December-28-2023-Premier-League,
ENG-Premier League,2324,,2023-12-28 Brighton-nan,2023-12-28,19:30:00,Matchweek 19,Thu,Away,L,2,4,Brighton,54,31675,Son Heung-min,4-2-3-1,4-4-2,Jarred Gillett,/en/matches/3e2e9248/Brighton-and-Hove-Albion-Tottenham-Hotspur-December-28-2023-Premier-League,
ENG-Premier League,2324,,2023-12-28 nan-Tottenham,2023-12-28,19:30:00,Matchweek 19,Thu,Home,W,4,2,Tottenham,46,31675,Lewis Dunk,4-4-2◆,4-2-3-1,Jarred Gillett,/en/matches/3e2e9248/Brighton-and-Hove-Albion-Tottenham-Hotspur-December-28-2023-Premier-League,
ENG-Premier League,2324,,2023-12-28 nan-West Ham,2023-12-28,20:15:00,Matchweek 19,Thu,Home,L,0,2,West Ham,74,60261,Martin Ødegaard,4-3-3,4-2-3-1,Michael Oliver,/en/matches/ba570015/Arsenal-West-Ham-United-December-28-2023-Premier-League,
ENG-Premier League,2324,,2023-12-30 Aston Villa-nan,2023-12-30,15:00:00,Matchweek 20,Sat,Away,L,2,3,Aston Villa,35,41613,Josh Brownhill,4-4-2,4-4-1-1,Stuart Attwell,/en/matches/2828c5bc/Aston-Villa-Burnley-December-30-2023-Premier-League,
ENG-Premier League,2324,,2023-12-30 Crystal Palace-nan,2023-12-30,15:00:00,Matchweek 20,Sat,Away,L,1,3,Crystal Palace,52,25472,Christian Nørgaard,3-5-2,4-3-3,Robert Jones,/en/matches/e9d5dd9b/Crystal-Palace-Brentford-December-30-2023-Premier-League,
ENG-Premier League,2324,,2023-12-30 Luton Town-nan,2023-12-30,12:30:00,Matchweek 20,Sat,Away,W,3,2,Luton Town,49,11041,Conor Gallagher,4-2-3-1,3-4-3,Paul Tierney,/en/matches/8e04572c/Luton-Town-Chelsea-December-30-2023-Premier-League,
ENG-Premier League,2324,,2023-12-30 Manchester City-nan,2023-12-30,15:00:00,Matchweek 20,Sat,Away,L,0,2,Manchester City,18,53108,Jack Robinson,3-4-3,4-2-3-1,David Coote,/en/matches/aefd7405/Manchester-City-Sheffield-United-December-30-2023-Premier-League,
ENG-Premier League,2324,,2023-12-30 Nottingham-nan,2023-12-30,17:30:00,Matchweek 20,Sat,Away,L,1,2,Nottingham,54,29529,Bruno Fernandes,4-2-3-1,4-2-3-1,Tim Robinson,/en/matches/1aa68cba/Nottingham-Forest-Manchester-United-December-30-2023-Premier-League,
ENG-Premier League,2324,,2023-12-30 Wolves-nan,2023-12-30,15:00:00,Matchweek 20,Sat,Away,L,0,3,Wolves,47,31639,James Tarkowski,5-4-1,3-4-3,Thomas Bramall,/en/matches/7dfc59ca/Wolverhampton-Wanderers-Everton-December-30-2023-Premier-League,
ENG-Premier League,2324,,2023-12-30 nan-Brentford,2023-12-30,15:00:00,Matchweek 20,Sat,Home,W,3,1,Brentford,48,25472,Marc Guéhi,4-3-3,3-5-2,Robert Jones,/en/matches/e9d5dd9b/Crystal-Palace-Brentford-December-30-2023-Premier-League,
ENG-Premier League,2324,,2023-12-30 nan-Burnley,2023-12-30,15:00:00,Matchweek 20,Sat,Home,W,3,2,Burnley,65,41613,John McGinn,4-4-1-1,4-4-2,Stuart Attwell,/en/matches/2828c5bc/Aston-Villa-Burnley-December-30-2023-Premier-League,
ENG-Premier League,2324,,2023-12-30 nan-Chelsea,2023-12-30,12:30:00,Matchweek 20,Sat,Home,L,2,3,Chelsea,52,11041,Amari'i Bell,3-4-3,4-2-3-1,Paul Tierney,/en/matches/8e04572c/Luton-Town-Chelsea-December-30-2023-Premier-League,
ENG-Premier League,2324,,2023-12-30 nan-Everton,2023-12-30,15:00:00,Matchweek 20,Sat,Home,W,3,0,Everton,53,31639,Max Kilman,3-4-3,5-4-1,Thomas Bramall,/en/matches/7dfc59ca/Wolverhampton-Wanderers-Everton-December-30-2023-Premier-League,
ENG-Premier League,2324,,2023-12-30 nan-Manchester Utd,2023-12-30,17:30:00,Matchweek 20,Sat,Home,W,2,1,Manchester Utd,46,29529,Ryan Yates,4-2-3-1,4-2-3-1,Tim Robinson,/en/matches/1aa68cba/Nottingham-Forest-Manchester-United-December-30-2023-Premier-League,
ENG-Premier League,2324,,2023-12-30 nan-Sheffield United,2023-12-30,15:00:00,Matchweek 20,Sat,Home,W,2,0,Sheffield United,82,53108,Kyle Walker,4-2-3-1,3-4-3,David Coote,/en/matches/aefd7405/Manchester-City-Sheffield-United-December-30-2023-Premier-League,
ENG-Premier League,2324,,2023-12-31 Fulham-nan,2023-12-31,14:00:00,Matchweek 20,Sun,Away,L,1,2,Fulham,61,24444,Martin Ødegaard,4-3-3,4-2-3-1,Joshua Smith,/en/matches/6c1b6ffc/Fulham-Arsenal-December-31-2023-Premier-League,
ENG-Premier League,2324,,2023-12-31 Tottenham-nan,2023-12-31,14:00:00,Matchweek 20,Sun,Away,L,1,3,Tottenham,49,61780,Neto,4-2-3-1,4-3-3,Simon Hooper,/en/matches/3ab71352/Tottenham-Hotspur-Bournemouth-December-31-2023-Premier-League,
ENG-Premier League,2324,,2023-12-31 nan-Arsenal,2023-12-31,14:00:00,Matchweek 20,Sun,Home,W,2,1,Arsenal,39,24444,Tom Cairney,4-2-3-1,4-3-3,Joshua Smith,/en/matches/6c1b6ffc/Fulham-Arsenal-December-31-2023-Premier-League,
ENG-Premier League,2324,,2023-12-31 nan-Bournemouth,2023-12-31,14:00:00,Matchweek 20,Sun,Home,W,3,1,Bournemouth,51,61780,Son Heung-min,4-3-3,4-2-3-1,Simon Hooper,/en/matches/3ab71352/Tottenham-Hotspur-Bournemouth-December-31-2023-Premier-League,
ENG-Premier League,2324,,2024-01-01 Liverpool-nan,2024-01-01,20:00:00,Matchweek 20,Mon,Away,L,2,4,Liverpool,37,57471,Dan Burn,4-3-3,4-3-3,Anthony Taylor,/en/matches/107b2d79/Liverpool-Newcastle-United-January-1-2024-Premier-League,
ENG-Premier League,2324,,2024-01-01 nan-Newcastle,2024-01-01,20:00:00,Matchweek 20,Mon,Home,W,4,2,Newcastle,63,57471,Virgil van Dijk,4-3-3,4-3-3,Anthony Taylor,/en/matches/107b2d79/Liverpool-Newcastle-United-January-1-2024-Premier-League,
ENG-Premier League,2324,,2024-01-02 West Ham-nan,2024-01-02,19:30:00,Matchweek 20,Tue,Away,D,0,0,West Ham,68,62462,Pascal Groß,4-3-1-2,4-2-3-1,Samuel Barrott,/en/matches/d557afd0/West-Ham-United-Brighton-and-Hove-Albion-January-2-2024-Premier-League,
ENG-Premier League,2324,,2024-01-02 nan-Brighton,2024-01-02,19:30:00,Matchweek 20,Tue,Home,D,0,0,Brighton,32,62462,Angelo Ogbonna,4-2-3-1,4-3-1-2,Samuel Barrott,/en/matches/d557afd0/West-Ham-United-Brighton-and-Hove-Albion-January-2-2024-Premier-League,
ENG-Premier League,2324,,2024-01-12 Burnley-nan,2024-01-12,19:45:00,Matchweek 21,Fri,Away,D,1,1,Burnley,61,20155,Amari'i Bell,3-4-3,4-4-2,Tony Harrington,/en/matches/d62dd931/Burnley-Luton-Town-January-12-2024-Premier-League,
ENG-Premier League,2324,,2024-01-12 nan-Luton Town,2024-01-12,19:45:00,Matchweek 21,Fri,Home,D,1,1,Luton Town,39,20155,Josh Brownhill,4-4-2,3-4-3,Tony Harrington,/en/matches/d62dd931/Burnley-Luton-Town-January-12-2024-Premier-League,
ENG-Premier League,2324,,2024-01-13 Chelsea-nan,2024-01-13,12:30:00,Matchweek 21,Sat,Away,L,0,1,Chelsea,45,39643,Tom Cairney,4-2-3-1,4-2-3-1,Anthony Taylor,/en/matches/dd052c34/Chelsea-Fulham-January-13-2024-Premier-League,
ENG-Premier League,2324,,2024-01-13 Newcastle-nan,2024-01-13,17:30:00,Matchweek 21,Sat,Away,W,3,2,Newcastle,73,52190,Kyle Walker,4-2-3-1,4-3-3,Chris Kavanagh,/en/matches/738f8c3e/Newcastle-United-Manchester-City-January-13-2024-Premier-League,
ENG-Premier League,2324,,2024-01-13 nan-Fulham,2024-01-13,12:30:00,Matchweek 21,Sat,Home,W,1,0,Fulham,55,39643,Conor Gallagher,4-2-3-1,4-2-3-1,Anthony Taylor,/en/matches/dd052c34/Chelsea-Fulham-January-13-2024-Premier-League,
ENG-Premier League,2324,,2024-01-13 nan-Manchester City,2024-01-13,17:30:00,Matchweek 21,Sat,Home,L,2,3,Manchester City,27,52190,Kieran Trippier,4-3-3,4-2-3-1,Chris Kavanagh,/en/matches/738f8c3e/Newcastle-United-Manchester-City-January-13-2024-Premier-League,
ENG-Premier League,2324,,2024-01-14 Everton-nan,2024-01-14,14:00:00,Matchweek 21,Sun,Away,D,0,0,Everton,69,39284,John McGinn,4-4-2,4-2-3-1,David Coote,/en/matches/1628c63e/Everton-Aston-Villa-January-14-2024-Premier-League,
ENG-Premier League,2324,,2024-01-14 Manchester Utd-nan,2024-01-14,16:30:00,Matchweek 21,Sun,Away,D,2,2,Manchester Utd,64,73489,Cristian Romero,4-3-3,4-2-3-1,John Brooks,/en/matches/904ed2f9/Manchester-United-Tottenham-Hotspur-January-14-2024-Premier-League,
ENG-Premier League,2324,,2024-01-14 nan-Aston Villa,2024-01-14,14:00:00,Matchweek 21,Sun,Home,D,0,0,Aston Villa,31,39284,Séamus Coleman,4-2-3-1,4-4-2,David Coote,/en/matches/1628c63e/Everton-Aston-Villa-January-14-2024-Premier-League,
ENG-Premier League,2324,,2024-01-14 nan-Tottenham,2024-01-14,16:30:00,Matchweek 21,Sun,Home,D,2,2,Tottenham,36,73489,Bruno Fernandes,4-2-3-1,4-3-3,John Brooks,/en/matches/904ed2f9/Manchester-United-Tottenham-Hotspur-January-14-2024-Premier-League,
ENG-Premier League,2324,,2024-01-20 Arsenal-nan,2024-01-20,12:30:00,Matchweek 21,Sat,Away,L,0,5,Arsenal,39,60284,Marc Guéhi,3-4-3,4-3-3,Paul Tierney,/en/matches/006fb5b5/Arsenal-Crystal-Palace-January-20-2024-Premier-League,
ENG-Premier League,2324,,2024-01-20 Brentford-nan,2024-01-20,17:30:00,Matchweek 21,Sat,Away,L,2,3,Brentford,52,17077,Ryan Yates,4-2-3-1,3-5-2,Darren England,/en/matches/e0a9c631/Brentford-Nottingham-Forest-January-20-2024-Premier-League,
ENG-Premier League,2324,,2024-01-20 nan-Crystal Palace,2024-01-20,12:30:00,Matchweek 21,Sat,Home,W,5,0,Crystal Palace,61,60284,Martin Ødegaard,4-3-3,3-4-3,Paul Tierney,/en/matches/006fb5b5/Arsenal-Crystal-Palace-January-20-2024-Premier-League,
ENG-Premier League,2324,,2024-01-20 nan-Nottingham,2024-01-20,17:30:00,Matchweek 21,Sat,Home,W,3,2,Nottingham,48,17077,Ivan Toney,3-5-2,4-2-3-1,Darren England,/en/matches/e0a9c631/Brentford-Nottingham-Forest-January-20-2024-Premier-League,
ENG-Premier League,2324,,2024-01-21 Bournemouth-nan,2024-01-21,16:30:00,Matchweek 21,Sun,Away,W,4,0,Bournemouth,61,11228,Virgil van Dijk,4-3-3,4-2-3-1,Andy Madley,/en/matches/9a03e25c/Bournemouth-Liverpool-January-21-2024-Premier-League,
ENG-Premier League,2324,,2024-01-21 Sheffield United-nan,2024-01-21,14:00:00,Matchweek 21,Sun,Away,D,2,2,Sheffield United,43,29164,Kurt Zouma,4-4-1-1,4-1-4-1,Michael Salisbury,/en/matches/abd525b4/Sheffield-United-West-Ham-United-January-21-2024-Premier-League,
ENG-Premier League,2324,,2024-01-21 nan-Liverpool,2024-01-21,16:30:00,Matchweek 21,Sun,Home,L,0,4,Liverpool,39,11228,Neto,4-2-3-1,4-3-3,Andy Madley,/en/matches/9a03e25c/Bournemouth-Liverpool-January-21-2024-Premier-League,
ENG-Premier League,2324,,2024-01-21 nan-West Ham,2024-01-21,14:00:00,Matchweek 21,Sun,Home,D,2,2,West Ham,58,29164,Anel Ahmedhodžić,4-1-4-1,4-4-1-1,Michael Salisbury,/en/matches/abd525b4/Sheffield-United-West-Ham-United-January-21-2024-Premier-League,
ENG-Premier League,2324,,2024-01-22 Brighton-nan,2024-01-22,19:45:00,Matchweek 21,Mon,Away,D,0,0,Brighton,28,41505,Max Kilman,3-4-3,4-3-3,Craig Pawson,/en/matches/35fb5bc2/Brighton-and-Hove-Albion-Wolverhampton-Wanderers-January-22-2024-Premier-League,
ENG-Premier League,2324,,2024-01-22 nan-Wolves,2024-01-22,19:45:00,Matchweek 21,Mon,Home,D,0,0,Wolves,72,41505,Lewis Dunk,4-3-3,3-4-3,Craig Pawson,/en/matches/35fb5bc2/Brighton-and-Hove-Albion-Wolverhampton-Wanderers-January-22-2024-Premier-League,
ENG-Premier League,2324,,2024-01-30 Aston Villa-nan,2024-01-30,20:15:00,Matchweek 22,Tue,Away,W,3,1,Aston Villa,39,42191,Kieran Trippier,4-3-3,4-4-2,John Brooks,/en/matches/d8679e54/Aston-Villa-Newcastle-United-January-30-2024-Premier-League,
ENG-Premier League,2324,,2024-01-30 Crystal Palace-nan,2024-01-30,20:00:00,Matchweek 22,Tue,Away,L,2,3,Crystal Palace,47,24781,Anel Ahmedhodžić,4-1-4-1,4-3-3,Tony Harrington,/en/matches/9f51ce03/Crystal-Palace-Sheffield-United-January-30-2024-Premier-League,
ENG-Premier League,2324,,2024-01-30 Fulham-nan,2024-01-30,19:45:00,Matchweek 22,Tue,Away,D,0,0,Fulham,31,24376,James Tarkowski,4-4-1-1,4-2-3-1,Thomas Bramall,/en/matches/17d24e01/Fulham-Everton-January-30-2024-Premier-League,
ENG-Premier League,2324,,2024-01-30 Luton Town-nan,2024-01-30,19:45:00,Matchweek 22,Tue,Away,L,0,4,Luton Town,60,10994,Lewis Dunk,3-4-3,3-4-3,Robert Jones,/en/matches/381f12be/Luton-Town-Brighton-and-Hove-Albion-January-30-2024-Premier-League,
ENG-Premier League,2324,,2024-01-30 Nottingham-nan,2024-01-30,19:30:00,Matchweek 22,Tue,Away,W,2,1,Nottingham,74,29387,Martin Ødegaard,4-3-3,4-2-3-1,Simon Hooper,/en/matches/20a16b44/Nottingham-Forest-Arsenal-January-30-2024-Premier-League,
ENG-Premier League,2324,,2024-01-30 nan-Arsenal,2024-01-30,19:30:00,Matchweek 22,Tue,Home,L,1,2,Arsenal,26,29387,Morgan Gibbs-White,4-2-3-1,4-3-3,Simon Hooper,/en/matches/20a16b44/Nottingham-Forest-Arsenal-January-30-2024-Premier-League,
ENG-Premier League,2324,,2024-01-30 nan-Brighton,2024-01-30,19:45:00,Matchweek 22,Tue,Home,W,4,0,Brighton,41,10994,Carlton Morris,3-4-3,3-4-3,Robert Jones,/en/matches/381f12be/Luton-Town-Brighton-and-Hove-Albion-January-30-2024-Premier-League,
ENG-Premier League,2324,,2024-01-30 nan-Everton,2024-01-30,19:45:00,Matchweek 22,Tue,Home,D,0,0,Everton,69,24376,Tom Cairney,4-2-3-1,4-4-1-1,Thomas Bramall,/en/matches/17d24e01/Fulham-Everton-January-30-2024-Premier-League,
ENG-Premier League,2324,,2024-01-30 nan-Newcastle,2024-01-30,20:15:00,Matchweek 22,Tue,Home,L,1,3,Newcastle,61,42191,John McGinn,4-4-2,4-3-3,John Brooks,/en/matches/d8679e54/Aston-Villa-Newcastle-United-January-30-2024-Premier-League,
ENG-Premier League,2324,,2024-01-30 nan-Sheffield United,2024-01-30,20:00:00,Matchweek 22,Tue,Home,W,3,2,Sheffield United,53,24781,Marc Guéhi,4-3-3,4-1-4-1,Tony Harrington,/en/matches/9f51ce03/Crystal-Palace-Sheffield-United-January-30-2024-Premier-League,
ENG-Premier League,2324,,2024-01-31 Liverpool-nan,2024-01-31,20:15:00,Matchweek 22,Wed,Away,L,1,4,Liverpool,49,57524,Ben Chilwell,4-2-3-1,4-3-3,Paul Tierney,/en/matches/1836d9bd/Liverpool-Chelsea-January-31-2024-Premier-League,
ENG-Premier League,2324,,2024-01-31 Manchester City-nan,2024-01-31,19:30:00,Matchweek 22,Wed,Away,L,1,3,Manchester City,26,52143,Josh Brownhill,4-4-2,4-2-3-1,Samuel Barrott,/en/matches/d10aaae8/Manchester-City-Burnley-January-31-2024-Premier-League,
ENG-Premier League,2324,,2024-01-31 Tottenham-nan,2024-01-31,19:30:00,Matchweek 22,Wed,Away,L,2,3,Tottenham,32,61210,Christian Nørgaard,3-5-2,4-2-3-1,David Coote,/en/matches/79ffec97/Tottenham-Hotspur-Brentford-January-31-2024-Premier-League,
ENG-Premier League,2324,,2024-01-31 nan-Brentford,2024-01-31,19:30:00,Matchweek 22,Wed,Home,W,3,2,Brentford,68,61210,Cristian Romero,4-2-3-1,3-5-2,David Coote,/en/matches/79ffec97/Tottenham-Hotspur-Brentford-January-31-2024-Premier-League,
ENG-Premier League,2324,,2024-01-31 nan-Burnley,2024-01-31,19:30:00,Matchweek 22,Wed,Home,W,3,1,Burnley,74,52143,Kevin De Bruyne,4-2-3-1,4-4-2,Samuel Barrott,/en/matches/d10aaae8/Manchester-City-Burnley-January-31-2024-Premier-League,
ENG-Premier League,2324,,2024-01-31 nan-Chelsea,2024-01-31,20:15:00,Matchweek 22,Wed,Home,W,4,1,Chelsea,51,57524,Virgil van Dijk,4-3-3,4-2-3-1,Paul Tierney,/en/matches/1836d9bd/Liverpool-Chelsea-January-31-2024-Premier-League,
ENG-Premier League,2324,,2024-02-01 West Ham-nan,2024-02-01,19:30:00,Matchweek 22,Thu,Away,D,1,1,West Ham,51,62478,Neto,4-2-3-1,4-3-2-1,Tim Robinson,/en/matches/16dc9951/West-Ham-United-Bournemouth-February-1-2024-Premier-League,
ENG-Premier League,2324,,2024-02-01 Wolves-nan,2024-02-01,20:15:00,Matchweek 22,Thu,Away,W,4,3,Wolves,47,31641,Bruno Fernandes,4-2-3-1,3-4-3,Jarred Gillett,/en/matches/457203bc/Wolverhampton-Wanderers-Manchester-United-February-1-2024-Premier-League,
ENG-Premier League,2324,,2024-02-01 nan-Bournemouth,2024-02-01,19:30:00,Matchweek 22,Thu,Home,D,1,1,Bournemouth,49,62478,Kurt Zouma,4-3-2-1,4-2-3-1,Tim Robinson,/en/matches/16dc9951/West-Ham-United-Bournemouth-February-1-2024-Premier-League,
ENG-Premier League,2324,,2024-02-01 nan-Manchester Utd,2024-02-01,20:15:00,Matchweek 22,Thu,Home,L,3,4,Manchester Utd,53,31641,Max Kilman,3-4-3,4-2-3-1,Jarred Gillett,/en/matches/457203bc/Wolverhampton-Wanderers-Manchester-United-February-1-2024-Premier-League,
ENG-Premier League,2324,,2024-02-03 Brighton-nan,2024-02-03,15:00:00,Matchweek 23,Sat,Away,L,1,4,Brighton,31,31345,Marc Guéhi,4-3-3,3-4-3,Simon Hooper,/en/matches/689d15cf/Brighton-and-Hove-Albion-Crystal-Palace-February-3-2024-Premier-League,
ENG-Premier League,2324,,2024-02-03 Burnley-nan,2024-02-03,15:00:00,Matchweek 23,Sat,Away,D,2,2,Burnley,56,20203,Tim Ream,4-2-3-1,4-4-2,Darren Bond,/en/matches/a2436e30/Burnley-Fulham-February-3-2024-Premier-League,
ENG-Premier League,2324,,2024-02-03 Everton-nan,2024-02-03,12:30:00,Matchweek 23,Sat,Away,D,2,2,Everton,57,39321,Cristian Romero,4-2-3-1,4-4-1-1,Michael Oliver,/en/matches/fd68d50e/Everton-Tottenham-Hotspur-February-3-2024-Premier-League,
ENG-Premier League,2324,,2024-02-03 Newcastle-nan,2024-02-03,15:00:00,Matchweek 23,Sat,Away,D,4,4,Newcastle,46,52211,Carlton Morris,3-4-3,4-3-3,Thomas Bramall,/en/matches/67cb7a4e/Newcastle-United-Luton-Town-February-3-2024-Premier-League,
ENG-Premier League,2324,,2024-02-03 Sheffield United-nan,2024-02-03,17:30:00,Matchweek 23,Sat,Away,W,5,0,Sheffield United,66,30187,John McGinn,4-2-3-1,5-4-1,Paul Tierney,/en/matches/b3e195c5/Sheffield-United-Aston-Villa-February-3-2024-Premier-League,
ENG-Premier League,2324,,2024-02-03 nan-Aston Villa,2024-02-03,17:30:00,Matchweek 23,Sat,Home,L,0,5,Aston Villa,35,30187,Anel Ahmedhodžić,5-4-1,4-2-3-1,Paul Tierney,/en/matches/b3e195c5/Sheffield-United-Aston-Villa-February-3-2024-Premier-League,
ENG-Premier League,2324,,2024-02-03 nan-Crystal Palace,2024-02-03,15:00:00,Matchweek 23,Sat,Home,W,4,1,Crystal Palace,69,31345,Lewis Dunk,3-4-3,4-3-3,Simon Hooper,/en/matches/689d15cf/Brighton-and-Hove-Albion-Crystal-Palace-February-3-2024-Premier-League,
ENG-Premier League,2324,,2024-02-03 nan-Fulham,2024-02-03,15:00:00,Matchweek 23,Sat,Home,D,2,2,Fulham,44,20203,Josh Brownhill,4-4-2,4-2-3-1,Darren Bond,/en/matches/a2436e30/Burnley-Fulham-February-3-2024-Premier-League,
ENG-Premier League,2324,,2024-02-03 nan-Luton Town,2024-02-03,15:00:00,Matchweek 23,Sat,Home,D,4,4,Luton Town,54,52211,Kieran Trippier,4-3-3,3-4-3,Thomas Bramall,/en/matches/67cb7a4e/Newcastle-United-Luton-Town-February-3-2024-Premier-League,
ENG-Premier League,2324,,2024-02-03 nan-Tottenham,2024-02-03,12:30:00,Matchweek 23,Sat,Home,D,2,2,Tottenham,44,39321,James Tarkowski,4-4-1-1,4-2-3-1,Michael Oliver,/en/matches/fd68d50e/Everton-Tottenham-Hotspur-February-3-2024-Premier-League,
ENG-Premier League,2324,,2024-02-04 Arsenal-nan,2024-02-04,16:30:00,Matchweek 23,Sun,Away,L,1,3,Arsenal,57,60374,Virgil van Dijk,4-3-3,4-3-3,Anthony Taylor,/en/matches/99020abf/Arsenal-Liverpool-February-4-2024-Premier-League,
ENG-Premier League,2324,,2024-02-04 Bournemouth-nan,2024-02-04,14:00:00,Matchweek 23,Sun,Away,D,1,1,Bournemouth,56,11200,Ryan Yates,4-2-3-1,4-2-3-1,Rebecca Welch,/en/matches/29948898/Bournemouth-Nottingham-Forest-February-4-2024-Premier-League,
ENG-Premier League,2324,,2024-02-04 Chelsea-nan,2024-02-04,14:00:00,Matchweek 23,Sun,Away,W,4,2,Chelsea,36,39628,Max Kilman,3-4-3,4-2-3-1,Tim Robinson,/en/matches/dfde4bd7/Chelsea-Wolverhampton-Wanderers-February-4-2024-Premier-League,
ENG-Premier League,2324,,2024-02-04 Manchester Utd-nan,2024-02-04,14:00:00,Matchweek 23,Sun,Away,L,0,3,Manchester Utd,49,73612,Kurt Zouma,4-2-3-1,4-2-3-1,Andy Madley,/en/matches/dc1428be/Manchester-United-West-Ham-United-February-4-2024-Premier-League,
ENG-Premier League,2324,,2024-02-04 nan-Liverpool,2024-02-04,16:30:00,Matchweek 23,Sun,Home,W,3,1,Liverpool,43,60374,Martin Ødegaard,4-3-3,4-3-3,Anthony Taylor,/en/matches/99020abf/Arsenal-Liverpool-February-4-2024-Premier-League,
ENG-Premier League,2324,,2024-02-04 nan-Nottingham,2024-02-04,14:00:00,Matchweek 23,Sun,Home,D,1,1,Nottingham,45,11200,Neto,4-2-3-1,4-2-3-1,Rebecca Welch,/en/matches/29948898/Bournemouth-Nottingham-Forest-February-4-2024-Premier-League,
ENG-Premier League,2324,,2024-02-04 nan-West Ham,2024-02-04,14:00:00,Matchweek 23,Sun,Home,W,3,0,West Ham,51,73612,Bruno Fernandes,4-2-3-1,4-2-3-1,Andy Madley,/en/matches/dc1428be/Manchester-United-West-Ham-United-February-4-2024-Premier-League,
ENG-Premier League,2324,,2024-02-04 nan-Wolves,2024-02-04,14:00:00,Matchweek 23,Sun,Home,L,2,4,Wolves,64,39628,Ben Chilwell,4-2-3-1,3-4-3,Tim Robinson,/en/matches/dfde4bd7/Chelsea-Wolverhampton-Wanderers-February-4-2024-Premier-League,
ENG-Premier League,2324,,2024-02-05 Brentford-nan,2024-02-05,20:00:00,Matchweek 23,Mon,Away,W,3,1,Brentford,72,17096,Kyle Walker,4-1-4-1,3-5-2,Jarred Gillett,/en/matches/2b3630b6/Brentford-Manchester-City-February-5-2024-Premier-League,
ENG-Premier League,2324,,2024-02-05 nan-Manchester City,2024-02-05,20:00:00,Matchweek 23,Mon,Home,L,1,3,Manchester City,28,17096,Christian Nørgaard,3-5-2,4-1-4-1,Jarred Gillett,/en/matches/2b3630b6/Brentford-Manchester-City-February-5-2024-Premier-League,
ENG-Premier League,2324,,2024-02-10 Fulham-nan,2024-02-10,15:00:00,Matchweek 24,Sat,Away,L,1,3,Fulham,50,24271,Neto,4-2-3-1,4-2-3-1,Darren England,/en/matches/bf9e0d20/Fulham-Bournemouth-February-10-2024-Premier-League,
ENG-Premier League,2324,,2024-02-10 Liverpool-nan,2024-02-10,15:00:00,Matchweek 24,Sat,Away,L,1,3,Liverpool,29,59896,Josh Brownhill,4-4-2,4-3-3,Tim Robinson,/en/matches/29e4d6ac/Liverpool-Burnley-February-10-2024-Premier-League,
ENG-Premier League,2324,,2024-02-10 Luton Town-nan,2024-02-10,15:00:00,Matchweek 24,Sat,Away,W,3,1,Luton Town,25,11138,Anel Ahmedhodžić,5-4-1,3-4-3,Chris Kavanagh,/en/matches/1a4e7d02/Luton-Town-Sheffield-United-February-10-2024-Premier-League,
ENG-Premier League,2324,,2024-02-10 Manchester City-nan,2024-02-10,12:30:00,Matchweek 24,Sat,Away,L,0,2,Manchester City,28,52187,James Tarkowski,4-2-3-1,4-1-4-1,John Brooks,/en/matches/00ea7906/Manchester-City-Everton-February-10-2024-Premier-League,
ENG-Premier League,2324,,2024-02-10 Nottingham-nan,2024-02-10,17:30:00,Matchweek 24,Sat,Away,W,3,2,Nottingham,62,29451,Kieran Trippier,4-3-3,4-2-3-1,Anthony Taylor,/en/matches/1c53666a/Nottingham-Forest-Newcastle-United-February-10-2024-Premier-League,
ENG-Premier League,2324,,2024-02-10 Tottenham-nan,2024-02-10,15:00:00,Matchweek 24,Sat,Away,L,1,2,Tottenham,48,61445,Lewis Dunk,4-3-3,4-2-3-1,Samuel Barrott,/en/matches/c0dfccdf/Tottenham-Hotspur-Brighton-and-Hove-Albion-February-10-2024-Premier-League,
ENG-Premier League,2324,,2024-02-10 Wolves-nan,2024-02-10,15:00:00,Matchweek 24,Sat,Away,W,2,0,Wolves,28,30731,Christian Nørgaard,3-5-2,3-4-3,Simon Hooper,/en/matches/922cd256/Wolverhampton-Wanderers-Brentford-February-10-2024-Premier-League,
ENG-Premier League,2324,,2024-02-10 nan-Bournemouth,2024-02-10,15:00:00,Matchweek 24,Sat,Home,W,3,1,Bournemouth,50,24271,Tom Cairney,4-2-3-1,4-2-3-1,Darren England,/en/matches/bf9e0d20/Fulham-Bournemouth-February-10-2024-Premier-League,
ENG-Premier League,2324,,2024-02-10 nan-Brentford,2024-02-10,15:00:00,Matchweek 24,Sat,Home,L,0,2,Brentford,72,30731,Max Kilman,3-4-3,3-5-2,Simon Hooper,/en/matches/922cd256/Wolverhampton-Wanderers-Brentford-February-10-2024-Premier-League,
ENG-Premier League,2324,,2024-02-10 nan-Brighton,2024-02-10,15:00:00,Matchweek 24,Sat,Home,W,2,1,Brighton,53,61445,Cristian Romero,4-2-3-1,4-3-3,Samuel Barrott,/en/matches/c0dfccdf/Tottenham-Hotspur-Brighton-and-Hove-Albion-February-10-2024-Premier-League,
ENG-Premier League,2324,,2024-02-10 nan-Burnley,2024-02-10,15:00:00,Matchweek 24,Sat,Home,W,3,1,Burnley,71,59896,Virgil van Dijk,4-3-3,4-4-2,Tim Robinson,/en/matches/29e4d6ac/Liverpool-Burnley-February-10-2024-Premier-League,
ENG-Premier League,2324,,2024-02-10 nan-Everton,2024-02-10,12:30:00,Matchweek 24,Sat,Home,W,2,0,Everton,73,52187,Rúben Dias,4-1-4-1,4-2-3-1,John Brooks,/en/matches/00ea7906/Manchester-City-Everton-February-10-2024-Premier-League,
ENG-Premier League,2324,,2024-02-10 nan-Newcastle,2024-02-10,17:30:00,Matchweek 24,Sat,Home,L,2,3,Newcastle,38,29451,Ryan Yates,4-2-3-1,4-3-3,Anthony Taylor,/en/matches/1c53666a/Nottingham-Forest-Newcastle-United-February-10-2024-Premier-League,
ENG-Premier League,2324,,2024-02-10 nan-Sheffield United,2024-02-10,15:00:00,Matchweek 24,Sat,Home,L,1,3,Sheffield United,75,11138,Carlton Morris,3-4-3,5-4-1,Chris Kavanagh,/en/matches/1a4e7d02/Luton-Town-Sheffield-United-February-10-2024-Premier-League,
ENG-Premier League,2324,,2024-02-11 Aston Villa-nan,2024-02-11,16:30:00,Matchweek 24,Sun,Away,W,2,1,Aston Villa,44,42185,Bruno Fernandes,4-2-3-1,4-2-3-1,Robert Jones,/en/matches/fd36479b/Aston-Villa-Manchester-United-February-11-2024-Premier-League,
ENG-Premier League,2324,,2024-02-11 West Ham-nan,2024-02-11,14:00:00,Matchweek 24,Sun,Away,W,6,0,West Ham,71,62475,Martin Ødegaard,4-3-3,4-2-3-1,Craig Pawson,/en/matches/a1da23dc/West-Ham-United-Arsenal-February-11-2024-Premier-League,
ENG-Premier League,2324,,2024-02-11 nan-Arsenal,2024-02-11,14:00:00,Matchweek 24,Sun,Home,L,0,6,Arsenal,29,62475,Kurt Zouma,4-2-3-1,4-3-3,Craig Pawson,/en/matches/a1da23dc/West-Ham-United-Arsenal-February-11-2024-Premier-League,
ENG-Premier League,2324,,2024-02-11 nan-Manchester Utd,2024-02-11,16:30:00,Matchweek 24,Sun,Home,L,1,2,Manchester Utd,56,42185,John McGinn,4-2-3-1,4-2-3-1,Robert Jones,/en/matches/fd36479b/Aston-Villa-Manchester-United-February-11-2024-Premier-League,
ENG-Premier League,2324,,2024-02-12 Crystal Palace-nan,2024-02-12,20:00:00,Matchweek 24,Mon,Away,W,3,1,Crystal Palace,77,25110,Ben Chilwell,4-2-3-1,4-2-3-1,Michael Oliver,/en/matches/1206b952/Crystal-Palace-Chelsea-February-12-2024-Premier-League,
ENG-Premier League,2324,,2024-02-12 nan-Chelsea,2024-02-12,20:00:00,Matchweek 24,Mon,Home,L,1,3,Chelsea,23,25110,Joachim Andersen,4-2-3-1,4-2-3-1,Michael Oliver,/en/matches/1206b952/Crystal-Palace-Chelsea-February-12-2024-Premier-League,
ENG-Premier League,2324,,2024-02-17 Brentford-nan,2024-02-17,12:30:00,Matchweek 25,Sat,Away,W,4,1,Brentford,63,17193,Virgil van Dijk,4-3-3,3-5-2,Michael Oliver,/en/matches/ca1e26a0/Brentford-Liverpool-February-17-2024-Premier-League,
ENG-Premier League,2324,,2024-02-17 Burnley-nan,2024-02-17,15:00:00,Matchweek 25,Sat,Away,W,5,0,Burnley,65,21311,Martin Ødegaard,4-3-3,4-4-2,Jarred Gillett,/en/matches/59631171/Burnley-Arsenal-February-17-2024-Premier-League,
ENG-Premier League,2324,,2024-02-17 Fulham-nan,2024-02-17,15:00:00,Matchweek 25,Sat,Away,W,2,1,Fulham,48,24401,John McGinn,4-4-2,4-2-3-1,Lewis Smith,/en/matches/796ff9f0/Fulham-Aston-Villa-February-17-2024-Premier-League,
ENG-Premier League,2324,,2024-02-17 Manchester City-nan,2024-02-17,17:30:00,Matchweek 25,Sat,Away,D,1,1,Manchester City,30,52178,Ben Chilwell,4-2-3-1,4-1-4-1,Andy Madley,/en/matches/78fb7fc2/Manchester-City-Chelsea-February-17-2024-Premier-League,
ENG-Premier League,2324,,2024-02-17 Newcastle-nan,2024-02-17,15:00:00,Matchweek 25,Sat,Away,D,2,2,Newcastle,37,52224,Neto,4-2-3-1,4-3-3,Michael Salisbury,/en/matches/083c4444/Newcastle-United-Bournemouth-February-17-2024-Premier-League,
ENG-Premier League,2324,,2024-02-17 Nottingham-nan,2024-02-17,15:00:00,Matchweek 25,Sat,Away,L,0,2,Nottingham,51,29490,Kurt Zouma,4-2-3-1,4-2-3-1,Thomas Bramall,/en/matches/d657db47/Nottingham-Forest-West-Ham-United-February-17-2024-Premier-League,
ENG-Premier League,2324,,2024-02-17 Tottenham-nan,2024-02-17,15:00:00,Matchweek 25,Sat,Away,W,2,1,Tottenham,29,61532,José Sá,3-4-3,4-2-3-1,Anthony Taylor,/en/matches/30193251/Tottenham-Hotspur-Wolverhampton-Wanderers-February-17-2024-Premier-League,
ENG-Premier League,2324,,2024-02-17 nan-Arsenal,2024-02-17,15:00:00,Matchweek 25,Sat,Home,L,0,5,Arsenal,35,21311,Josh Brownhill,4-4-2,4-3-3,Jarred Gillett,/en/matches/59631171/Burnley-Arsenal-February-17-2024-Premier-League,
ENG-Premier League,2324,,2024-02-17 nan-Aston Villa,2024-02-17,15:00:00,Matchweek 25,Sat,Home,L,1,2,Aston Villa,52,24401,Tom Cairney,4-2-3-1,4-4-2,Lewis Smith,/en/matches/796ff9f0/Fulham-Aston-Villa-February-17-2024-Premier-League,
ENG-Premier League,2324,,2024-02-17 nan-Bournemouth,2024-02-17,15:00:00,Matchweek 25,Sat,Home,D,2,2,Bournemouth,63,52224,Kieran Trippier,4-3-3,4-2-3-1,Michael Salisbury,/en/matches/083c4444/Newcastle-United-Bournemouth-February-17-2024-Premier-League,
ENG-Premier League,2324,,2024-02-17 nan-Chelsea,2024-02-17,17:30:00,Matchweek 25,Sat,Home,D,1,1,Chelsea,70,52178,Kyle Walker,4-1-4-1,4-2-3-1,Andy Madley,/en/matches/78fb7fc2/Manchester-City-Chelsea-February-17-2024-Premier-League,
ENG-Premier League,2324,,2024-02-17 nan-Liverpool,2024-02-17,12:30:00,Matchweek 25,Sat,Home,L,1,4,Liverpool,37,17193,Christian Nørgaard,3-5-2,4-3-3,Michael Oliver,/en/matches/ca1e26a0/Brentford-Liverpool-February-17-2024-Premier-League,
ENG-Premier League,2324,,2024-02-17 nan-West Ham,2024-02-17,15:00:00,Matchweek 25,Sat,Home,W,2,0,West Ham,49,29490,Morgan Gibbs-White,4-2-3-1,4-2-3-1,Thomas Bramall,/en/matches/d657db47/Nottingham-Forest-West-Ham-United-February-17-2024-Premier-League,
ENG-Premier League,2324,,2024-02-17 nan-Wolves,2024-02-17,15:00:00,Matchweek 25,Sat,Home,L,1,2,Wolves,71,61532,Son Heung-min,4-2-3-1,3-4-3,Anthony Taylor,/en/matches/30193251/Tottenham-Hotspur-Wolverhampton-Wanderers-February-17-2024-Premier-League,
ENG-Premier League,2324,,2024-02-18 Luton Town-nan,2024-02-18,16:30:00,Matchweek 25,Sun,Away,W,2,1,Luton Town,42,11483,Bruno Fernandes,4-2-3-1,3-4-3,David Coote,/en/matches/49523b04/Luton-Town-Manchester-United-February-18-2024-Premier-League,
ENG-Premier League,2324,,2024-02-18 Sheffield United-nan,2024-02-18,14:00:00,Matchweek 25,Sun,Away,W,5,0,Sheffield United,80,29522,Lewis Dunk,4-2-3-1,3-5-1-1,Stuart Attwell,/en/matches/811fa03f/Sheffield-United-Brighton-and-Hove-Albion-February-18-2024-Premier-League,
ENG-Premier League,2324,,2024-02-18 nan-Brighton,2024-02-18,14:00:00,Matchweek 25,Sun,Home,L,0,5,Brighton,20,29522,Anel Ahmedhodžić,3-5-1-1,4-2-3-1,Stuart Attwell,/en/matches/811fa03f/Sheffield-United-Brighton-and-Hove-Albion-February-18-2024-Premier-League,
ENG-Premier League,2324,,2024-02-18 nan-Manchester Utd,2024-02-18,16:30:00,Matchweek 25,Sun,Home,L,1,2,Manchester Utd,58,11483,Carlton Morris,3-4-3,4-2-3-1,David Coote,/en/matches/49523b04/Luton-Town-Manchester-United-February-18-2024-Premier-League,
ENG-Premier League,2324,,2024-02-19 Everton-nan,2024-02-19,20:00:00,Matchweek 25,Mon,Away,D,1,1,Everton,38,38164,Joel Ward,3-4-3,4-4-1-1,Paul Tierney,/en/matches/573f2f77/Everton-Crystal-Palace-February-19-2024-Premier-League,
ENG-Premier League,2324,,2024-02-19 nan-Crystal Palace,2024-02-19,20:00:00,Matchweek 25,Mon,Home,D,1,1,Crystal Palace,62,38164,James Tarkowski,4-4-1-1,3-4-3,Paul Tierney,/en/matches/573f2f77/Everton-Crystal-Palace-February-19-2024-Premier-League,
ENG-Premier League,2324,,2024-02-20 Manchester City-nan,2024-02-20,19:30:00,Matchweek 18,Tue,Away,L,0,1,Manchester City,30,52247,Christian Nørgaard,3-5-2,4-2-3-1,Darren England,/en/matches/af88a1aa/Manchester-City-Brentford-February-20-2024-Premier-League,
ENG-Premier League,2324,,2024-02-20 nan-Brentford,2024-02-20,19:30:00,Matchweek 18,Tue,Home,W,1,0,Brentford,70,52247,Kyle Walker,4-2-3-1,3-5-2,Darren England,/en/matches/af88a1aa/Manchester-City-Brentford-February-20-2024-Premier-League,
ENG-Premier League,2324,,2024-02-21 Liverpool-nan,2024-02-21,19:30:00,Matchweek 26,Wed,Away,L,1,4,Liverpool,39,59713,Carlton Morris,3-4-3,4-3-3,Andy Madley,/en/matches/58636a1e/Liverpool-Luton-Town-February-21-2024-Premier-League,
ENG-Premier League,2324,,2024-02-21 nan-Luton Town,2024-02-21,19:30:00,Matchweek 26,Wed,Home,W,4,1,Luton Town,61,59713,Virgil van Dijk,4-3-3,3-4-3,Andy Madley,/en/matches/58636a1e/Liverpool-Luton-Town-February-21-2024-Premier-League,
ENG-Premier League,2324,,2024-02-24 Arsenal-nan,2024-02-24,20:00:00,Matchweek 26,Sat,Away,L,1,4,Arsenal,45,60298,Kieran Trippier,4-3-3,4-3-3,Paul Tierney,/en/matches/8f922133/Arsenal-Newcastle-United-February-24-2024-Premier-League,
ENG-Premier League,2324,,2024-02-24 Aston Villa-nan,2024-02-24,15:00:00,Matchweek 26,Sat,Away,L,2,4,Aston Villa,42,42131,Morgan Gibbs-White,4-2-3-1,4-4-2,Samuel Barrott,/en/matches/f61fbe36/Aston-Villa-Nottingham-Forest-February-24-2024-Premier-League,
ENG-Premier League,2324,,2024-02-24 Bournemouth-nan,2024-02-24,17:30:00,Matchweek 26,Sat,Away,W,1,0,Bournemouth,62,11184,Rúben Dias,3-2-4-1,4-2-3-1,Jarred Gillett,/en/matches/f6d6a212/Bournemouth-Manchester-City-February-24-2024-Premier-League,
ENG-Premier League,2324,,2024-02-24 Brighton-nan,2024-02-24,15:00:00,Matchweek 26,Sat,Away,D,1,1,Brighton,36,41646,James Tarkowski,4-4-1-1,4-2-3-1,Tony Harrington,/en/matches/eb7c6993/Brighton-and-Hove-Albion-Everton-February-24-2024-Premier-League,
ENG-Premier League,2324,,2024-02-24 Crystal Palace-nan,2024-02-24,15:00:00,Matchweek 26,Sat,Away,L,0,3,Crystal Palace,44,24042,Josh Brownhill,4-4-2,3-4-3,Lewis Smith,/en/matches/89cd2d5e/Crystal-Palace-Burnley-February-24-2024-Premier-League,
ENG-Premier League,2324,,2024-02-24 Manchester Utd-nan,2024-02-24,15:00:00,Matchweek 26,Sat,Away,W,2,1,Manchester Utd,44,73487,Harrison Reed,4-2-3-1,4-2-3-1,Michael Oliver,/en/matches/45f67948/Manchester-United-Fulham-February-24-2024-Premier-League,
ENG-Premier League,2324,,2024-02-24 nan-Burnley,2024-02-24,15:00:00,Matchweek 26,Sat,Home,W,3,0,Burnley,56,24042,Joel Ward,3-4-3,4-4-2,Lewis Smith,/en/matches/89cd2d5e/Crystal-Palace-Burnley-February-24-2024-Premier-League,
ENG-Premier League,2324,,2024-02-24 nan-Everton,2024-02-24,15:00:00,Matchweek 26,Sat,Home,D,1,1,Everton,64,41646,Lewis Dunk,4-2-3-1,4-4-1-1,Tony Harrington,/en/matches/eb7c6993/Brighton-and-Hove-Albion-Everton-February-24-2024-Premier-League,
ENG-Premier League,2324,,2024-02-24 nan-Fulham,2024-02-24,15:00:00,Matchweek 26,Sat,Home,L,1,2,Fulham,57,73487,Bruno Fernandes,4-2-3-1,4-2-3-1,Michael Oliver,/en/matches/45f67948/Manchester-United-Fulham-February-24-2024-Premier-League,
ENG-Premier League,2324,,2024-02-24 nan-Manchester City,2024-02-24,17:30:00,Matchweek 26,Sat,Home,L,0,1,Manchester City,38,11184,Neto,4-2-3-1,3-2-4-1,Jarred Gillett,/en/matches/f6d6a212/Bournemouth-Manchester-City-February-24-2024-Premier-League,
ENG-Premier League,2324,,2024-02-24 nan-Newcastle,2024-02-24,20:00:00,Matchweek 26,Sat,Home,W,4,1,Newcastle,55,60298,Martin Ødegaard,4-3-3,4-3-3,Paul Tierney,/en/matches/8f922133/Arsenal-Newcastle-United-February-24-2024-Premier-League,
ENG-Premier League,2324,,2024-02-24 nan-Nottingham,2024-02-24,15:00:00,Matchweek 26,Sat,Home,W,4,2,Nottingham,58,42131,John McGinn,4-4-2,4-2-3-1,Samuel Barrott,/en/matches/f61fbe36/Aston-Villa-Nottingham-Forest-February-24-2024-Premier-League,
ENG-Premier League,2324,,2024-02-25 Wolves-nan,2024-02-25,13:30:00,Matchweek 26,Sun,Away,L,0,1,Wolves,37,30789,Anel Ahmedhodžić,3-5-2,3-4-3,Darren Bond,/en/matches/ada09dda/Wolverhampton-Wanderers-Sheffield-United-February-25-2024-Premier-League,
ENG-Premier League,2324,,2024-02-25 nan-Sheffield United,2024-02-25,13:30:00,Matchweek 26,Sun,Home,W,1,0,Sheffield United,63,30789,Max Kilman,3-4-3,3-5-2,Darren Bond,/en/matches/ada09dda/Wolverhampton-Wanderers-Sheffield-United-February-25-2024-Premier-League,
ENG-Premier League,2324,,2024-02-26 West Ham-nan,2024-02-26,20:00:00,Matchweek 26,Mon,Away,L,2,4,West Ham,59,62450,Christian Nørgaard,3-5-2,4-2-3-1,Simon Hooper,/en/matches/15a04102/West-Ham-United-Brentford-February-26-2024-Premier-League,
ENG-Premier League,2324,,2024-02-26 nan-Brentford,2024-02-26,20:00:00,Matchweek 26,Mon,Home,W,4,2,Brentford,41,62450,Kurt Zouma,4-2-3-1,3-5-2,Simon Hooper,/en/matches/15a04102/West-Ham-United-Brentford-February-26-2024-Premier-League,
ENG-Premier League,2324,,2024-03-02 Brentford-nan,2024-03-02,15:00:00,Matchweek 27,Sat,Away,D,2,2,Brentford,68,17140,Ben Chilwell,3-5-2,3-5-2,Jarred Gillett,/en/matches/ba1992b0/Brentford-Chelsea-March-2-2024-Premier-League,
ENG-Premier League,2324,,2024-03-02 Everton-nan,2024-03-02,15:00:00,Matchweek 27,Sat,Away,W,3,1,Everton,45,39262,Kurt Zouma,4-2-3-1,4-4-1-1,Craig Pawson,/en/matches/e9183936/Everton-West-Ham-United-March-2-2024-Premier-League,
ENG-Premier League,2324,,2024-03-02 Fulham-nan,2024-03-02,15:00:00,Matchweek 27,Sat,Away,L,0,3,Fulham,71,24460,Lewis Dunk,3-4-3,4-2-3-1,Simon Hooper,/en/matches/20278247/Fulham-Brighton-and-Hove-Albion-March-2-2024-Premier-League,
ENG-Premier League,2324,,2024-03-02 Luton Town-nan,2024-03-02,17:30:00,Matchweek 27,Sat,Away,W,3,2,Luton Town,53,11594,John McGinn,4-4-2,3-4-3,Michael Oliver,/en/matches/59f4adc0/Luton-Town-Aston-Villa-March-2-2024-Premier-League,
ENG-Premier League,2324,,2024-03-02 Newcastle-nan,2024-03-02,15:00:00,Matchweek 27,Sat,Away,L,0,3,Newcastle,55,52206,Max Kilman,3-4-3,4-3-3,Tim Robinson,/en/matches/bbae8356/Newcastle-United-Wolverhampton-Wanderers-March-2-2024-Premier-League,
ENG-Premier League,2324,,2024-03-02 Nottingham-nan,2024-03-02,15:00:00,Matchweek 27,Sat,Away,W,1,0,Nottingham,70,29603,Virgil van Dijk,4-3-3,4-2-3-1,Paul Tierney,/en/matches/d1a00cf0/Nottingham-Forest-Liverpool-March-2-2024-Premier-League,
ENG-Premier League,2324,,2024-03-02 Tottenham-nan,2024-03-02,15:00:00,Matchweek 27,Sat,Away,L,1,3,Tottenham,22,61339,Joel Ward,3-4-3,4-2-3-1,John Brooks,/en/matches/8812bfd9/Tottenham-Hotspur-Crystal-Palace-March-2-2024-Premier-League,
ENG-Premier League,2324,,2024-03-02 nan-Aston Villa,2024-03-02,17:30:00,Matchweek 27,Sat,Home,L,2,3,Aston Villa,47,11594,Carlton Morris,3-4-3,4-4-2,Michael Oliver,/en/matches/59f4adc0/Luton-Town-Aston-Villa-March-2-2024-Premier-League,
ENG-Premier League,2324,,2024-03-02 nan-Brighton,2024-03-02,15:00:00,Matchweek 27,Sat,Home,W,3,0,Brighton,29,24460,Harrison Reed,4-2-3-1,3-4-3,Simon Hooper,/en/matches/20278247/Fulham-Brighton-and-Hove-Albion-March-2-2024-Premier-League,
ENG-Premier League,2324,,2024-03-02 nan-Chelsea,2024-03-02,15:00:00,Matchweek 27,Sat,Home,D,2,2,Chelsea,32,17140,Christian Nørgaard,3-5-2,3-5-2,Jarred Gillett,/en/matches/ba1992b0/Brentford-Chelsea-March-2-2024-Premier-League,
ENG-Premier League,2324,,2024-03-02 nan-Crystal Palace,2024-03-02,15:00:00,Matchweek 27,Sat,Home,W,3,1,Crystal Palace,78,61339,Son Heung-min,4-2-3-1,3-4-3,John Brooks,/en/matches/8812bfd9/Tottenham-Hotspur-Crystal-Palace-March-2-2024-Premier-League,
ENG-Premier League,2324,,2024-03-02 nan-Liverpool,2024-03-02,15:00:00,Matchweek 27,Sat,Home,L,0,1,Liverpool,30,29603,Ryan Yates,4-2-3-1,4-3-3,Paul Tierney,/en/matches/d1a00cf0/Nottingham-Forest-Liverpool-March-2-2024-Premier-League,
ENG-Premier League,2324,,2024-03-02 nan-West Ham,2024-03-02,15:00:00,Matchweek 27,Sat,Home,L,1,3,West Ham,55,39262,James Tarkowski,4-4-1-1,4-2-3-1,Craig Pawson,/en/matches/e9183936/Everton-West-Ham-United-March-2-2024-Premier-League,
ENG-Premier League,2324,,2024-03-02 nan-Wolves,2024-03-02,15:00:00,Matchweek 27,Sat,Home,W,3,0,Wolves,45,52206,Kieran Trippier,4-3-3,3-4-3,Tim Robinson,/en/matches/bbae8356/Newcastle-United-Wolverhampton-Wanderers-March-2-2024-Premier-League,
ENG-Premier League,2324,,2024-03-03 Burnley-nan,2024-03-03,13:00:00,Matchweek 27,Sun,Away,W,2,0,Burnley,25,19713,Neto,4-2-3-1,4-4-2,David Coote,/en/matches/f7674d8b/Burnley-Bournemouth-March-3-2024-Premier-League,
ENG-Premier League,2324,,2024-03-03 Manchester City-nan,2024-03-03,15:30:00,Matchweek 27,Sun,Away,L,1,3,Manchester City,26,53514,Bruno Fernandes,4-1-4-1,3-2-4-1,Andy Madley,/en/matches/615eff06/Manchester-Derby-Manchester-City-Manchester-United-March-3-2024-Premier-League,
ENG-Premier League,2324,,2024-03-03 nan-Bournemouth,2024-03-03,13:00:00,Matchweek 27,Sun,Home,L,0,2,Bournemouth,75,19713,Josh Cullen,4-4-2,4-2-3-1,David Coote,/en/matches/f7674d8b/Burnley-Bournemouth-March-3-2024-Premier-League,
ENG-Premier League,2324,,2024-03-03 nan-Manchester Utd,2024-03-03,15:30:00,Matchweek 27,Sun,Home,W,3,1,Manchester Utd,74,53514,Kyle Walker,3-2-4-1,4-1-4-1,Andy Madley,/en/matches/615eff06/Manchester-Derby-Manchester-City-Manchester-United-March-3-2024-Premier-League,
ENG-Premier League,2324,,2024-03-04 Sheffield United-nan,2024-03-04,20:00:00,Matchweek 27,Mon,Away,W,6,0,Sheffield United,81,29157,Martin Ødegaard,4-3-3,4-5-1,Samuel Barrott,/en/matches/2eca8900/Sheffield-United-Arsenal-March-4-2024-Premier-League,
ENG-Premier League,2324,,2024-03-04 nan-Arsenal,2024-03-04,20:00:00,Matchweek 27,Mon,Home,L,0,6,Arsenal,19,29157,Anel Ahmedhodžić,4-5-1,4-3-3,Samuel Barrott,/en/matches/2eca8900/Sheffield-United-Arsenal-March-4-2024-Premier-League,
ENG-Premier League,2324,,2024-03-09 Arsenal-nan,2024-03-09,17:30:00,Matchweek 28,Sat,Away,L,1,2,Arsenal,28,60331,Christian Nørgaard,3-5-2,4-3-3,Robert Jones,/en/matches/0e9002ec/Arsenal-Brentford-March-9-2024-Premier-League,
ENG-Premier League,2324,,2024-03-09 Bournemouth-nan,2024-03-09,15:00:00,Matchweek 28,Sat,Away,D,2,2,Bournemouth,30,11074,Jack Robinson,3-5-2,4-2-3-1,Anthony Taylor,/en/matches/81b6715a/Bournemouth-Sheffield-United-March-9-2024-Premier-League,
ENG-Premier League,2324,,2024-03-09 Crystal Palace-nan,2024-03-09,15:00:00,Matchweek 28,Sat,Away,D,1,1,Crystal Palace,50,25103,Carlton Morris,3-4-3,3-4-3,Sunny Singh,/en/matches/fd693c8e/Crystal-Palace-Luton-Town-March-9-2024-Premier-League,
ENG-Premier League,2324,,2024-03-09 Manchester Utd-nan,2024-03-09,12:30:00,Matchweek 28,Sat,Away,L,0,2,Manchester Utd,49,73601,James Tarkowski,4-4-1-1,4-2-4,Simon Hooper,/en/matches/fede7f6e/Manchester-United-Everton-March-9-2024-Premier-League,
ENG-Premier League,2324,,2024-03-09 Wolves-nan,2024-03-09,15:00:00,Matchweek 28,Sat,Away,L,1,2,Wolves,52,30860,Harrison Reed,4-2-3-1,4-2-3-1,Tony Harrington,/en/matches/b606cbde/Wolverhampton-Wanderers-Fulham-March-9-2024-Premier-League,
ENG-Premier League,2324,,2024-03-09 nan-Brentford,2024-03-09,17:30:00,Matchweek 28,Sat,Home,W,2,1,Brentford,72,60331,Martin Ødegaard,4-3-3,3-5-2,Robert Jones,/en/matches/0e9002ec/Arsenal-Brentford-March-9-2024-Premier-League,
ENG-Premier League,2324,,2024-03-09 nan-Everton,2024-03-09,12:30:00,Matchweek 28,Sat,Home,W,2,0,Everton,51,73601,Bruno Fernandes,4-2-4,4-4-1-1,Simon Hooper,/en/matches/fede7f6e/Manchester-United-Everton-March-9-2024-Premier-League,
ENG-Premier League,2324,,2024-03-09 nan-Fulham,2024-03-09,15:00:00,Matchweek 28,Sat,Home,W,2,1,Fulham,48,30860,Max Kilman,4-2-3-1,4-2-3-1,Tony Harrington,/en/matches/b606cbde/Wolverhampton-Wanderers-Fulham-March-9-2024-Premier-League,
ENG-Premier League,2324,,2024-03-09 nan-Luton Town,2024-03-09,15:00:00,Matchweek 28,Sat,Home,D,1,1,Luton Town,50,25103,Joel Ward,3-4-3,3-4-3,Sunny Singh,/en/matches/fd693c8e/Crystal-Palace-Luton-Town-March-9-2024-Premier-League,
ENG-Premier League,2324,,2024-03-09 nan-Sheffield United,2024-03-09,15:00:00,Matchweek 28,Sat,Home,D,2,2,Sheffield United,70,11074,Neto,4-2-3-1,3-5-2,Anthony Taylor,/en/matches/81b6715a/Bournemouth-Sheffield-United-March-9-2024-Premier-League,
ENG-Premier League,2324,,2024-03-10 Aston Villa-nan,2024-03-10,13:00:00,Matchweek 28,Sun,Away,W,4,0,Aston Villa,70,42310,Son Heung-min,4-2-3-1,5-3-2,Chris Kavanagh,/en/matches/a32a7069/Aston-Villa-Tottenham-Hotspur-March-10-2024-Premier-League,
ENG-Premier League,2324,,2024-03-10 Brighton-nan,2024-03-10,14:00:00,Matchweek 28,Sun,Away,L,0,1,Brighton,36,31505,Ryan Yates,4-3-3,4-2-3-1,Michael Salisbury,/en/matches/f17d9ccd/Brighton-and-Hove-Albion-Nottingham-Forest-March-10-2024-Premier-League,
ENG-Premier League,2324,,2024-03-10 Liverpool-nan,2024-03-10,15:45:00,Matchweek 28,Sun,Away,D,1,1,Liverpool,47,59947,Kyle Walker,3-2-4-1,4-3-3,Michael Oliver,/en/matches/96da3e29/Liverpool-Manchester-City-March-10-2024-Premier-League,
ENG-Premier League,2324,,2024-03-10 West Ham-nan,2024-03-10,14:00:00,Matchweek 28,Sun,Away,D,2,2,West Ham,48,62441,Josh Cullen,4-4-2,4-2-3-1,Darren England,/en/matches/9ef133d6/West-Ham-United-Burnley-March-10-2024-Premier-League,
ENG-Premier League,2324,,2024-03-10 nan-Burnley,2024-03-10,14:00:00,Matchweek 28,Sun,Home,D,2,2,Burnley,52,62441,Tomáš Souček,4-2-3-1,4-4-2,Darren England,/en/matches/9ef133d6/West-Ham-United-Burnley-March-10-2024-Premier-League,
ENG-Premier League,2324,,2024-03-10 nan-Manchester City,2024-03-10,15:45:00,Matchweek 28,Sun,Home,D,1,1,Manchester City,53,59947,Virgil van Dijk,4-3-3,3-2-4-1,Michael Oliver,/en/matches/96da3e29/Liverpool-Manchester-City-March-10-2024-Premier-League,
ENG-Premier League,2324,,2024-03-10 nan-Nottingham,2024-03-10,14:00:00,Matchweek 28,Sun,Home,W,1,0,Nottingham,64,31505,Lewis Dunk,4-2-3-1,4-3-3,Michael Salisbury,/en/matches/f17d9ccd/Brighton-and-Hove-Albion-Nottingham-Forest-March-10-2024-Premier-League,
ENG-Premier League,2324,,2024-03-10 nan-Tottenham,2024-03-10,13:00:00,Matchweek 28,Sun,Home,L,0,4,Tottenham,31,42310,John McGinn,5-3-2,4-2-3-1,Chris Kavanagh,/en/matches/a32a7069/Aston-Villa-Tottenham-Hotspur-March-10-2024-Premier-League,
ENG-Premier League,2324,,2024-03-11 Chelsea-nan,2024-03-11,20:00:00,Matchweek 28,Mon,Away,L,2,3,Chelsea,55,37753,Dan Burn,4-3-3,4-2-3-1,John Brooks,/en/matches/d4b4c06f/Chelsea-Newcastle-United-March-11-2024-Premier-League,
ENG-Premier League,2324,,2024-03-11 nan-Newcastle,2024-03-11,20:00:00,Matchweek 28,Mon,Home,W,3,2,Newcastle,45,37753,Conor Gallagher,4-2-3-1,4-3-3,John Brooks,/en/matches/d4b4c06f/Chelsea-Newcastle-United-March-11-2024-Premier-League,
ENG-Premier League,2324,,2024-03-13 Bournemouth-nan,2024-03-13,19:30:00,Matchweek 17,Wed,Away,L,3,4,Bournemouth,41,11198,Carlton Morris,3-4-3,4-2-3-1,Samuel Allison,/en/matches/a32a8157/Bournemouth-Luton-Town-March-13-2024-Premier-League,
ENG-Premier League,2324,,2024-03-13 nan-Luton Town,2024-03-13,19:30:00,Matchweek 17,Wed,Home,W,4,3,Luton Town,59,11198,Neto,4-2-3-1,3-4-3,Samuel Allison,/en/matches/a32a8157/Bournemouth-Luton-Town-March-13-2024-Premier-League,
ENG-Premier League,2324,,2024-03-16 Burnley-nan,2024-03-16,15:00:00,Matchweek 29,Sat,Away,L,1,2,Burnley,40,20431,Ivan Toney,3-5-2,4-4-2,Darren Bond,/en/matches/b280b66a/Burnley-Brentford-March-16-2024-Premier-League,
ENG-Premier League,2324,,2024-03-16 Fulham-nan,2024-03-16,17:30:00,Matchweek 29,Sat,Away,L,0,3,Fulham,57,24410,Son Heung-min,4-2-3-1,4-2-3-1,Robert Jones,/en/matches/8a009cc4/Fulham-Tottenham-Hotspur-March-16-2024-Premier-League,
ENG-Premier League,2324,,2024-03-16 Luton Town-nan,2024-03-16,15:00:00,Matchweek 29,Sat,Away,D,1,1,Luton Town,40,11630,Ryan Yates,4-2-3-1,3-4-3,Darren England,/en/matches/76d09384/Luton-Town-Nottingham-Forest-March-16-2024-Premier-League,
ENG-Premier League,2324,,2024-03-16 nan-Brentford,2024-03-16,15:00:00,Matchweek 29,Sat,Home,W,2,1,Brentford,60,20431,Josh Cullen,4-4-2,3-5-2,Darren Bond,/en/matches/b280b66a/Burnley-Brentford-March-16-2024-Premier-League,
ENG-Premier League,2324,,2024-03-16 nan-Nottingham,2024-03-16,15:00:00,Matchweek 29,Sat,Home,D,1,1,Nottingham,60,11630,Carlton Morris,3-4-3,4-2-3-1,Darren England,/en/matches/76d09384/Luton-Town-Nottingham-Forest-March-16-2024-Premier-League,
ENG-Premier League,2324,,2024-03-16 nan-Tottenham,2024-03-16,17:30:00,Matchweek 29,Sat,Home,W,3,0,Tottenham,43,24410,Bernd Leno,4-2-3-1,4-2-3-1,Robert Jones,/en/matches/8a009cc4/Fulham-Tottenham-Hotspur-March-16-2024-Premier-League,
ENG-Premier League,2324,,2024-03-17 West Ham-nan,2024-03-17,14:00:00,Matchweek 29,Sun,Away,D,1,1,West Ham,70,62461,Emiliano Martínez,4-4-2,4-2-3-1,Jarred Gillett,/en/matches/fc356c59/West-Ham-United-Aston-Villa-March-17-2024-Premier-League,
ENG-Premier League,2324,,2024-03-17 nan-Aston Villa,2024-03-17,14:00:00,Matchweek 29,Sun,Home,D,1,1,Aston Villa,30,62461,Kurt Zouma,4-2-3-1,4-4-2,Jarred Gillett,/en/matches/fc356c59/West-Ham-United-Aston-Villa-March-17-2024-Premier-League,
ENG-Premier League,2324,,2024-03-30 Aston Villa-nan,2024-03-30,17:30:00,Matchweek 30,Sat,Away,L,0,2,Aston Villa,52,42640,Max Kilman,3-4-3,4-4-2,Paul Tierney,/en/matches/5f218b76/Aston-Villa-Wolverhampton-Wanderers-March-30-2024-Premier-League,
ENG-Premier League,2324,,2024-03-30 Bournemouth-nan,2024-03-30,15:00:00,Matchweek 30,Sat,Away,L,1,2,Bournemouth,51,11207,Séamus Coleman,4-4-1-1,4-2-3-1,Samuel Barrott,/en/matches/0eaaf0ab/Bournemouth-Everton-March-30-2024-Premier-League,
ENG-Premier League,2324,,2024-03-30 Brentford-nan,2024-03-30,20:00:00,Matchweek 30,Sat,Away,D,1,1,Brentford,53,17138,Bruno Fernandes,4-2-3-1,3-5-2,Simon Hooper,/en/matches/43a07892/Brentford-Manchester-United-March-30-2024-Premier-League,
ENG-Premier League,2324,,2024-03-30 Chelsea-nan,2024-03-30,15:00:00,Matchweek 30,Sat,Away,D,2,2,Chelsea,31,39535,Josh Cullen,4-4-2,4-2-3-1,Darren England,/en/matches/e68ec2a9/Chelsea-Burnley-March-30-2024-Premier-League,
ENG-Premier League,2324,,2024-03-30 Newcastle-nan,2024-03-30,12:30:00,Matchweek 30,Sat,Away,L,3,4,Newcastle,40,52199,Kurt Zouma,4-2-3-1,4-3-3,Robert Jones,/en/matches/10600f89/Newcastle-United-West-Ham-United-March-30-2024-Premier-League,
ENG-Premier League,2324,,2024-03-30 Nottingham-nan,2024-03-30,15:00:00,Matchweek 30,Sat,Away,D,1,1,Nottingham,41,29520,Joel Ward,3-4-3,4-2-3-1,Chris Kavanagh,/en/matches/791fc95a/Nottingham-Forest-Crystal-Palace-March-30-2024-Premier-League,
ENG-Premier League,2324,,2024-03-30 Sheffield United-nan,2024-03-30,15:00:00,Matchweek 30,Sat,Away,D,3,3,Sheffield United,74,30010,Bernd Leno,4-2-3-1,3-5-2,Tim Robinson,/en/matches/ad4a1302/Sheffield-United-Fulham-March-30-2024-Premier-League,
ENG-Premier League,2324,,2024-03-30 Tottenham-nan,2024-03-30,15:00:00,Matchweek 30,Sat,Away,L,1,2,Tottenham,30,61534,Carlton Morris,4-3-3,4-2-3-1,Jarred Gillett,/en/matches/6397e2af/Tottenham-Hotspur-Luton-Town-March-30-2024-Premier-League,
ENG-Premier League,2324,,2024-03-30 nan-Burnley,2024-03-30,15:00:00,Matchweek 30,Sat,Home,D,2,2,Burnley,69,39535,Conor Gallagher,4-2-3-1,4-4-2,Darren England,/en/matches/e68ec2a9/Chelsea-Burnley-March-30-2024-Premier-League,
ENG-Premier League,2324,,2024-03-30 nan-Crystal Palace,2024-03-30,15:00:00,Matchweek 30,Sat,Home,D,1,1,Crystal Palace,59,29520,Ryan Yates,4-2-3-1,3-4-3,Chris Kavanagh,/en/matches/791fc95a/Nottingham-Forest-Crystal-Palace-March-30-2024-Premier-League,
ENG-Premier League,2324,,2024-03-30 nan-Everton,2024-03-30,15:00:00,Matchweek 30,Sat,Home,W,2,1,Everton,49,11207,Neto,4-2-3-1,4-4-1-1,Samuel Barrott,/en/matches/0eaaf0ab/Bournemouth-Everton-March-30-2024-Premier-League,
ENG-Premier League,2324,,2024-03-30 nan-Fulham,2024-03-30,15:00:00,Matchweek 30,Sat,Home,D,3,3,Fulham,26,30010,Jack Robinson,3-5-2,4-2-3-1,Tim Robinson,/en/matches/ad4a1302/Sheffield-United-Fulham-March-30-2024-Premier-League,
ENG-Premier League,2324,,2024-03-30 nan-Luton Town,2024-03-30,15:00:00,Matchweek 30,Sat,Home,W,2,1,Luton Town,70,61534,Son Heung-min,4-2-3-1,4-3-3,Jarred Gillett,/en/matches/6397e2af/Tottenham-Hotspur-Luton-Town-March-30-2024-Premier-League,
ENG-Premier League,2324,,2024-03-30 nan-Manchester Utd,2024-03-30,20:00:00,Matchweek 30,Sat,Home,D,1,1,Manchester Utd,47,17138,Ivan Toney,3-5-2,4-2-3-1,Simon Hooper,/en/matches/43a07892/Brentford-Manchester-United-March-30-2024-Premier-League,
ENG-Premier League,2324,,2024-03-30 nan-West Ham,2024-03-30,12:30:00,Matchweek 30,Sat,Home,W,4,3,West Ham,60,52199,Jamaal Lascelles,4-3-3,4-2-3-1,Robert Jones,/en/matches/10600f89/Newcastle-United-West-Ham-United-March-30-2024-Premier-League,
ENG-Premier League,2324,,2024-03-30 nan-Wolves,2024-03-30,17:30:00,Matchweek 30,Sat,Home,W,2,0,Wolves,48,42640,Emiliano Martínez,4-4-2,3-4-3,Paul Tierney,/en/matches/5f218b76/Aston-Villa-Wolverhampton-Wanderers-March-30-2024-Premier-League,
ENG-Premier League,2324,,2024-03-31 Liverpool-nan,2024-03-31,14:00:00,Matchweek 30,Sun,Away,L,1,2,Liverpool,45,60061,Lewis Dunk,4-2-3-1,4-3-3,David Coote,/en/matches/b763b73e/Liverpool-Brighton-and-Hove-Albion-March-31-2024-Premier-League,
ENG-Premier League,2324,,2024-03-31 Manchester City-nan,2024-03-31,16:30:00,Matchweek 30,Sun,Away,D,0,0,Manchester City,28,52178,Martin Ødegaard,4-3-3,4-1-4-1,Anthony Taylor,/en/matches/76b4b194/Manchester-City-Arsenal-March-31-2024-Premier-League,
ENG-Premier League,2324,,2024-03-31 nan-Arsenal,2024-03-31,16:30:00,Matchweek 30,Sun,Home,D,0,0,Arsenal,73,52178,Kevin De Bruyne,4-1-4-1,4-3-3,Anthony Taylor,/en/matches/76b4b194/Manchester-City-Arsenal-March-31-2024-Premier-League,
ENG-Premier League,2324,,2024-03-31 nan-Brighton,2024-03-31,14:00:00,Matchweek 30,Sun,Home,W,2,1,Brighton,55,60061,Virgil van Dijk,4-3-3,4-2-3-1,David Coote,/en/matches/b763b73e/Liverpool-Brighton-and-Hove-Albion-March-31-2024-Premier-League,
ENG-Premier League,2324,,2024-04-02 Bournemouth-nan,2024-04-02,19:45:00,Matchweek 31,Tue,Away,L,0,1,Bournemouth,50,11058,Joel Ward,3-4-3,4-3-3,Graham Scott,/en/matches/1ef36f8d/Bournemouth-Crystal-Palace-April-2-2024-Premier-League,
ENG-Premier League,2324,,2024-04-02 Burnley-nan,2024-04-02,19:45:00,Matchweek 31,Tue,Away,D,1,1,Burnley,48,21528,Max Kilman,4-4-1-1,4-4-2,Thomas Bramall,/en/matches/feadec6f/Burnley-Wolverhampton-Wanderers-April-2-2024-Premier-League,
ENG-Premier League,2324,,2024-04-02 Newcastle-nan,2024-04-02,19:30:00,Matchweek 31,Tue,Away,D,1,1,Newcastle,42,52135,James Tarkowski,4-4-1-1,4-3-3,Tony Harrington,/en/matches/52846bc3/Newcastle-United-Everton-April-2-2024-Premier-League,
ENG-Premier League,2324,,2024-04-02 Nottingham-nan,2024-04-02,19:30:00,Matchweek 31,Tue,Away,L,1,3,Nottingham,67,28997,Bernd Leno,4-2-3-1,4-2-3-1,Michael Oliver,/en/matches/55996670/Nottingham-Forest-Fulham-April-2-2024-Premier-League,
ENG-Premier League,2324,,2024-04-02 West Ham-nan,2024-04-02,20:15:00,Matchweek 31,Tue,Away,D,1,1,West Ham,68,62469,Son Heung-min,4-2-3-1,4-5-1,John Brooks,/en/matches/2600ff86/West-Ham-United-Tottenham-Hotspur-April-2-2024-Premier-League,
ENG-Premier League,2324,,2024-04-02 nan-Crystal Palace,2024-04-02,19:45:00,Matchweek 31,Tue,Home,W,1,0,Crystal Palace,50,11058,Neto,4-3-3,3-4-3,Graham Scott,/en/matches/1ef36f8d/Bournemouth-Crystal-Palace-April-2-2024-Premier-League,
ENG-Premier League,2324,,2024-04-02 nan-Everton,2024-04-02,19:30:00,Matchweek 31,Tue,Home,D,1,1,Everton,58,52135,Dan Burn,4-3-3,4-4-1-1,Tony Harrington,/en/matches/52846bc3/Newcastle-United-Everton-April-2-2024-Premier-League,
ENG-Premier League,2324,,2024-04-02 nan-Fulham,2024-04-02,19:30:00,Matchweek 31,Tue,Home,W,3,1,Fulham,33,28997,Ryan Yates,4-2-3-1,4-2-3-1,Michael Oliver,/en/matches/55996670/Nottingham-Forest-Fulham-April-2-2024-Premier-League,
ENG-Premier League,2324,,2024-04-02 nan-Tottenham,2024-04-02,20:15:00,Matchweek 31,Tue,Home,D,1,1,Tottenham,33,62469,Kurt Zouma,4-5-1,4-2-3-1,John Brooks,/en/matches/2600ff86/West-Ham-United-Tottenham-Hotspur-April-2-2024-Premier-League,
ENG-Premier League,2324,,2024-04-02 nan-Wolves,2024-04-02,19:45:00,Matchweek 31,Tue,Home,D,1,1,Wolves,52,21528,Josh Cullen,4-4-2,4-4-1-1,Thomas Bramall,/en/matches/feadec6f/Burnley-Wolverhampton-Wanderers-April-2-2024-Premier-League,
ENG-Premier League,2324,,2024-04-03 Arsenal-nan,2024-04-03,19:30:00,Matchweek 31,Wed,Away,L,0,2,Arsenal,42,60262,Carlton Morris,3-4-3,4-3-3,Craig Pawson,/en/matches/77d7e2d6/Arsenal-Luton-Town-April-3-2024-Premier-League,
ENG-Premier League,2324,,2024-04-03 Brentford-nan,2024-04-03,19:30:00,Matchweek 31,Wed,Away,D,0,0,Brentford,67,17024,Lewis Dunk,4-2-3-1,3-5-2,Andy Madley,/en/matches/8ec55f05/Brentford-Brighton-and-Hove-Albion-April-3-2024-Premier-League,
ENG-Premier League,2324,,2024-04-03 Manchester City-nan,2024-04-03,20:15:00,Matchweek 31,Wed,Away,L,1,4,Manchester City,33,53422,Douglas Luiz,4-2-3-1,4-2-3-1,Darren England,/en/matches/ae3ba8e8/Manchester-City-Aston-Villa-April-3-2024-Premier-League,
ENG-Premier League,2324,,2024-04-03 nan-Aston Villa,2024-04-03,20:15:00,Matchweek 31,Wed,Home,W,4,1,Aston Villa,67,53422,Rúben Dias,4-2-3-1,4-2-3-1,Darren England,/en/matches/ae3ba8e8/Manchester-City-Aston-Villa-April-3-2024-Premier-League,
ENG-Premier League,2324,,2024-04-03 nan-Brighton,2024-04-03,19:30:00,Matchweek 31,Wed,Home,D,0,0,Brighton,33,17024,Ivan Toney,3-5-2,4-2-3-1,Andy Madley,/en/matches/8ec55f05/Brentford-Brighton-and-Hove-Albion-April-3-2024-Premier-League,
ENG-Premier League,2324,,2024-04-03 nan-Luton Town,2024-04-03,19:30:00,Matchweek 31,Wed,Home,W,2,0,Luton Town,58,60262,Martin Ødegaard,4-3-3,3-4-3,Craig Pawson,/en/matches/77d7e2d6/Arsenal-Luton-Town-April-3-2024-Premier-League,
ENG-Premier League,2324,,2024-04-04 Chelsea-nan,2024-04-04,20:15:00,Matchweek 31,Thu,Away,L,3,4,Chelsea,43,39694,Bruno Fernandes,4-2-3-1,4-2-3-1,Jarred Gillett,/en/matches/c6079c2f/Chelsea-Manchester-United-April-4-2024-Premier-League,
ENG-Premier League,2324,,2024-04-04 Liverpool-nan,2024-04-04,19:30:00,Matchweek 31,Thu,Away,L,1,3,Liverpool,17,60055,Jack Robinson,3-5-2,4-3-3,Stuart Attwell,/en/matches/1f5973e2/Liverpool-Sheffield-United-April-4-2024-Premier-League,
ENG-Premier League,2324,,2024-04-04 nan-Manchester Utd,2024-04-04,20:15:00,Matchweek 31,Thu,Home,W,4,3,Manchester Utd,57,39694,Conor Gallagher,4-2-3-1,4-2-3-1,Jarred Gillett,/en/matches/c6079c2f/Chelsea-Manchester-United-April-4-2024-Premier-League,
ENG-Premier League,2324,,2024-04-04 nan-Sheffield United,2024-04-04,19:30:00,Matchweek 31,Thu,Home,W,3,1,Sheffield United,83,60055,Virgil van Dijk,4-3-3,3-5-2,Stuart Attwell,/en/matches/1f5973e2/Liverpool-Sheffield-United-April-4-2024-Premier-League,
ENG-Premier League,2324,,2024-04-06 Aston Villa-nan,2024-04-06,15:00:00,Matchweek 32,Sat,Away,D,3,3,Aston Villa,31,42118,Mathias Jensen,3-5-2,4-4-1-1,Michael Salisbury,/en/matches/e8f307a3/Aston-Villa-Brentford-April-6-2024-Premier-League,
ENG-Premier League,2324,,2024-04-06 Brighton-nan,2024-04-06,17:30:00,Matchweek 32,Sat,Away,W,3,0,Brighton,45,31677,Martin Ødegaard,4-3-3,4-2-3-1,John Brooks,/en/matches/2047cc32/Brighton-and-Hove-Albion-Arsenal-April-6-2024-Premier-League,
ENG-Premier League,2324,,2024-04-06 Crystal Palace-nan,2024-04-06,12:30:00,Matchweek 32,Sat,Away,W,4,2,Crystal Palace,76,25132,Kevin De Bruyne,3-2-4-1,3-4-3,Paul Tierney,/en/matches/fca82852/Crystal-Palace-Manchester-City-April-6-2024-Premier-League,
ENG-Premier League,2324,,2024-04-06 Everton-nan,2024-04-06,15:00:00,Matchweek 32,Sat,Away,L,0,1,Everton,63,39125,Josh Cullen,4-4-2,4-4-1-1,Michael Oliver,/en/matches/cc7efb48/Everton-Burnley-April-6-2024-Premier-League,
ENG-Premier League,2324,,2024-04-06 Fulham-nan,2024-04-06,15:00:00,Matchweek 32,Sat,Away,W,1,0,Fulham,33,24418,Dan Burn,4-3-3,4-2-3-1,Samuel Allison,/en/matches/a9d2819f/Fulham-Newcastle-United-April-6-2024-Premier-League,
ENG-Premier League,2324,,2024-04-06 Luton Town-nan,2024-04-06,15:00:00,Matchweek 32,Sat,Away,L,1,2,Luton Town,44,11797,Neto,4-2-3-1,3-4-3,Andy Madley,/en/matches/08114c35/Luton-Town-Bournemouth-April-6-2024-Premier-League,
ENG-Premier League,2324,,2024-04-06 Wolves-nan,2024-04-06,15:00:00,Matchweek 32,Sat,Away,W,2,1,Wolves,42,31504,Kurt Zouma,4-2-3-1,3-4-3,Tony Harrington,/en/matches/4f0b227b/Wolverhampton-Wanderers-West-Ham-United-April-6-2024-Premier-League,
ENG-Premier League,2324,,2024-04-06 nan-Arsenal,2024-04-06,17:30:00,Matchweek 32,Sat,Home,L,0,3,Arsenal,55,31677,Lewis Dunk,4-2-3-1,4-3-3,John Brooks,/en/matches/2047cc32/Brighton-and-Hove-Albion-Arsenal-April-6-2024-Premier-League,
ENG-Premier League,2324,,2024-04-06 nan-Bournemouth,2024-04-06,15:00:00,Matchweek 32,Sat,Home,W,2,1,Bournemouth,56,11797,Carlton Morris,3-4-3,4-2-3-1,Andy Madley,/en/matches/08114c35/Luton-Town-Bournemouth-April-6-2024-Premier-League,
ENG-Premier League,2324,,2024-04-06 nan-Brentford,2024-04-06,15:00:00,Matchweek 32,Sat,Home,D,3,3,Brentford,70,42118,John McGinn,4-4-1-1,3-5-2,Michael Salisbury,/en/matches/e8f307a3/Aston-Villa-Brentford-April-6-2024-Premier-League,
ENG-Premier League,2324,,2024-04-06 nan-Burnley,2024-04-06,15:00:00,Matchweek 32,Sat,Home,W,1,0,Burnley,37,39125,Séamus Coleman,4-4-1-1,4-4-2,Michael Oliver,/en/matches/cc7efb48/Everton-Burnley-April-6-2024-Premier-League,
ENG-Premier League,2324,,2024-04-06 nan-Manchester City,2024-04-06,12:30:00,Matchweek 32,Sat,Home,L,2,4,Manchester City,24,25132,Joel Ward,3-4-3,3-2-4-1,Paul Tierney,/en/matches/fca82852/Crystal-Palace-Manchester-City-April-6-2024-Premier-League,
ENG-Premier League,2324,,2024-04-06 nan-Newcastle,2024-04-06,15:00:00,Matchweek 32,Sat,Home,L,0,1,Newcastle,67,24418,Tom Cairney,4-2-3-1,4-3-3,Samuel Allison,/en/matches/a9d2819f/Fulham-Newcastle-United-April-6-2024-Premier-League,
ENG-Premier League,2324,,2024-04-06 nan-West Ham,2024-04-06,15:00:00,Matchweek 32,Sat,Home,L,1,2,West Ham,58,31504,Max Kilman,3-4-3,4-2-3-1,Tony Harrington,/en/matches/4f0b227b/Wolverhampton-Wanderers-West-Ham-United-April-6-2024-Premier-League,
ENG-Premier League,2324,,2024-04-07 Manchester Utd-nan,2024-04-07,15:30:00,Matchweek 32,Sun,Away,D,2,2,Manchester Utd,62,73501,Virgil van Dijk,4-3-3,4-2-3-1,Anthony Taylor,/en/matches/d57ffe1a/North-West-Derby-Manchester-United-Liverpool-April-7-2024-Premier-League,
ENG-Premier League,2324,,2024-04-07 Sheffield United-nan,2024-04-07,17:30:00,Matchweek 32,Sun,Away,D,2,2,Sheffield United,68,28638,Conor Gallagher,4-2-3-1,3-5-2,Robert Jones,/en/matches/d3850c26/Sheffield-United-Chelsea-April-7-2024-Premier-League,
ENG-Premier League,2324,,2024-04-07 Tottenham-nan,2024-04-07,18:00:00,Matchweek 32,Sun,Away,L,1,3,Tottenham,36,61098,Ryan Yates,4-2-3-1,4-2-3-1,Simon Hooper,/en/matches/7598049f/Tottenham-Hotspur-Nottingham-Forest-April-7-2024-Premier-League,
ENG-Premier League,2324,,2024-04-07 nan-Chelsea,2024-04-07,17:30:00,Matchweek 32,Sun,Home,D,2,2,Chelsea,33,28638,Jack Robinson,3-5-2,4-2-3-1,Robert Jones,/en/matches/d3850c26/Sheffield-United-Chelsea-April-7-2024-Premier-League,
ENG-Premier League,2324,,2024-04-07 nan-Liverpool,2024-04-07,15:30:00,Matchweek 32,Sun,Home,D,2,2,Liverpool,38,73501,Bruno Fernandes,4-2-3-1,4-3-3,Anthony Taylor,/en/matches/d57ffe1a/North-West-Derby-Manchester-United-Liverpool-April-7-2024-Premier-League,
ENG-Premier League,2324,,2024-04-07 nan-Nottingham,2024-04-07,18:00:00,Matchweek 32,Sun,Home,W,3,1,Nottingham,64,61098,Son Heung-min,4-2-3-1,4-2-3-1,Simon Hooper,/en/matches/7598049f/Tottenham-Hotspur-Nottingham-Forest-April-7-2024-Premier-League,
ENG-Premier League,2324,,2024-04-13 Bournemouth-nan,2024-04-13,17:30:00,Matchweek 33,Sat,Away,D,2,2,Bournemouth,57,11229,Bruno Fernandes,4-2-3-1,4-2-3-1,Tony Harrington,/en/matches/32a8be36/Bournemouth-Manchester-United-April-13-2024-Premier-League,
ENG-Premier League,2324,,2024-04-13 Brentford-nan,2024-04-13,15:00:00,Matchweek 33,Sat,Away,L,0,2,Brentford,47,17115,Oliver McBurnie,3-5-2,4-3-3,Samuel Barrott,/en/matches/4a4d2976/Brentford-Sheffield-United-April-13-2024-Premier-League,
ENG-Premier League,2324,,2024-04-13 Burnley-nan,2024-04-13,15:00:00,Matchweek 33,Sat,Away,D,1,1,Burnley,56,20687,Lewis Dunk,4-2-3-1,4-4-2,Simon Hooper,/en/matches/c9ab1f95/Burnley-Brighton-and-Hove-Albion-April-13-2024-Premier-League,
ENG-Premier League,2324,,2024-04-13 Manchester City-nan,2024-04-13,15:00:00,Matchweek 33,Sat,Away,L,1,5,Manchester City,26,52149,Carlton Morris,3-4-3,4-2-3-1,John Brooks,/en/matches/40128bc4/Manchester-City-Luton-Town-April-13-2024-Premier-League,
ENG-Premier League,2324,,2024-04-13 Newcastle-nan,2024-04-13,12:30:00,Matchweek 33,Sat,Away,L,0,4,Newcastle,73,52147,Son Heung-min,4-2-3-1,4-3-3,Tim Robinson,/en/matches/50db3243/Newcastle-United-Tottenham-Hotspur-April-13-2024-Premier-League,
ENG-Premier League,2324,,2024-04-13 Nottingham-nan,2024-04-13,15:00:00,Matchweek 33,Sat,Away,D,2,2,Nottingham,54,29604,Max Kilman,3-4-1-2,4-2-3-1,Craig Pawson,/en/matches/4460b6c5/Nottingham-Forest-Wolverhampton-Wanderers-April-13-2024-Premier-League,
ENG-Premier League,2324,,2024-04-13 nan-Brighton,2024-04-13,15:00:00,Matchweek 33,Sat,Home,D,1,1,Brighton,44,20687,Josh Cullen,4-4-2,4-2-3-1,Simon Hooper,/en/matches/c9ab1f95/Burnley-Brighton-and-Hove-Albion-April-13-2024-Premier-League,
ENG-Premier League,2324,,2024-04-13 nan-Luton Town,2024-04-13,15:00:00,Matchweek 33,Sat,Home,W,5,1,Luton Town,74,52149,Kevin De Bruyne,4-2-3-1,3-4-3,John Brooks,/en/matches/40128bc4/Manchester-City-Luton-Town-April-13-2024-Premier-League,
ENG-Premier League,2324,,2024-04-13 nan-Manchester Utd,2024-04-13,17:30:00,Matchweek 33,Sat,Home,D,2,2,Manchester Utd,43,11229,Neto,4-2-3-1,4-2-3-1,Tony Harrington,/en/matches/32a8be36/Bournemouth-Manchester-United-April-13-2024-Premier-League,
ENG-Premier League,2324,,2024-04-13 nan-Sheffield United,2024-04-13,15:00:00,Matchweek 33,Sat,Home,W,2,0,Sheffield United,53,17115,Mathias Jensen,4-3-3,3-5-2,Samuel Barrott,/en/matches/4a4d2976/Brentford-Sheffield-United-April-13-2024-Premier-League,
ENG-Premier League,2324,,2024-04-13 nan-Tottenham,2024-04-13,12:30:00,Matchweek 33,Sat,Home,W,4,0,Tottenham,27,52147,Dan Burn,4-3-3,4-2-3-1,Tim Robinson,/en/matches/50db3243/Newcastle-United-Tottenham-Hotspur-April-13-2024-Premier-League,
ENG-Premier League,2324,,2024-04-13 nan-Wolves,2024-04-13,15:00:00,Matchweek 33,Sat,Home,D,2,2,Wolves,46,29604,Ryan Yates,4-2-3-1,3-4-1-2,Craig Pawson,/en/matches/4460b6c5/Nottingham-Forest-Wolverhampton-Wanderers-April-13-2024-Premier-League,
ENG-Premier League,2324,,2024-04-14 Arsenal-nan,2024-04-14,16:30:00,Matchweek 33,Sun,Away,W,2,0,Arsenal,49,60350,John McGinn,4-2-3-1,4-3-3,David Coote,/en/matches/c1739ced/Arsenal-Aston-Villa-April-14-2024-Premier-League,
ENG-Premier League,2324,,2024-04-14 Liverpool-nan,2024-04-14,14:00:00,Matchweek 33,Sun,Away,W,1,0,Liverpool,30,60090,Joachim Andersen,3-4-3,4-3-3,Chris Kavanagh,/en/matches/99113ef3/Liverpool-Crystal-Palace-April-14-2024-Premier-League,
ENG-Premier League,2324,,2024-04-14 West Ham-nan,2024-04-14,14:00:00,Matchweek 33,Sun,Away,W,2,0,West Ham,43,62459,Bernd Leno,4-2-3-1,4-2-3-1,Stuart Attwell,/en/matches/bd62891f/West-Ham-United-Fulham-April-14-2024-Premier-League,
ENG-Premier League,2324,,2024-04-14 nan-Aston Villa,2024-04-14,16:30:00,Matchweek 33,Sun,Home,L,0,2,Aston Villa,51,60350,Martin Ødegaard,4-3-3,4-2-3-1,David Coote,/en/matches/c1739ced/Arsenal-Aston-Villa-April-14-2024-Premier-League,
ENG-Premier League,2324,,2024-04-14 nan-Crystal Palace,2024-04-14,14:00:00,Matchweek 33,Sun,Home,L,0,1,Crystal Palace,70,60090,Virgil van Dijk,4-3-3,3-4-3,Chris Kavanagh,/en/matches/99113ef3/Liverpool-Crystal-Palace-April-14-2024-Premier-League,
ENG-Premier League,2324,,2024-04-14 nan-Fulham,2024-04-14,14:00:00,Matchweek 33,Sun,Home,L,0,2,Fulham,58,62459,Łukasz Fabiański,4-2-3-1,4-2-3-1,Stuart Attwell,/en/matches/bd62891f/West-Ham-United-Fulham-April-14-2024-Premier-League,
ENG-Premier League,2324,,2024-04-15 Chelsea-nan,2024-04-15,20:00:00,Matchweek 33,Mon,Away,L,0,6,Chelsea,41,39392,Séamus Coleman,4-4-1-1,4-2-3-1,Paul Tierney,/en/matches/1a41ac25/Chelsea-Everton-April-15-2024-Premier-League,
ENG-Premier League,2324,,2024-04-15 nan-Everton,2024-04-15,20:00:00,Matchweek 33,Mon,Home,W,6,0,Everton,59,39392,Conor Gallagher,4-2-3-1,4-4-1-1,Paul Tierney,/en/matches/1a41ac25/Chelsea-Everton-April-15-2024-Premier-League,
ENG-Premier League,2324,,2024-04-20 Luton Town-nan,2024-04-20,15:00:00,Matchweek 34,Sat,Away,W,5,1,Luton Town,48,11877,Mathias Jensen,4-3-3,3-4-3,Jarred Gillett,/en/matches/c98abeb4/Luton-Town-Brentford-April-20-2024-Premier-League,
ENG-Premier League,2324,,2024-04-20 Sheffield United-nan,2024-04-20,15:00:00,Matchweek 34,Sat,Away,W,4,1,Sheffield United,51,28964,Josh Cullen,4-4-2,4-2-3-1,Andy Madley,/en/matches/ee8223ec/Sheffield-United-Burnley-April-20-2024-Premier-League,
ENG-Premier League,2324,,2024-04-20 Wolves-nan,2024-04-20,19:30:00,Matchweek 34,Sat,Away,W,2,0,Wolves,54,31621,Martin Ødegaard,4-3-3,4-4-2,Paul Tierney,/en/matches/22881ea2/Wolverhampton-Wanderers-Arsenal-April-20-2024-Premier-League,
ENG-Premier League,2324,,2024-04-20 nan-Arsenal,2024-04-20,19:30:00,Matchweek 34,Sat,Home,L,0,2,Arsenal,46,31621,Max Kilman,4-4-2,4-3-3,Paul Tierney,/en/matches/22881ea2/Wolverhampton-Wanderers-Arsenal-April-20-2024-Premier-League,
ENG-Premier League,2324,,2024-04-20 nan-Brentford,2024-04-20,15:00:00,Matchweek 34,Sat,Home,L,1,5,Brentford,52,11877,Carlton Morris,3-4-3,4-3-3,Jarred Gillett,/en/matches/c98abeb4/Luton-Town-Brentford-April-20-2024-Premier-League,
ENG-Premier League,2324,,2024-04-20 nan-Burnley,2024-04-20,15:00:00,Matchweek 34,Sat,Home,L,1,4,Burnley,49,28964,Oliver McBurnie,4-2-3-1,4-4-2,Andy Madley,/en/matches/ee8223ec/Sheffield-United-Burnley-April-20-2024-Premier-League,
ENG-Premier League,2324,,2024-04-21 Aston Villa-nan,2024-04-21,15:00:00,Matchweek 34,Sun,Away,L,1,3,Aston Villa,43,42189,Neto,4-2-3-1,4-2-3-1,Tim Robinson,/en/matches/6236de96/Aston-Villa-Bournemouth-April-21-2024-Premier-League,
ENG-Premier League,2324,,2024-04-21 Crystal Palace-nan,2024-04-21,15:00:00,Matchweek 34,Sun,Away,L,2,5,Crystal Palace,39,25145,Kurt Zouma,4-2-3-1,3-4-3,Graham Scott,/en/matches/6ef6966a/Crystal-Palace-West-Ham-United-April-21-2024-Premier-League,
ENG-Premier League,2324,,2024-04-21 Everton-nan,2024-04-21,13:30:00,Matchweek 34,Sun,Away,L,0,2,Everton,59,39239,Morgan Gibbs-White,4-2-3-1,4-4-1-1,Anthony Taylor,/en/matches/3025d010/Everton-Nottingham-Forest-April-21-2024-Premier-League,
ENG-Premier League,2324,,2024-04-21 Fulham-nan,2024-04-21,16:30:00,Matchweek 34,Sun,Away,W,3,1,Fulham,61,24414,Virgil van Dijk,4-3-3,4-2-3-1,Craig Pawson,/en/matches/9dcb5084/Fulham-Liverpool-April-21-2024-Premier-League,
ENG-Premier League,2324,,2024-04-21 nan-Bournemouth,2024-04-21,15:00:00,Matchweek 34,Sun,Home,W,3,1,Bournemouth,57,42189,John McGinn,4-2-3-1,4-2-3-1,Tim Robinson,/en/matches/6236de96/Aston-Villa-Bournemouth-April-21-2024-Premier-League,
ENG-Premier League,2324,,2024-04-21 nan-Liverpool,2024-04-21,16:30:00,Matchweek 34,Sun,Home,L,1,3,Liverpool,39,24414,Bobby De Cordova-Reid,4-2-3-1,4-3-3,Craig Pawson,/en/matches/9dcb5084/Fulham-Liverpool-April-21-2024-Premier-League,
ENG-Premier League,2324,,2024-04-21 nan-Nottingham,2024-04-21,13:30:00,Matchweek 34,Sun,Home,W,2,0,Nottingham,41,39239,James Tarkowski,4-4-1-1,4-2-3-1,Anthony Taylor,/en/matches/3025d010/Everton-Nottingham-Forest-April-21-2024-Premier-League,
ENG-Premier League,2324,,2024-04-21 nan-West Ham,2024-04-21,15:00:00,Matchweek 34,Sun,Home,W,5,2,West Ham,61,25145,Joachim Andersen,3-4-3,4-2-3-1,Graham Scott,/en/matches/6ef6966a/Crystal-Palace-West-Ham-United-April-21-2024-Premier-League,
ENG-Premier League,2324,,2024-04-23 Arsenal-nan,2024-04-23,20:00:00,Matchweek 29,Tue,Away,L,0,5,Arsenal,56,60238,Conor Gallagher,4-2-3-1,4-3-3,Simon Hooper,/en/matches/3435dfcc/North-West-London-Derby-Arsenal-Chelsea-April-23-2024-Premier-League,
ENG-Premier League,2324,,2024-04-23 nan-Chelsea,2024-04-23,20:00:00,Matchweek 29,Tue,Home,W,5,0,Chelsea,45,60238,Martin Ødegaard,4-3-3,4-2-3-1,Simon Hooper,/en/matches/3435dfcc/North-West-London-Derby-Arsenal-Chelsea-April-23-2024-Premier-League,
ENG-Premier League,2324,,2024-04-24 Crystal Palace-nan,2024-04-24,20:00:00,Matchweek 29,Wed,Away,L,0,2,Crystal Palace,53,25002,Dan Burn,3-4-3,3-4-3,Thomas Bramall,/en/matches/ee21eba2/Crystal-Palace-Newcastle-United-April-24-2024-Premier-League,
ENG-Premier League,2324,,2024-04-24 Everton-nan,2024-04-24,20:00:00,Matchweek 29,Wed,Away,L,0,2,Everton,77,38222,Virgil van Dijk,4-3-3,4-4-1-1,Andy Madley,/en/matches/971e0a29/Merseyside-Derby-Everton-Liverpool-April-24-2024-Premier-League,
ENG-Premier League,2324,,2024-04-24 Manchester Utd-nan,2024-04-24,20:00:00,Matchweek 29,Wed,Away,L,2,4,Manchester Utd,29,73549,Oliver Arblaster,3-5-2,4-2-3-1,Michael Salisbury,/en/matches/70770e72/Manchester-United-Sheffield-United-April-24-2024-Premier-League,
ENG-Premier League,2324,,2024-04-24 Wolves-nan,2024-04-24,19:45:00,Matchweek 29,Wed,Away,W,1,0,Wolves,37,25541,Adam Smith,4-2-3-1,4-1-4-1,Stuart Attwell,/en/matches/2e209def/Wolverhampton-Wanderers-Bournemouth-April-24-2024-Premier-League,
ENG-Premier League,2324,,2024-04-24 nan-Bournemouth,2024-04-24,19:45:00,Matchweek 29,Wed,Home,L,0,1,Bournemouth,63,25541,Max Kilman,4-1-4-1,4-2-3-1,Stuart Attwell,/en/matches/2e209def/Wolverhampton-Wanderers-Bournemouth-April-24-2024-Premier-League,
ENG-Premier League,2324,,2024-04-24 nan-Liverpool,2024-04-24,20:00:00,Matchweek 29,Wed,Home,W,2,0,Liverpool,23,38222,James Tarkowski,4-4-1-1,4-3-3,Andy Madley,/en/matches/971e0a29/Merseyside-Derby-Everton-Liverpool-April-24-2024-Premier-League,
ENG-Premier League,2324,,2024-04-24 nan-Newcastle,2024-04-24,20:00:00,Matchweek 29,Wed,Home,W,2,0,Newcastle,47,25002,Joachim Andersen,3-4-3,3-4-3,Thomas Bramall,/en/matches/ee21eba2/Crystal-Palace-Newcastle-United-April-24-2024-Premier-League,
ENG-Premier League,2324,,2024-04-24 nan-Sheffield United,2024-04-24,20:00:00,Matchweek 29,Wed,Home,W,4,2,Sheffield United,72,73549,Bruno Fernandes,4-2-3-1,3-5-2,Michael Salisbury,/en/matches/70770e72/Manchester-United-Sheffield-United-April-24-2024-Premier-League,
ENG-Premier League,2324,,2024-04-25 Brighton-nan,2024-04-25,20:00:00,Matchweek 29,Thu,Away,W,4,0,Brighton,65,31596,Kyle Walker,4-1-4-1,4-2-3-1,Jarred Gillett,/en/matches/45bb8cac/Brighton-and-Hove-Albion-Manchester-City-April-25-2024-Premier-League,
ENG-Premier League,2324,,2024-04-25 nan-Manchester City,2024-04-25,20:00:00,Matchweek 29,Thu,Home,L,0,4,Manchester City,35,31596,Lewis Dunk,4-2-3-1,4-1-4-1,Jarred Gillett,/en/matches/45bb8cac/Brighton-and-Hove-Albion-Manchester-City-April-25-2024-Premier-League,
ENG-Premier League,2324,,2024-04-27 Aston Villa-nan,2024-04-27,20:00:00,Matchweek 35,Sat,Away,D,2,2,Aston Villa,72,42354,Conor Gallagher,4-2-3-1,4-4-1-1,Craig Pawson,/en/matches/a88dc35f/Aston-Villa-Chelsea-April-27-2024-Premier-League,
ENG-Premier League,2324,,2024-04-27 Everton-nan,2024-04-27,17:30:00,Matchweek 35,Sat,Away,L,0,1,Everton,52,39098,Christian Nørgaard,4-3-3,4-4-1-1,Darren England,/en/matches/c813a2ae/Everton-Brentford-April-27-2024-Premier-League,
ENG-Premier League,2324,,2024-04-27 Fulham-nan,2024-04-27,15:00:00,Matchweek 35,Sat,Away,D,1,1,Fulham,47,24142,Joachim Andersen,3-4-3,4-2-3-1,Stuart Attwell,/en/matches/9fe4ec6e/Fulham-Crystal-Palace-April-27-2024-Premier-League,
ENG-Premier League,2324,,2024-04-27 Manchester Utd-nan,2024-04-27,15:00:00,Matchweek 35,Sat,Away,D,1,1,Manchester Utd,53,73571,Josh Cullen,4-4-2,4-2-3-1,John Brooks,/en/matches/e8eb637d/Manchester-United-Burnley-April-27-2024-Premier-League,
ENG-Premier League,2324,,2024-04-27 Newcastle-nan,2024-04-27,15:00:00,Matchweek 35,Sat,Away,L,1,5,Newcastle,41,52196,Oliver Arblaster,3-5-2,4-3-3,Tony Harrington,/en/matches/e92d40be/Newcastle-United-Sheffield-United-April-27-2024-Premier-League,
ENG-Premier League,2324,,2024-04-27 West Ham-nan,2024-04-27,12:30:00,Matchweek 35,Sat,Away,D,2,2,West Ham,71,62474,Virgil van Dijk,4-3-3,4-2-3-1,Anthony Taylor,/en/matches/ba04d7d8/West-Ham-United-Liverpool-April-27-2024-Premier-League,
ENG-Premier League,2324,,2024-04-27 Wolves-nan,2024-04-27,15:00:00,Matchweek 35,Sat,Away,L,1,2,Wolves,42,31531,Carlton Morris,3-4-3,3-5-1-1,David Coote,/en/matches/55d68500/Wolverhampton-Wanderers-Luton-Town-April-27-2024-Premier-League,
ENG-Premier League,2324,,2024-04-27 nan-Brentford,2024-04-27,17:30:00,Matchweek 35,Sat,Home,W,1,0,Brentford,48,39098,James Tarkowski,4-4-1-1,4-3-3,Darren England,/en/matches/c813a2ae/Everton-Brentford-April-27-2024-Premier-League,
ENG-Premier League,2324,,2024-04-27 nan-Burnley,2024-04-27,15:00:00,Matchweek 35,Sat,Home,D,1,1,Burnley,48,73571,Bruno Fernandes,4-2-3-1,4-4-2,John Brooks,/en/matches/e8eb637d/Manchester-United-Burnley-April-27-2024-Premier-League,
ENG-Premier League,2324,,2024-04-27 nan-Chelsea,2024-04-27,20:00:00,Matchweek 35,Sat,Home,D,2,2,Chelsea,28,42354,John McGinn,4-4-1-1,4-2-3-1,Craig Pawson,/en/matches/a88dc35f/Aston-Villa-Chelsea-April-27-2024-Premier-League,
ENG-Premier League,2324,,2024-04-27 nan-Crystal Palace,2024-04-27,15:00:00,Matchweek 35,Sat,Home,D,1,1,Crystal Palace,54,24142,Harrison Reed,4-2-3-1,3-4-3,Stuart Attwell,/en/matches/9fe4ec6e/Fulham-Crystal-Palace-April-27-2024-Premier-League,
ENG-Premier League,2324,,2024-04-27 nan-Liverpool,2024-04-27,12:30:00,Matchweek 35,Sat,Home,D,2,2,Liverpool,29,62474,Kurt Zouma,4-2-3-1,4-3-3,Anthony Taylor,/en/matches/ba04d7d8/West-Ham-United-Liverpool-April-27-2024-Premier-League,
ENG-Premier League,2324,,2024-04-27 nan-Luton Town,2024-04-27,15:00:00,Matchweek 35,Sat,Home,W,2,1,Luton Town,58,31531,Max Kilman,3-5-1-1,3-4-3,David Coote,/en/matches/55d68500/Wolverhampton-Wanderers-Luton-Town-April-27-2024-Premier-League,
ENG-Premier League,2324,,2024-04-27 nan-Sheffield United,2024-04-27,15:00:00,Matchweek 35,Sat,Home,W,5,1,Sheffield United,59,52196,Dan Burn,4-3-3,3-5-2,Tony Harrington,/en/matches/e92d40be/Newcastle-United-Sheffield-United-April-27-2024-Premier-League,
ENG-Premier League,2324,,2024-04-28 Bournemouth-nan,2024-04-28,14:00:00,Matchweek 35,Sun,Away,L,0,3,Bournemouth,70,11188,Lewis Dunk,4-2-3-1,4-4-2,Paul Tierney,/en/matches/fa3c7491/Bournemouth-Brighton-and-Hove-Albion-April-28-2024-Premier-League,
ENG-Premier League,2324,,2024-04-28 Nottingham-nan,2024-04-28,16:30:00,Matchweek 35,Sun,Away,W,2,0,Nottingham,67,29677,Kyle Walker,4-1-4-1,5-4-1,Simon Hooper,/en/matches/80bbb25e/Nottingham-Forest-Manchester-City-April-28-2024-Premier-League,
ENG-Premier League,2324,,2024-04-28 Tottenham-nan,2024-04-28,14:00:00,Matchweek 35,Sun,Away,W,3,2,Tottenham,38,61554,Martin Ødegaard,4-3-3,4-2-3-1,Michael Oliver,/en/matches/d98c9a99/North-London-Derby-Tottenham-Hotspur-Arsenal-April-28-2024-Premier-League,
ENG-Premier League,2324,,2024-04-28 nan-Arsenal,2024-04-28,14:00:00,Matchweek 35,Sun,Home,L,2,3,Arsenal,62,61554,Son Heung-min,4-2-3-1,4-3-3,Michael Oliver,/en/matches/d98c9a99/North-London-Derby-Tottenham-Hotspur-Arsenal-April-28-2024-Premier-League,
ENG-Premier League,2324,,2024-04-28 nan-Brighton,2024-04-28,14:00:00,Matchweek 35,Sun,Home,W,3,0,Brighton,30,11188,Adam Smith,4-4-2,4-2-3-1,Paul Tierney,/en/matches/fa3c7491/Bournemouth-Brighton-and-Hove-Albion-April-28-2024-Premier-League,
ENG-Premier League,2324,,2024-04-28 nan-Manchester City,2024-04-28,16:30:00,Matchweek 35,Sun,Home,L,0,2,Manchester City,33,29677,Morgan Gibbs-White,5-4-1,4-1-4-1,Simon Hooper,/en/matches/80bbb25e/Nottingham-Forest-Manchester-City-April-28-2024-Premier-League,
ENG-Premier League,2324,,2024-05-02 Chelsea-nan,2024-05-02,19:30:00,Matchweek 26,Thu,Away,L,0,2,Chelsea,62,39086,Son Heung-min,4-2-3-1,4-2-3-1,Robert Jones,/en/matches/6b489131/Chelsea-Tottenham-Hotspur-May-2-2024-Premier-League,
ENG-Premier League,2324,,2024-05-02 nan-Tottenham,2024-05-02,19:30:00,Matchweek 26,Thu,Home,W,2,0,Tottenham,38,39086,Conor Gallagher,4-2-3-1,4-2-3-1,Robert Jones,/en/matches/6b489131/Chelsea-Tottenham-Hotspur-May-2-2024-Premier-League,
ENG-Premier League,2324,,2024-05-03 Luton Town-nan,2024-05-03,20:00:00,Matchweek 36,Fri,Away,D,1,1,Luton Town,50,11873,James Tarkowski,4-4-1-1,3-4-3,Tim Robinson,/en/matches/76d10c7d/Luton-Town-Everton-May-3-2024-Premier-League,
ENG-Premier League,2324,,2024-05-03 nan-Everton,2024-05-03,20:00:00,Matchweek 36,Fri,Home,D,1,1,Everton,50,11873,Carlton Morris,3-4-3,4-4-1-1,Tim Robinson,/en/matches/76d10c7d/Luton-Town-Everton-May-3-2024-Premier-League,
ENG-Premier League,2324,,2024-05-04 Arsenal-nan,2024-05-04,12:30:00,Matchweek 36,Sat,Away,L,0,3,Arsenal,44,60348,Adam Smith,4-2-3-1,4-3-3,David Coote,/en/matches/00bcfc31/Arsenal-Bournemouth-May-4-2024-Premier-League,
ENG-Premier League,2324,,2024-05-04 Brentford-nan,2024-05-04,15:00:00,Matchweek 36,Sat,Away,D,0,0,Brentford,46,17090,Bernd Leno,4-2-3-1,4-3-3,Graham Scott,/en/matches/a388fc69/Brentford-Fulham-May-4-2024-Premier-League,
ENG-Premier League,2324,,2024-05-04 Burnley-nan,2024-05-04,15:00:00,Matchweek 36,Sat,Away,W,4,1,Burnley,54,21781,Dan Burn,4-4-2,4-2-3-1,Anthony Taylor,/en/matches/070bf86d/Burnley-Newcastle-United-May-4-2024-Premier-League,
ENG-Premier League,2324,,2024-05-04 Manchester City-nan,2024-05-04,17:30:00,Matchweek 36,Sat,Away,L,1,5,Manchester City,42,52439,Max Kilman,3-5-2,4-2-3-1,Craig Pawson,/en/matches/5a9032bf/Manchester-City-Wolverhampton-Wanderers-May-4-2024-Premier-League,
ENG-Premier League,2324,,2024-05-04 Sheffield United-nan,2024-05-04,15:00:00,Matchweek 36,Sat,Away,W,3,1,Sheffield United,46,28516,Ryan Yates,4-2-3-1,3-5-2,Chris Kavanagh,/en/matches/91a2da3b/Sheffield-United-Nottingham-Forest-May-4-2024-Premier-League,
ENG-Premier League,2324,,2024-05-04 nan-Bournemouth,2024-05-04,12:30:00,Matchweek 36,Sat,Home,W,3,0,Bournemouth,56,60348,Martin Ødegaard,4-3-3,4-2-3-1,David Coote,/en/matches/00bcfc31/Arsenal-Bournemouth-May-4-2024-Premier-League,
ENG-Premier League,2324,,2024-05-04 nan-Fulham,2024-05-04,15:00:00,Matchweek 36,Sat,Home,D,0,0,Fulham,55,17090,Christian Nørgaard,4-3-3,4-2-3-1,Graham Scott,/en/matches/a388fc69/Brentford-Fulham-May-4-2024-Premier-League,
ENG-Premier League,2324,,2024-05-04 nan-Newcastle,2024-05-04,15:00:00,Matchweek 36,Sat,Home,L,1,4,Newcastle,47,21781,Josh Brownhill,4-2-3-1,4-4-2,Anthony Taylor,/en/matches/070bf86d/Burnley-Newcastle-United-May-4-2024-Premier-League,
ENG-Premier League,2324,,2024-05-04 nan-Nottingham,2024-05-04,15:00:00,Matchweek 36,Sat,Home,L,1,3,Nottingham,54,28516,Jack Robinson,3-5-2,4-2-3-1,Chris Kavanagh,/en/matches/91a2da3b/Sheffield-United-Nottingham-Forest-May-4-2024-Premier-League,
ENG-Premier League,2324,,2024-05-04 nan-Wolves,2024-05-04,17:30:00,Matchweek 36,Sat,Home,W,5,1,Wolves,58,52439,Kyle Walker,4-2-3-1,3-5-2,Craig Pawson,/en/matches/5a9032bf/Manchester-City-Wolverhampton-Wanderers-May-4-2024-Premier-League,
ENG-Premier League,2324,,2024-05-05 Brighton-nan,2024-05-05,14:00:00,Matchweek 36,Sun,Away,L,0,1,Brighton,48,31596,John McGinn,4-2-3-1,4-2-3-1,Robert Jones,/en/matches/5d5f6155/Brighton-and-Hove-Albion-Aston-Villa-May-5-2024-Premier-League,
ENG-Premier League,2324,,2024-05-05 Chelsea-nan,2024-05-05,14:00:00,Matchweek 36,Sun,Away,L,0,5,Chelsea,30,39295,Kurt Zouma,4-2-3-1,4-2-3-1,Andy Madley,/en/matches/f8a0189a/Chelsea-West-Ham-United-May-5-2024-Premier-League,
ENG-Premier League,2324,,2024-05-05 Liverpool-nan,2024-05-05,16:30:00,Matchweek 36,Sun,Away,L,2,4,Liverpool,56,60075,Son Heung-min,4-3-3,4-3-3,Paul Tierney,/en/matches/08341569/Liverpool-Tottenham-Hotspur-May-5-2024-Premier-League,
ENG-Premier League,2324,,2024-05-05 nan-Aston Villa,2024-05-05,14:00:00,Matchweek 36,Sun,Home,W,1,0,Aston Villa,52,31596,Lewis Dunk,4-2-3-1,4-2-3-1,Robert Jones,/en/matches/5d5f6155/Brighton-and-Hove-Albion-Aston-Villa-May-5-2024-Premier-League,
ENG-Premier League,2324,,2024-05-05 nan-Tottenham,2024-05-05,16:30:00,Matchweek 36,Sun,Home,W,4,2,Tottenham,44,60075,Virgil van Dijk,4-3-3,4-3-3,Paul Tierney,/en/matches/08341569/Liverpool-Tottenham-Hotspur-May-5-2024-Premier-League,
ENG-Premier League,2324,,2024-05-05 nan-West Ham,2024-05-05,14:00:00,Matchweek 36,Sun,Home,W,5,0,West Ham,70,39295,Conor Gallagher,4-2-3-1,4-2-3-1,Andy Madley,/en/matches/f8a0189a/Chelsea-West-Ham-United-May-5-2024-Premier-League,
ENG-Premier League,2324,,2024-05-06 Crystal Palace-nan,2024-05-06,20:00:00,Matchweek 36,Mon,Away,L,0,4,Crystal Palace,57,25190,Casemiro,4-2-3-1,3-4-3,Jarred Gillett,/en/matches/8c4bf9e7/Crystal-Palace-Manchester-United-May-6-2024-Premier-League,
ENG-Premier League,2324,,2024-05-06 nan-Manchester Utd,2024-05-06,20:00:00,Matchweek 36,Mon,Home,W,4,0,Manchester Utd,43,25190,Joachim Andersen,3-4-3,4-2-3-1,Jarred Gillett,/en/matches/8c4bf9e7/Crystal-Palace-Manchester-United-May-6-2024-Premier-League,
ENG-Premier League,2324,,2024-05-11 Bournemouth-nan,2024-05-11,15:00:00,Matchweek 37,Sat,Away,W,2,1,Bournemouth,52,11154,Christian Nørgaard,4-3-3,4-2-3-1,Matt Donohue,/en/matches/e7b6ebb6/Bournemouth-Brentford-May-11-2024-Premier-League,
ENG-Premier League,2324,,2024-05-11 Everton-nan,2024-05-11,15:00:00,Matchweek 37,Sat,Away,L,0,1,Everton,43,39221,Jack Robinson,3-5-2,4-4-1-1,Stuart Attwell,/en/matches/482e6ce4/Everton-Sheffield-United-May-11-2024-Premier-League,
ENG-Premier League,2324,,2024-05-11 Fulham-nan,2024-05-11,12:30:00,Matchweek 37,Sat,Away,W,4,0,Fulham,65,24418,Kevin De Bruyne,4-2-3-1,4-2-3-1,Anthony Taylor,/en/matches/4e211d29/Fulham-Manchester-City-May-11-2024-Premier-League,
ENG-Premier League,2324,,2024-05-11 Newcastle-nan,2024-05-11,15:00:00,Matchweek 37,Sat,Away,D,1,1,Newcastle,45,51997,Lewis Dunk,4-2-3-1,4-3-3,Darren England,/en/matches/6dbd7d72/Newcastle-United-Brighton-and-Hove-Albion-May-11-2024-Premier-League,
ENG-Premier League,2324,,2024-05-11 Nottingham-nan,2024-05-11,17:30:00,Matchweek 37,Sat,Away,W,3,2,Nottingham,68,29708,Conor Gallagher,4-2-3-1,5-4-1,Tony Harrington,/en/matches/384547b8/Nottingham-Forest-Chelsea-May-11-2024-Premier-League,
ENG-Premier League,2324,,2024-05-11 Tottenham-nan,2024-05-11,15:00:00,Matchweek 37,Sat,Away,L,1,2,Tottenham,37,61148,Josh Cullen,4-4-2,4-3-3,Jarred Gillett,/en/matches/45c36efd/Tottenham-Hotspur-Burnley-May-11-2024-Premier-League,
ENG-Premier League,2324,,2024-05-11 West Ham-nan,2024-05-11,15:00:00,Matchweek 37,Sat,Away,L,1,3,West Ham,42,62475,Carlton Morris,3-4-3,4-2-3-1,Michael Oliver,/en/matches/17e9dbbf/West-Ham-United-Luton-Town-May-11-2024-Premier-League,
ENG-Premier League,2324,,2024-05-11 Wolves-nan,2024-05-11,15:00:00,Matchweek 37,Sat,Away,W,3,1,Wolves,39,31424,Joachim Andersen,3-4-3,3-5-1-1,Thomas Bramall,/en/matches/16d5b6aa/Wolverhampton-Wanderers-Crystal-Palace-May-11-2024-Premier-League,
ENG-Premier League,2324,,2024-05-11 nan-Brentford,2024-05-11,15:00:00,Matchweek 37,Sat,Home,L,1,2,Brentford,48,11154,Adam Smith,4-2-3-1,4-3-3,Matt Donohue,/en/matches/e7b6ebb6/Bournemouth-Brentford-May-11-2024-Premier-League,
ENG-Premier League,2324,,2024-05-11 nan-Brighton,2024-05-11,15:00:00,Matchweek 37,Sat,Home,D,1,1,Brighton,55,51997,Dan Burn,4-3-3,4-2-3-1,Darren England,/en/matches/6dbd7d72/Newcastle-United-Brighton-and-Hove-Albion-May-11-2024-Premier-League,
ENG-Premier League,2324,,2024-05-11 nan-Burnley,2024-05-11,15:00:00,Matchweek 37,Sat,Home,W,2,1,Burnley,63,61148,Son Heung-min,4-3-3,4-4-2,Jarred Gillett,/en/matches/45c36efd/Tottenham-Hotspur-Burnley-May-11-2024-Premier-League,
ENG-Premier League,2324,,2024-05-11 nan-Chelsea,2024-05-11,17:30:00,Matchweek 37,Sat,Home,L,2,3,Chelsea,32,29708,Ryan Yates,5-4-1,4-2-3-1,Tony Harrington,/en/matches/384547b8/Nottingham-Forest-Chelsea-May-11-2024-Premier-League,
ENG-Premier League,2324,,2024-05-11 nan-Crystal Palace,2024-05-11,15:00:00,Matchweek 37,Sat,Home,L,1,3,Crystal Palace,62,31424,Max Kilman,3-5-1-1,3-4-3,Thomas Bramall,/en/matches/16d5b6aa/Wolverhampton-Wanderers-Crystal-Palace-May-11-2024-Premier-League,
ENG-Premier League,2324,,2024-05-11 nan-Luton Town,2024-05-11,15:00:00,Matchweek 37,Sat,Home,W,3,1,Luton Town,58,62475,Kurt Zouma,4-2-3-1,3-4-3,Michael Oliver,/en/matches/17e9dbbf/West-Ham-United-Luton-Town-May-11-2024-Premier-League,
ENG-Premier League,2324,,2024-05-11 nan-Manchester City,2024-05-11,12:30:00,Matchweek 37,Sat,Home,L,0,4,Manchester City,36,24418,Bobby De Cordova-Reid,4-2-3-1,4-2-3-1,Anthony Taylor,/en/matches/4e211d29/Fulham-Manchester-City-May-11-2024-Premier-League,
ENG-Premier League,2324,,2024-05-11 nan-Sheffield United,2024-05-11,15:00:00,Matchweek 37,Sat,Home,W,1,0,Sheffield United,57,39221,Séamus Coleman,4-4-1-1,3-5-2,Stuart Attwell,/en/matches/482e6ce4/Everton-Sheffield-United-May-11-2024-Premier-League,
ENG-Premier League,2324,,2024-05-12 Manchester Utd-nan,2024-05-12,16:30:00,Matchweek 37,Sun,Away,W,1,0,Manchester Utd,46,73600,Martin Ødegaard,4-3-3,4-2-3-1,Paul Tierney,/en/matches/ab9827f2/Manchester-United-Arsenal-May-12-2024-Premier-League,
ENG-Premier League,2324,,2024-05-12 nan-Arsenal,2024-05-12,16:30:00,Matchweek 37,Sun,Home,L,0,1,Arsenal,54,73600,Scott McTominay,4-2-3-1,4-3-3,Paul Tierney,/en/matches/ab9827f2/Manchester-United-Arsenal-May-12-2024-Premier-League,
ENG-Premier League,2324,,2024-05-13 Aston Villa-nan,2024-05-13,20:00:00,Matchweek 37,Mon,Away,D,3,3,Aston Villa,59,42241,Virgil van Dijk,4-3-3,4-2-3-1,Simon Hooper,/en/matches/72c0709d/Aston-Villa-Liverpool-May-13-2024-Premier-League,
ENG-Premier League,2324,,2024-05-13 nan-Liverpool,2024-05-13,20:00:00,Matchweek 37,Mon,Home,D,3,3,Liverpool,41,42241,John McGinn,4-2-3-1,4-3-3,Simon Hooper,/en/matches/72c0709d/Aston-Villa-Liverpool-May-13-2024-Premier-League,
ENG-Premier League,2324,,2024-05-14 Tottenham-nan,2024-05-14,20:00:00,Matchweek 34,Tue,Away,W,2,0,Tottenham,47,61065,Kyle Walker,4-2-3-1,4-3-1-2,Chris Kavanagh,/en/matches/2ba17e6d/Tottenham-Hotspur-Manchester-City-May-14-2024-Premier-League,
ENG-Premier League,2324,,2024-05-14 nan-Manchester City,2024-05-14,20:00:00,Matchweek 34,Tue,Home,L,0,2,Manchester City,53,61065,Son Heung-min,4-3-1-2,4-2-3-1,Chris Kavanagh,/en/matches/2ba17e6d/Tottenham-Hotspur-Manchester-City-May-14-2024-Premier-League,
ENG-Premier League,2324,,2024-05-15 Brighton-nan,2024-05-15,19:45:00,Matchweek 34,Wed,Away,W,2,1,Brighton,46,31555,Conor Gallagher,4-2-3-1,4-2-3-1,Michael Salisbury,/en/matches/b42b7907/Brighton-and-Hove-Albion-Chelsea-May-15-2024-Premier-League,
ENG-Premier League,2324,,2024-05-15 Manchester Utd-nan,2024-05-15,20:00:00,Matchweek 34,Wed,Away,L,2,3,Manchester Utd,56,73582,Kieran Trippier,4-3-3,4-2-2-2,Robert Jones,/en/matches/e43e8597/Manchester-United-Newcastle-United-May-15-2024-Premier-League,
ENG-Premier League,2324,,2024-05-15 nan-Chelsea,2024-05-15,19:45:00,Matchweek 34,Wed,Home,L,1,2,Chelsea,54,31555,Lewis Dunk,4-2-3-1,4-2-3-1,Michael Salisbury,/en/matches/b42b7907/Brighton-and-Hove-Albion-Chelsea-May-15-2024-Premier-League,
ENG-Premier League,2324,,2024-05-15 nan-Newcastle,2024-05-15,20:00:00,Matchweek 34,Wed,Home,W,3,2,Newcastle,45,73582,Bruno Fernandes,4-2-2-2,4-3-3,Robert Jones,/en/matches/e43e8597/Manchester-United-Newcastle-United-May-15-2024-Premier-League,
ENG-Premier League,2324,,2024-05-19 Arsenal-nan,2024-05-19,16:00:00,Matchweek 38,Sun,Away,L,1,2,Arsenal,31,60312,Séamus Coleman,4-4-1-1,4-3-3,Michael Oliver,/en/matches/3e33bd98/Arsenal-Everton-May-19-2024-Premier-League,
ENG-Premier League,2324,,2024-05-19 Brentford-nan,2024-05-19,16:00:00,Matchweek 38,Sun,Away,W,4,2,Brentford,47,17124,Dan Burn,4-3-3,4-3-3,Simon Hooper,/en/matches/546e1a3d/Brentford-Newcastle-United-May-19-2024-Premier-League,
ENG-Premier League,2324,,2024-05-19 Brighton-nan,2024-05-19,16:00:00,Matchweek 38,Sun,Away,W,2,0,Brighton,45,31662,Bruno Fernandes,4-2-2-2,4-2-3-1,Craig Pawson,/en/matches/47ecdc19/Brighton-and-Hove-Albion-Manchester-United-May-19-2024-Premier-League,
ENG-Premier League,2324,,2024-05-19 Burnley-nan,2024-05-19,16:00:00,Matchweek 38,Sun,Away,W,2,1,Burnley,27,21109,Ryan Yates,4-2-3-1,4-4-2,Graham Scott,/en/matches/dafb05fe/Burnley-Nottingham-Forest-May-19-2024-Premier-League,
ENG-Premier League,2324,,2024-05-19 Chelsea-nan,2024-05-19,16:00:00,Matchweek 38,Sun,Away,L,1,2,Chelsea,39,39724,Neto,4-2-3-1,4-2-3-1,Anthony Taylor,/en/matches/7c034003/Chelsea-Bournemouth-May-19-2024-Premier-League,
ENG-Premier League,2324,,2024-05-19 Crystal Palace-nan,2024-05-19,16:00:00,Matchweek 38,Sun,Away,L,0,5,Crystal Palace,46,25191,John McGinn,4-4-2,3-4-3,Darren Bond,/en/matches/c975c7a6/Crystal-Palace-Aston-Villa-May-19-2024-Premier-League,
ENG-Premier League,2324,,2024-05-19 Liverpool-nan,2024-05-19,16:00:00,Matchweek 38,Sun,Away,L,0,2,Liverpool,32,60059,Max Kilman,3-5-1-1,4-3-3,Chris Kavanagh,/en/matches/d4823ed5/Liverpool-Wolverhampton-Wanderers-May-19-2024-Premier-League,
ENG-Premier League,2324,,2024-05-19 Luton Town-nan,2024-05-19,16:00:00,Matchweek 38,Sun,Away,W,4,2,Luton Town,60,12027,Tim Ream,4-2-3-1,3-4-3,Matt Donohue,/en/matches/0fde9d70/Luton-Town-Fulham-May-19-2024-Premier-League,
ENG-Premier League,2324,,2024-05-19 Manchester City-nan,2024-05-19,16:00:00,Matchweek 38,Sun,Away,L,1,3,Manchester City,28,55097,Kurt Zouma,3-4-3,4-1-4-1,John Brooks,/en/matches/29335211/Manchester-City-West-Ham-United-May-19-2024-Premier-League,
ENG-Premier League,2324,,2024-05-19 Sheffield United-nan,2024-05-19,16:00:00,Matchweek 38,Sun,Away,W,3,0,Sheffield United,76,29116,Son Heung-min,4-2-3-1,5-3-2,Andy Madley,/en/matches/273a89b4/Sheffield-United-Tottenham-Hotspur-May-19-2024-Premier-League,
ENG-Premier League,2324,,2024-05-19 nan-Aston Villa,2024-05-19,16:00:00,Matchweek 38,Sun,Home,W,5,0,Aston Villa,55,25191,Marc Guéhi,3-4-3,4-4-2,Darren Bond,/en/matches/c975c7a6/Crystal-Palace-Aston-Villa-May-19-2024-Premier-League,
ENG-Premier League,2324,,2024-05-19 nan-Bournemouth,2024-05-19,16:00:00,Matchweek 38,Sun,Home,W,2,1,Bournemouth,61,39724,Conor Gallagher,4-2-3-1,4-2-3-1,Anthony Taylor,/en/matches/7c034003/Chelsea-Bournemouth-May-19-2024-Premier-League,
ENG-Premier League,2324,,2024-05-19 nan-Everton,2024-05-19,16:00:00,Matchweek 38,Sun,Home,W,2,1,Everton,69,60312,Martin Ødegaard,4-3-3,4-4-1-1,Michael Oliver,/en/matches/3e33bd98/Arsenal-Everton-May-19-2024-Premier-League,
ENG-Premier League,2324,,2024-05-19 nan-Fulham,2024-05-19,16:00:00,Matchweek 38,Sun,Home,L,2,4,Fulham,40,12027,Carlton Morris,3-4-3,4-2-3-1,Matt Donohue,/en/matches/0fde9d70/Luton-Town-Fulham-May-19-2024-Premier-League,
ENG-Premier League,2324,,2024-05-19 nan-Manchester Utd,2024-05-19,16:00:00,Matchweek 38,Sun,Home,L,0,2,Manchester Utd,55,31662,Adam Lallana,4-2-3-1,4-2-2-2,Craig Pawson,/en/matches/47ecdc19/Brighton-and-Hove-Albion-Manchester-United-May-19-2024-Premier-League,
ENG-Premier League,2324,,2024-05-19 nan-Newcastle,2024-05-19,16:00:00,Matchweek 38,Sun,Home,L,2,4,Newcastle,54,17124,Christian Nørgaard,4-3-3,4-3-3,Simon Hooper,/en/matches/546e1a3d/Brentford-Newcastle-United-May-19-2024-Premier-League,
ENG-Premier League,2324,,2024-05-19 nan-Nottingham,2024-05-19,16:00:00,Matchweek 38,Sun,Home,L,1,2,Nottingham,73,21109,Josh Cullen,4-4-2,4-2-3-1,Graham Scott,/en/matches/dafb05fe/Burnley-Nottingham-Forest-May-19-2024-Premier-League,
ENG-Premier League,2324,,2024-05-19 nan-Tottenham,2024-05-19,16:00:00,Matchweek 38,Sun,Home,L,0,3,Tottenham,24,29116,Jack Robinson,5-3-2,4-2-3-1,Andy Madley,/en/matches/273a89b4/Sheffield-United-Tottenham-Hotspur-May-19-2024-Premier-League,
ENG-Premier League,2324,,2024-05-19 nan-West Ham,2024-05-19,16:00:00,Matchweek 38,Sun,Home,W,3,1,West Ham,72,55097,Kyle Walker,4-1-4-1,3-4-3,John Brooks,/en/matches/29335211/Manchester-City-West-Ham-United-May-19-2024-Premier-League,
ENG-Premier League,2324,,2024-05-19 nan-Wolves,2024-05-19,16:00:00,Matchweek 38,Sun,Home,W,2,0,Wolves,68,60059,Virgil van Dijk,4-3-3,3-5-1-1,Chris Kavanagh,/en/matches/d4823ed5/Liverpool-Wolverhampton-Wanderers-May-19-2024-Premier-League,
ENG-Premier League,2425,,2024-08-16 Manchester Utd-nan,2024-08-16,20:00:00,Matchweek 1,Fri,Away,L,0,1,Manchester Utd,45,73297,Bernd Leno,4-2-3-1,4-2-3-1,Robert Jones,/en/matches/cc5b4244/Manchester-United-Fulham-August-16-2024-Premier-League,
ENG-Premier League,2425,,2024-08-16 nan-Fulham,2024-08-16,20:00:00,Matchweek 1,Fri,Home,W,1,0,Fulham,55,73297,Bruno Fernandes,4-2-3-1,4-2-3-1,Robert Jones,/en/matches/cc5b4244/Manchester-United-Fulham-August-16-2024-Premier-League,
ENG-Premier League,2425,,2024-08-17 Arsenal-nan,2024-08-17,15:00:00,Matchweek 1,Sat,Away,L,0,2,Arsenal,47,60261,Mario Lemina,4-2-3-1,4-3-3,Jarred Gillett,/en/matches/c0e3342a/Arsenal-Wolverhampton-Wanderers-August-17-2024-Premier-League,
ENG-Premier League,2425,,2024-08-17 Everton-nan,2024-08-17,15:00:00,Matchweek 1,Sat,Away,W,3,0,Everton,63,39217,Lewis Dunk,4-2-3-1,4-2-3-1,Simon Hooper,/en/matches/71618ace/Everton-Brighton-and-Hove-Albion-August-17-2024-Premier-League,
ENG-Premier League,2425,,2024-08-17 Ipswich Town-nan,2024-08-17,12:30:00,Matchweek 1,Sat,Away,W,2,0,Ipswich Town,62,30014,Virgil van Dijk,4-2-3-1,4-2-3-1,Tim Robinson,/en/matches/a1d0d529/Ipswich-Town-Liverpool-August-17-2024-Premier-League,
ENG-Premier League,2425,,2024-08-17 Newcastle-nan,2024-08-17,15:00:00,Matchweek 1,Sat,Away,L,0,1,Newcastle,78,52196,Jack Stephens,3-5-2,4-3-3,Craig Pawson,/en/matches/34557647/Newcastle-United-Southampton-August-17-2024-Premier-League,
ENG-Premier League,2425,,2024-08-17 Nottingham-nan,2024-08-17,15:00:00,Matchweek 1,Sat,Away,D,1,1,Nottingham,47,29763,Neto,4-2-3-1,4-2-3-1,Michael Oliver,/en/matches/4efc72e4/Nottingham-Forest-Bournemouth-August-17-2024-Premier-League,
ENG-Premier League,2425,,2024-08-17 West Ham-nan,2024-08-17,17:30:00,Matchweek 1,Sat,Away,W,2,1,West Ham,49,62463,John McGinn,4-2-3-1,4-1-4-1,Tony Harrington,/en/matches/eac7c00b/West-Ham-United-Aston-Villa-August-17-2024-Premier-League,
ENG-Premier League,2425,,2024-08-17 nan-Aston Villa,2024-08-17,17:30:00,Matchweek 1,Sat,Home,L,1,2,Aston Villa,51,62463,Jarrod Bowen,4-1-4-1,4-2-3-1,Tony Harrington,/en/matches/eac7c00b/West-Ham-United-Aston-Villa-August-17-2024-Premier-League,
ENG-Premier League,2425,,2024-08-17 nan-Bournemouth,2024-08-17,15:00:00,Matchweek 1,Sat,Home,D,1,1,Bournemouth,53,29763,Morgan Gibbs-White,4-2-3-1,4-2-3-1,Michael Oliver,/en/matches/4efc72e4/Nottingham-Forest-Bournemouth-August-17-2024-Premier-League,
ENG-Premier League,2425,,2024-08-17 nan-Brighton,2024-08-17,15:00:00,Matchweek 1,Sat,Home,L,0,3,Brighton,38,39217,James Tarkowski,4-2-3-1,4-2-3-1,Simon Hooper,/en/matches/71618ace/Everton-Brighton-and-Hove-Albion-August-17-2024-Premier-League,
ENG-Premier League,2425,,2024-08-17 nan-Liverpool,2024-08-17,12:30:00,Matchweek 1,Sat,Home,L,0,2,Liverpool,38,30014,Sam Morsy,4-2-3-1,4-2-3-1,Tim Robinson,/en/matches/a1d0d529/Ipswich-Town-Liverpool-August-17-2024-Premier-League,
ENG-Premier League,2425,,2024-08-17 nan-Southampton,2024-08-17,15:00:00,Matchweek 1,Sat,Home,W,1,0,Southampton,22,52196,Bruno Guimarães,4-3-3,3-5-2,Craig Pawson,/en/matches/34557647/Newcastle-United-Southampton-August-17-2024-Premier-League,
ENG-Premier League,2425,,2024-08-17 nan-Wolves,2024-08-17,15:00:00,Matchweek 1,Sat,Home,W,2,0,Wolves,53,60261,Martin Ødegaard,4-3-3,4-2-3-1,Jarred Gillett,/en/matches/c0e3342a/Arsenal-Wolverhampton-Wanderers-August-17-2024-Premier-League,
ENG-Premier League,2425,,2024-08-18 Brentford-nan,2024-08-18,14:00:00,Matchweek 1,Sun,Away,L,1,2,Brentford,54,16988,Marc Guéhi,3-4-3,4-3-3,Samuel Barrott,/en/matches/b63822b9/Brentford-Crystal-Palace-August-18-2024-Premier-League,
ENG-Premier League,2425,,2024-08-18 Chelsea-nan,2024-08-18,16:30:00,Matchweek 1,Sun,Away,W,2,0,Chelsea,52,39818,Kevin De Bruyne,3-2-4-1,4-2-3-1,Anthony Taylor,/en/matches/67a0c715/Chelsea-Manchester-City-August-18-2024-Premier-League,
ENG-Premier League,2425,,2024-08-18 nan-Crystal Palace,2024-08-18,14:00:00,Matchweek 1,Sun,Home,W,2,1,Crystal Palace,46,16988,Christian Nørgaard,4-3-3,3-4-3,Samuel Barrott,/en/matches/b63822b9/Brentford-Crystal-Palace-August-18-2024-Premier-League,
ENG-Premier League,2425,,2024-08-18 nan-Manchester City,2024-08-18,16:30:00,Matchweek 1,Sun,Home,L,0,2,Manchester City,48,39818,Enzo Fernández,4-2-3-1,3-2-4-1,Anthony Taylor,/en/matches/67a0c715/Chelsea-Manchester-City-August-18-2024-Premier-League,
ENG-Premier League,2425,,2024-08-19 Leicester City-nan,2024-08-19,20:00:00,Matchweek 1,Mon,Away,D,1,1,Leicester City,71,31977,Son Heung-min,4-3-3,4-2-3-1,Chris Kavanagh,/en/matches/62eea1d6/Leicester-City-Tottenham-Hotspur-August-19-2024-Premier-League,
ENG-Premier League,2425,,2024-08-19 nan-Tottenham,2024-08-19,20:00:00,Matchweek 1,Mon,Home,D,1,1,Tottenham,29,31977,Jamie Vardy,4-2-3-1,4-3-3,Chris Kavanagh,/en/matches/62eea1d6/Leicester-City-Tottenham-Hotspur-August-19-2024-Premier-League,
ENG-Premier League,2425,,2024-08-24 Aston Villa-nan,2024-08-24,17:30:00,Matchweek 2,Sat,Away,W,2,0,Aston Villa,61,41587,Martin Ødegaard,4-3-3,4-4-2,Michael Oliver,/en/matches/4692171a/Aston-Villa-Arsenal-August-24-2024-Premier-League,
ENG-Premier League,2425,,2024-08-24 Brighton-nan,2024-08-24,12:30:00,Matchweek 2,Sat,Away,L,1,2,Brighton,52,31537,Bruno Fernandes,4-2-3-1,4-2-3-1,Craig Pawson,/en/matches/fc8ab8b2/Brighton-and-Hove-Albion-Manchester-United-August-24-2024-Premier-League,
ENG-Premier League,2425,,2024-08-24 Crystal Palace-nan,2024-08-24,15:00:00,Matchweek 2,Sat,Away,W,2,0,Crystal Palace,41,25099,Jarrod Bowen,4-1-4-1,3-4-3,Robert Jones,/en/matches/540cfb68/Crystal-Palace-West-Ham-United-August-24-2024-Premier-League,
ENG-Premier League,2425,,2024-08-24 Fulham-nan,2024-08-24,15:00:00,Matchweek 2,Sat,Away,L,1,2,Fulham,45,25401,Jamie Vardy,3-4-3,4-2-3-1,Darren Bond,/en/matches/4d0079fb/Fulham-Leicester-City-August-24-2024-Premier-League,
ENG-Premier League,2425,,2024-08-24 Manchester City-nan,2024-08-24,15:00:00,Matchweek 2,Sat,Away,L,1,4,Manchester City,25,53147,Sam Morsy,5-4-1,3-2-4-1,Samuel Allison,/en/matches/a24b7a43/Manchester-City-Ipswich-Town-August-24-2024-Premier-League,
ENG-Premier League,2425,,2024-08-24 Southampton-nan,2024-08-24,15:00:00,Matchweek 2,Sat,Away,W,1,0,Southampton,35,31150,Morgan Gibbs-White,4-2-3-1,3-5-2,Samuel Barrott,/en/matches/a641f3a0/Southampton-Nottingham-Forest-August-24-2024-Premier-League,
ENG-Premier League,2425,,2024-08-24 Tottenham-nan,2024-08-24,15:00:00,Matchweek 2,Sat,Away,L,0,4,Tottenham,29,61357,James Tarkowski,4-2-3-1,4-3-3,Anthony Taylor,/en/matches/1eef1717/Tottenham-Hotspur-Everton-August-24-2024-Premier-League,
ENG-Premier League,2425,,2024-08-24 nan-Arsenal,2024-08-24,17:30:00,Matchweek 2,Sat,Home,L,0,2,Arsenal,39,41587,John McGinn,4-4-2,4-3-3,Michael Oliver,/en/matches/4692171a/Aston-Villa-Arsenal-August-24-2024-Premier-League,
ENG-Premier League,2425,,2024-08-24 nan-Everton,2024-08-24,15:00:00,Matchweek 2,Sat,Home,W,4,0,Everton,71,61357,Son Heung-min,4-3-3,4-2-3-1,Anthony Taylor,/en/matches/1eef1717/Tottenham-Hotspur-Everton-August-24-2024-Premier-League,
ENG-Premier League,2425,,2024-08-24 nan-Ipswich Town,2024-08-24,15:00:00,Matchweek 2,Sat,Home,W,4,1,Ipswich Town,75,53147,Kevin De Bruyne,3-2-4-1,5-4-1,Samuel Allison,/en/matches/a24b7a43/Manchester-City-Ipswich-Town-August-24-2024-Premier-League,
ENG-Premier League,2425,,2024-08-24 nan-Leicester City,2024-08-24,15:00:00,Matchweek 2,Sat,Home,W,2,1,Leicester City,55,25401,Bernd Leno,4-2-3-1,3-4-3,Darren Bond,/en/matches/4d0079fb/Fulham-Leicester-City-August-24-2024-Premier-League,
ENG-Premier League,2425,,2024-08-24 nan-Manchester Utd,2024-08-24,12:30:00,Matchweek 2,Sat,Home,W,2,1,Manchester Utd,48,31537,Lewis Dunk,4-2-3-1,4-2-3-1,Craig Pawson,/en/matches/fc8ab8b2/Brighton-and-Hove-Albion-Manchester-United-August-24-2024-Premier-League,
ENG-Premier League,2425,,2024-08-24 nan-Nottingham,2024-08-24,15:00:00,Matchweek 2,Sat,Home,L,0,1,Nottingham,65,31150,Jack Stephens,3-5-2,4-2-3-1,Samuel Barrott,/en/matches/a641f3a0/Southampton-Nottingham-Forest-August-24-2024-Premier-League,
ENG-Premier League,2425,,2024-08-24 nan-West Ham,2024-08-24,15:00:00,Matchweek 2,Sat,Home,L,0,2,West Ham,59,25099,Marc Guéhi,3-4-3,4-1-4-1,Robert Jones,/en/matches/540cfb68/Crystal-Palace-West-Ham-United-August-24-2024-Premier-League,
ENG-Premier League,2425,,2024-08-25 Bournemouth-nan,2024-08-25,14:00:00,Matchweek 2,Sun,Away,D,1,1,Bournemouth,61,11161,Bruno Guimarães,4-3-3,4-2-3-1,David Coote,/en/matches/1934f267/Bournemouth-Newcastle-United-August-25-2024-Premier-League,
ENG-Premier League,2425,,2024-08-25 Liverpool-nan,2024-08-25,16:30:00,Matchweek 2,Sun,Away,L,0,2,Liverpool,38,60017,Christian Nørgaard,4-4-2,4-2-3-1,Stuart Attwell,/en/matches/09b1742e/Liverpool-Brentford-August-25-2024-Premier-League,
ENG-Premier League,2425,,2024-08-25 Wolves-nan,2024-08-25,14:00:00,Matchweek 2,Sun,Away,W,6,2,Wolves,62,31235,Enzo Fernández,4-2-3-1,4-2-3-1,Darren England,/en/matches/e76c15c9/Wolverhampton-Wanderers-Chelsea-August-25-2024-Premier-League,
ENG-Premier League,2425,,2024-08-25 nan-Brentford,2024-08-25,16:30:00,Matchweek 2,Sun,Home,W,2,0,Brentford,63,60017,Virgil van Dijk,4-2-3-1,4-4-2,Stuart Attwell,/en/matches/09b1742e/Liverpool-Brentford-August-25-2024-Premier-League,
ENG-Premier League,2425,,2024-08-25 nan-Chelsea,2024-08-25,14:00:00,Matchweek 2,Sun,Home,L,2,6,Chelsea,39,31235,Mario Lemina,4-2-3-1,4-2-3-1,Darren England,/en/matches/e76c15c9/Wolverhampton-Wanderers-Chelsea-August-25-2024-Premier-League,
ENG-Premier League,2425,,2024-08-25 nan-Newcastle,2024-08-25,14:00:00,Matchweek 2,Sun,Home,D,1,1,Newcastle,39,11161,Neto,4-2-3-1,4-3-3,David Coote,/en/matches/1934f267/Bournemouth-Newcastle-United-August-25-2024-Premier-League,
ENG-Premier League,2425,,2024-08-31 Arsenal-nan,2024-08-31,12:30:00,Matchweek 3,Sat,Away,D,1,1,Arsenal,64,60326,Lewis Dunk,4-2-3-1,4-3-3,Chris Kavanagh,/en/matches/a843d023/Arsenal-Brighton-and-Hove-Albion-August-31-2024-Premier-League,
ENG-Premier League,2425,,2024-08-31 Brentford-nan,2024-08-31,15:00:00,Matchweek 3,Sat,Away,L,1,3,Brentford,63,16955,Jack Stephens,3-5-2,4-3-3,Joshua Smith,/en/matches/fec3438b/Brentford-Southampton-August-31-2024-Premier-League,
ENG-Premier League,2425,,2024-08-31 Everton-nan,2024-08-31,15:00:00,Matchweek 3,Sat,Away,W,3,2,Everton,53,38805,Lewis Cook,4-2-3-1,4-2-3-1,Stuart Attwell,/en/matches/58bbe046/Everton-Bournemouth-August-31-2024-Premier-League,
ENG-Premier League,2425,,2024-08-31 Ipswich Town-nan,2024-08-31,15:00:00,Matchweek 3,Sat,Away,D,1,1,Ipswich Town,52,29517,Bernd Leno,4-3-3,4-2-3-1,Lewis Smith,/en/matches/cec85838/Ipswich-Town-Fulham-August-31-2024-Premier-League,
ENG-Premier League,2425,,2024-08-31 Leicester City-nan,2024-08-31,15:00:00,Matchweek 3,Sat,Away,W,2,1,Leicester City,42,31725,John McGinn,4-4-2,4-2-3-1,David Coote,/en/matches/5af68b76/Leicester-City-Aston-Villa-August-31-2024-Premier-League,
ENG-Premier League,2425,,2024-08-31 Nottingham-nan,2024-08-31,15:00:00,Matchweek 3,Sat,Away,D,1,1,Nottingham,48,29918,Mario Lemina,4-4-1-1,4-2-3-1,Simon Hooper,/en/matches/837f0304/Nottingham-Forest-Wolverhampton-Wanderers-August-31-2024-Premier-League,
ENG-Premier League,2425,,2024-08-31 West Ham-nan,2024-08-31,17:30:00,Matchweek 3,Sat,Away,W,3,1,West Ham,68,62469,Kevin De Bruyne,3-2-4-1,4-2-3-1,Michael Oliver,/en/matches/97ce60d4/West-Ham-United-Manchester-City-August-31-2024-Premier-League,
ENG-Premier League,2425,,2024-08-31 nan-Aston Villa,2024-08-31,15:00:00,Matchweek 3,Sat,Home,L,1,2,Aston Villa,58,31725,Jamie Vardy,4-2-3-1,4-4-2,David Coote,/en/matches/5af68b76/Leicester-City-Aston-Villa-August-31-2024-Premier-League,
ENG-Premier League,2425,,2024-08-31 nan-Bournemouth,2024-08-31,15:00:00,Matchweek 3,Sat,Home,L,2,3,Bournemouth,47,38805,Séamus Coleman,4-2-3-1,4-2-3-1,Stuart Attwell,/en/matches/58bbe046/Everton-Bournemouth-August-31-2024-Premier-League,
ENG-Premier League,2425,,2024-08-31 nan-Brighton,2024-08-31,12:30:00,Matchweek 3,Sat,Home,D,1,1,Brighton,36,60326,Martin Ødegaard,4-3-3,4-2-3-1,Chris Kavanagh,/en/matches/a843d023/Arsenal-Brighton-and-Hove-Albion-August-31-2024-Premier-League,
ENG-Premier League,2425,,2024-08-31 nan-Fulham,2024-08-31,15:00:00,Matchweek 3,Sat,Home,D,1,1,Fulham,49,29517,Sam Morsy,4-2-3-1,4-3-3,Lewis Smith,/en/matches/cec85838/Ipswich-Town-Fulham-August-31-2024-Premier-League,
ENG-Premier League,2425,,2024-08-31 nan-Manchester City,2024-08-31,17:30:00,Matchweek 3,Sat,Home,L,1,3,Manchester City,32,62469,Jarrod Bowen,4-2-3-1,3-2-4-1,Michael Oliver,/en/matches/97ce60d4/West-Ham-United-Manchester-City-August-31-2024-Premier-League,
ENG-Premier League,2425,,2024-08-31 nan-Southampton,2024-08-31,15:00:00,Matchweek 3,Sat,Home,W,3,1,Southampton,37,16955,Christian Nørgaard,4-3-3,3-5-2,Joshua Smith,/en/matches/fec3438b/Brentford-Southampton-August-31-2024-Premier-League,
ENG-Premier League,2425,,2024-08-31 nan-Wolves,2024-08-31,15:00:00,Matchweek 3,Sat,Home,D,1,1,Wolves,52,29918,Morgan Gibbs-White,4-2-3-1,4-4-1-1,Simon Hooper,/en/matches/837f0304/Nottingham-Forest-Wolverhampton-Wanderers-August-31-2024-Premier-League,
ENG-Premier League,2425,,2024-09-01 Chelsea-nan,2024-09-01,13:30:00,Matchweek 3,Sun,Away,D,1,1,Chelsea,37,39298,Marc Guéhi,3-4-3,4-2-3-1,Jarred Gillett,/en/matches/3387c2c8/Chelsea-Crystal-Palace-September-1-2024-Premier-League,
ENG-Premier League,2425,,2024-09-01 Manchester Utd-nan,2024-09-01,16:00:00,Matchweek 3,Sun,Away,W,3,0,Manchester Utd,47,73738,Virgil van Dijk,4-2-3-1,4-2-3-1,Anthony Taylor,/en/matches/a7ab7a12/North-West-Derby-Manchester-United-Liverpool-September-1-2024-Premier-League,
ENG-Premier League,2425,,2024-09-01 Newcastle-nan,2024-09-01,13:30:00,Matchweek 3,Sun,Away,L,1,2,Newcastle,66,52211,Son Heung-min,4-3-3,4-3-3,Robert Jones,/en/matches/0c994746/Newcastle-United-Tottenham-Hotspur-September-1-2024-Premier-League,
ENG-Premier League,2425,,2024-09-01 nan-Crystal Palace,2024-09-01,13:30:00,Matchweek 3,Sun,Home,D,1,1,Crystal Palace,63,39298,Enzo Fernández,4-2-3-1,3-4-3,Jarred Gillett,/en/matches/3387c2c8/Chelsea-Crystal-Palace-September-1-2024-Premier-League,
ENG-Premier League,2425,,2024-09-01 nan-Liverpool,2024-09-01,16:00:00,Matchweek 3,Sun,Home,L,0,3,Liverpool,53,73738,Bruno Fernandes,4-2-3-1,4-2-3-1,Anthony Taylor,/en/matches/a7ab7a12/North-West-Derby-Manchester-United-Liverpool-September-1-2024-Premier-League,
ENG-Premier League,2425,,2024-09-01 nan-Tottenham,2024-09-01,13:30:00,Matchweek 3,Sun,Home,W,2,1,Tottenham,34,52211,Bruno Guimarães,4-3-3,4-3-3,Robert Jones,/en/matches/0c994746/Newcastle-United-Tottenham-Hotspur-September-1-2024-Premier-League,
ENG-Premier League,2425,,2024-09-14 Aston Villa-nan,2024-09-14,17:30:00,Matchweek 4,Sat,Away,L,2,3,Aston Villa,27,41573,James Tarkowski,4-2-3-1,4-2-3-1,Craig Pawson,/en/matches/cdb4c33b/Aston-Villa-Everton-September-14-2024-Premier-League,
ENG-Premier League,2425,,2024-09-14 Bournemouth-nan,2024-09-14,20:00:00,Matchweek 4,Sat,Away,W,1,0,Bournemouth,67,11235,Moisés Caicedo,4-2-3-1,4-2-3-1,Anthony Taylor,/en/matches/456b4762/Bournemouth-Chelsea-September-14-2024-Premier-League,
ENG-Premier League,2425,,2024-09-14 Brighton-nan,2024-09-14,15:00:00,Matchweek 4,Sat,Away,D,0,0,Brighton,30,41573,Sam Morsy,4-2-3-1,4-4-2,Samuel Barrott,/en/matches/2ffa4354/Brighton-and-Hove-Albion-Ipswich-Town-September-14-2024-Premier-League,
ENG-Premier League,2425,,2024-09-14 Crystal Palace-nan,2024-09-14,15:00:00,Matchweek 4,Sat,Away,D,2,2,Crystal Palace,33,25147,Jamie Vardy,4-2-3-1,3-4-3,Tony Harrington,/en/matches/430cce12/Crystal-Palace-Leicester-City-September-14-2024-Premier-League,
ENG-Premier League,2425,,2024-09-14 Fulham-nan,2024-09-14,15:00:00,Matchweek 4,Sat,Away,D,1,1,Fulham,46,26528,Jarrod Bowen,4-2-3-1,4-2-3-1,Tim Robinson,/en/matches/fa2b1777/Fulham-West-Ham-United-September-14-2024-Premier-League,
ENG-Premier League,2425,,2024-09-14 Liverpool-nan,2024-09-14,15:00:00,Matchweek 4,Sat,Away,W,1,0,Liverpool,31,60344,Ryan Yates,4-2-3-1,4-2-3-1,Michael Oliver,/en/matches/674bfe9e/Liverpool-Nottingham-Forest-September-14-2024-Premier-League,
ENG-Premier League,2425,,2024-09-14 Manchester City-nan,2024-09-14,15:00:00,Matchweek 4,Sat,Away,L,1,2,Manchester City,46,52148,Christian Nørgaard,5-3-2,4-2-3-1,Darren Bond,/en/matches/54405f8a/Manchester-City-Brentford-September-14-2024-Premier-League,
ENG-Premier League,2425,,2024-09-14 Southampton-nan,2024-09-14,12:30:00,Matchweek 4,Sat,Away,W,3,0,Southampton,56,31144,Bruno Fernandes,4-2-3-1,4-2-3-1,Stuart Attwell,/en/matches/b96c3759/Southampton-Manchester-United-September-14-2024-Premier-League,
ENG-Premier League,2425,,2024-09-14 nan-Brentford,2024-09-14,15:00:00,Matchweek 4,Sat,Home,W,2,1,Brentford,54,52148,Kyle Walker,4-2-3-1,5-3-2,Darren Bond,/en/matches/54405f8a/Manchester-City-Brentford-September-14-2024-Premier-League,
ENG-Premier League,2425,,2024-09-14 nan-Chelsea,2024-09-14,20:00:00,Matchweek 4,Sat,Home,L,0,1,Chelsea,33,11235,Adam Smith,4-2-3-1,4-2-3-1,Anthony Taylor,/en/matches/456b4762/Bournemouth-Chelsea-September-14-2024-Premier-League,
ENG-Premier League,2425,,2024-09-14 nan-Everton,2024-09-14,17:30:00,Matchweek 4,Sat,Home,W,3,2,Everton,73,41573,John McGinn,4-2-3-1,4-2-3-1,Craig Pawson,/en/matches/cdb4c33b/Aston-Villa-Everton-September-14-2024-Premier-League,
ENG-Premier League,2425,,2024-09-14 nan-Ipswich Town,2024-09-14,15:00:00,Matchweek 4,Sat,Home,D,0,0,Ipswich Town,70,41573,Lewis Dunk,4-4-2,4-2-3-1,Samuel Barrott,/en/matches/2ffa4354/Brighton-and-Hove-Albion-Ipswich-Town-September-14-2024-Premier-League,
ENG-Premier League,2425,,2024-09-14 nan-Leicester City,2024-09-14,15:00:00,Matchweek 4,Sat,Home,D,2,2,Leicester City,67,25147,Marc Guéhi,3-4-3,4-2-3-1,Tony Harrington,/en/matches/430cce12/Crystal-Palace-Leicester-City-September-14-2024-Premier-League,
ENG-Premier League,2425,,2024-09-14 nan-Manchester Utd,2024-09-14,12:30:00,Matchweek 4,Sat,Home,L,0,3,Manchester Utd,44,31144,Jack Stephens,4-2-3-1,4-2-3-1,Stuart Attwell,/en/matches/b96c3759/Southampton-Manchester-United-September-14-2024-Premier-League,
ENG-Premier League,2425,,2024-09-14 nan-Nottingham,2024-09-14,15:00:00,Matchweek 4,Sat,Home,L,0,1,Nottingham,69,60344,Virgil van Dijk,4-2-3-1,4-2-3-1,Michael Oliver,/en/matches/674bfe9e/Liverpool-Nottingham-Forest-September-14-2024-Premier-League,
ENG-Premier League,2425,,2024-09-14 nan-West Ham,2024-09-14,15:00:00,Matchweek 4,Sat,Home,D,1,1,West Ham,54,26528,Bernd Leno,4-2-3-1,4-2-3-1,Tim Robinson,/en/matches/fa2b1777/Fulham-West-Ham-United-September-14-2024-Premier-League,
ENG-Premier League,2425,,2024-09-15 Tottenham-nan,2024-09-15,14:00:00,Matchweek 4,Sun,Away,W,1,0,Tottenham,36,61645,Jorginho,4-3-3,4-3-3,Jarred Gillett,/en/matches/17774a57/North-London-Derby-Tottenham-Hotspur-Arsenal-September-15-2024-Premier-League,
ENG-Premier League,2425,,2024-09-15 Wolves-nan,2024-09-15,16:30:00,Matchweek 4,Sun,Away,W,2,1,Wolves,51,30255,Bruno Guimarães,4-3-3,4-4-1-1,Chris Kavanagh,/en/matches/4b01981e/Wolverhampton-Wanderers-Newcastle-United-September-15-2024-Premier-League,
ENG-Premier League,2425,,2024-09-15 nan-Arsenal,2024-09-15,14:00:00,Matchweek 4,Sun,Home,L,0,1,Arsenal,64,61645,Son Heung-min,4-3-3,4-3-3,Jarred Gillett,/en/matches/17774a57/North-London-Derby-Tottenham-Hotspur-Arsenal-September-15-2024-Premier-League,
ENG-Premier League,2425,,2024-09-15 nan-Newcastle,2024-09-15,16:30:00,Matchweek 4,Sun,Home,L,1,2,Newcastle,49,30255,Mario Lemina,4-4-1-1,4-3-3,Chris Kavanagh,/en/matches/4b01981e/Wolverhampton-Wanderers-Newcastle-United-September-15-2024-Premier-League,
ENG-Premier League,2425,,2024-09-21 Aston Villa-nan,2024-09-21,15:00:00,Matchweek 5,Sat,Away,L,1,3,Aston Villa,47,39978,Mario Lemina,4-1-4-1,4-2-3-1,Tim Robinson,/en/matches/e2b62260/Aston-Villa-Wolverhampton-Wanderers-September-21-2024-Premier-League,
ENG-Premier League,2425,,2024-09-21 Crystal Palace-nan,2024-09-21,17:30:00,Matchweek 5,Sat,Away,D,0,0,Crystal Palace,67,25172,Bruno Fernandes,4-2-3-1,3-4-3,David Coote,/en/matches/929e225f/Crystal-Palace-Manchester-United-September-21-2024-Premier-League,
ENG-Premier League,2425,,2024-09-21 Fulham-nan,2024-09-21,15:00:00,Matchweek 5,Sat,Away,L,1,3,Fulham,61,25700,Bruno Guimarães,4-3-3,4-2-3-1,Peter Bankes,/en/matches/de7298df/Fulham-Newcastle-United-September-21-2024-Premier-League,
ENG-Premier League,2425,,2024-09-21 Leicester City-nan,2024-09-21,15:00:00,Matchweek 5,Sat,Away,D,1,1,Leicester City,42,31765,James Tarkowski,4-2-3-1,4-2-3-1,Darren England,/en/matches/4e6e1cc7/Leicester-City-Everton-September-21-2024-Premier-League,
ENG-Premier League,2425,,2024-09-21 Liverpool-nan,2024-09-21,15:00:00,Matchweek 5,Sat,Away,L,0,3,Liverpool,41,60347,Lewis Cook,4-2-3-1,4-2-3-1,Tony Harrington,/en/matches/32a9539b/Liverpool-Bournemouth-September-21-2024-Premier-League,
ENG-Premier League,2425,,2024-09-21 Southampton-nan,2024-09-21,15:00:00,Matchweek 5,Sat,Away,D,1,1,Southampton,46,31117,Sam Morsy,4-2-3-1,4-2-3-1,Samuel Allison,/en/matches/948d52cc/Southampton-Ipswich-Town-September-21-2024-Premier-League,
ENG-Premier League,2425,,2024-09-21 Tottenham-nan,2024-09-21,15:00:00,Matchweek 5,Sat,Away,L,1,3,Tottenham,52,61246,Vitaly Janelt,5-3-2,4-3-3,John Brooks,/en/matches/9511708f/Tottenham-Hotspur-Brentford-September-21-2024-Premier-League,
ENG-Premier League,2425,,2024-09-21 West Ham-nan,2024-09-21,12:30:00,Matchweek 5,Sat,Away,W,3,0,West Ham,48,62473,Enzo Fernández,4-2-3-1,3-4-3,Samuel Barrott,/en/matches/ce0fb1f5/West-Ham-United-Chelsea-September-21-2024-Premier-League,
ENG-Premier League,2425,,2024-09-21 nan-Bournemouth,2024-09-21,15:00:00,Matchweek 5,Sat,Home,W,3,0,Bournemouth,59,60347,Virgil van Dijk,4-2-3-1,4-2-3-1,Tony Harrington,/en/matches/32a9539b/Liverpool-Bournemouth-September-21-2024-Premier-League,
ENG-Premier League,2425,,2024-09-21 nan-Brentford,2024-09-21,15:00:00,Matchweek 5,Sat,Home,W,3,1,Brentford,48,61246,Son Heung-min,4-3-3,5-3-2,John Brooks,/en/matches/9511708f/Tottenham-Hotspur-Brentford-September-21-2024-Premier-League,
ENG-Premier League,2425,,2024-09-21 nan-Chelsea,2024-09-21,12:30:00,Matchweek 5,Sat,Home,L,0,3,Chelsea,52,62473,Jarrod Bowen,3-4-3,4-2-3-1,Samuel Barrott,/en/matches/ce0fb1f5/West-Ham-United-Chelsea-September-21-2024-Premier-League,
ENG-Premier League,2425,,2024-09-21 nan-Everton,2024-09-21,15:00:00,Matchweek 5,Sat,Home,D,1,1,Everton,58,31765,Jamie Vardy,4-2-3-1,4-2-3-1,Darren England,/en/matches/4e6e1cc7/Leicester-City-Everton-September-21-2024-Premier-League,
ENG-Premier League,2425,,2024-09-21 nan-Ipswich Town,2024-09-21,15:00:00,Matchweek 5,Sat,Home,D,1,1,Ipswich Town,54,31117,Flynn Downes,4-2-3-1,4-2-3-1,Samuel Allison,/en/matches/948d52cc/Southampton-Ipswich-Town-September-21-2024-Premier-League,
ENG-Premier League,2425,,2024-09-21 nan-Manchester Utd,2024-09-21,17:30:00,Matchweek 5,Sat,Home,D,0,0,Manchester Utd,33,25172,Marc Guéhi,3-4-3,4-2-3-1,David Coote,/en/matches/929e225f/Crystal-Palace-Manchester-United-September-21-2024-Premier-League,
ENG-Premier League,2425,,2024-09-21 nan-Newcastle,2024-09-21,15:00:00,Matchweek 5,Sat,Home,W,3,1,Newcastle,39,25700,Bernd Leno,4-2-3-1,4-3-3,Peter Bankes,/en/matches/de7298df/Fulham-Newcastle-United-September-21-2024-Premier-League,
ENG-Premier League,2425,,2024-09-21 nan-Wolves,2024-09-21,15:00:00,Matchweek 5,Sat,Home,W,3,1,Wolves,53,39978,John McGinn,4-2-3-1,4-1-4-1,Tim Robinson,/en/matches/e2b62260/Aston-Villa-Wolverhampton-Wanderers-September-21-2024-Premier-League,
ENG-Premier League,2425,,2024-09-22 Brighton-nan,2024-09-22,14:00:00,Matchweek 5,Sun,Away,D,2,2,Brighton,29,31444,Morgan Gibbs-White,4-2-3-1,4-2-3-1,Robert Jones,/en/matches/d701a1df/Brighton-and-Hove-Albion-Nottingham-Forest-September-22-2024-Premier-League,
ENG-Premier League,2425,,2024-09-22 Manchester City-nan,2024-09-22,16:30:00,Matchweek 5,Sun,Away,D,2,2,Manchester City,22,52846,Bukayo Saka,4-4-2,4-3-3,Michael Oliver,/en/matches/d7538020/Manchester-City-Arsenal-September-22-2024-Premier-League,
ENG-Premier League,2425,,2024-09-22 nan-Arsenal,2024-09-22,16:30:00,Matchweek 5,Sun,Home,D,2,2,Arsenal,78,52846,Kyle Walker,4-3-3,4-4-2,Michael Oliver,/en/matches/d7538020/Manchester-City-Arsenal-September-22-2024-Premier-League,
ENG-Premier League,2425,,2024-09-22 nan-Nottingham,2024-09-22,14:00:00,Matchweek 5,Sun,Home,D,2,2,Nottingham,71,31444,Lewis Dunk,4-2-3-1,4-2-3-1,Robert Jones,/en/matches/d701a1df/Brighton-and-Hove-Albion-Nottingham-Forest-September-22-2024-Premier-League,
ENG-Premier League,2425,,2024-09-28 Arsenal-nan,2024-09-28,15:00:00,Matchweek 6,Sat,Away,L,2,4,Arsenal,25,60323,Jamie Vardy,4-2-3-1,4-4-2,Samuel Barrott,/en/matches/2ee60ac7/Arsenal-Leicester-City-September-28-2024-Premier-League,
ENG-Premier League,2425,,2024-09-28 Brentford-nan,2024-09-28,15:00:00,Matchweek 6,Sat,Away,D,1,1,Brentford,43,17050,Jarrod Bowen,4-1-4-1,4-4-2,Simon Hooper,/en/matches/9c4f2bcd/Brentford-West-Ham-United-September-28-2024-Premier-League,
ENG-Premier League,2425,,2024-09-28 Chelsea-nan,2024-09-28,15:00:00,Matchweek 6,Sat,Away,L,2,4,Chelsea,59,39495,Lewis Dunk,4-3-3,4-2-3-1,Peter Bankes,/en/matches/1714cebe/Chelsea-Brighton-and-Hove-Albion-September-28-2024-Premier-League,
ENG-Premier League,2425,,2024-09-28 Everton-nan,2024-09-28,15:00:00,Matchweek 6,Sat,Away,L,1,2,Everton,59,38954,Marc Guéhi,3-4-3,4-2-3-1,Andy Madley,/en/matches/d47382cd/Everton-Crystal-Palace-September-28-2024-Premier-League,
ENG-Premier League,2425,,2024-09-28 Newcastle-nan,2024-09-28,12:30:00,Matchweek 6,Sat,Away,D,1,1,Newcastle,62,52248,Kyle Walker,4-2-3-1,4-3-3,Jarred Gillett,/en/matches/b4df0bca/Newcastle-United-Manchester-City-September-28-2024-Premier-League,
ENG-Premier League,2425,,2024-09-28 Nottingham-nan,2024-09-28,15:00:00,Matchweek 6,Sat,Away,W,1,0,Nottingham,59,30139,Bernd Leno,4-2-3-1,4-4-2,Joshua Smith,/en/matches/ee7d3371/Nottingham-Forest-Fulham-September-28-2024-Premier-League,
ENG-Premier League,2425,,2024-09-28 Wolves-nan,2024-09-28,17:30:00,Matchweek 6,Sat,Away,W,2,1,Wolves,55,31413,Virgil van Dijk,4-2-3-1,4-1-4-1,Anthony Taylor,/en/matches/f2633f1d/Wolverhampton-Wanderers-Liverpool-September-28-2024-Premier-League,
ENG-Premier League,2425,,2024-09-28 nan-Brighton,2024-09-28,15:00:00,Matchweek 6,Sat,Home,W,4,2,Brighton,41,39495,Enzo Fernández,4-2-3-1,4-3-3,Peter Bankes,/en/matches/1714cebe/Chelsea-Brighton-and-Hove-Albion-September-28-2024-Premier-League,
ENG-Premier League,2425,,2024-09-28 nan-Crystal Palace,2024-09-28,15:00:00,Matchweek 6,Sat,Home,W,2,1,Crystal Palace,41,38954,James Tarkowski,4-2-3-1,3-4-3,Andy Madley,/en/matches/d47382cd/Everton-Crystal-Palace-September-28-2024-Premier-League,
ENG-Premier League,2425,,2024-09-28 nan-Fulham,2024-09-28,15:00:00,Matchweek 6,Sat,Home,L,0,1,Fulham,41,30139,Ryan Yates,4-4-2,4-2-3-1,Joshua Smith,/en/matches/ee7d3371/Nottingham-Forest-Fulham-September-28-2024-Premier-League,
ENG-Premier League,2425,,2024-09-28 nan-Leicester City,2024-09-28,15:00:00,Matchweek 6,Sat,Home,W,4,2,Leicester City,75,60323,Bukayo Saka,4-4-2,4-2-3-1,Samuel Barrott,/en/matches/2ee60ac7/Arsenal-Leicester-City-September-28-2024-Premier-League,
ENG-Premier League,2425,,2024-09-28 nan-Liverpool,2024-09-28,17:30:00,Matchweek 6,Sat,Home,L,1,2,Liverpool,45,31413,Mario Lemina,4-1-4-1,4-2-3-1,Anthony Taylor,/en/matches/f2633f1d/Wolverhampton-Wanderers-Liverpool-September-28-2024-Premier-League,
ENG-Premier League,2425,,2024-09-28 nan-Manchester City,2024-09-28,12:30:00,Matchweek 6,Sat,Home,D,1,1,Manchester City,38,52248,Bruno Guimarães,4-3-3,4-2-3-1,Jarred Gillett,/en/matches/b4df0bca/Newcastle-United-Manchester-City-September-28-2024-Premier-League,
ENG-Premier League,2425,,2024-09-28 nan-West Ham,2024-09-28,15:00:00,Matchweek 6,Sat,Home,D,1,1,West Ham,57,17050,Vitaly Janelt,4-4-2,4-1-4-1,Simon Hooper,/en/matches/9c4f2bcd/Brentford-West-Ham-United-September-28-2024-Premier-League,
ENG-Premier League,2425,,2024-09-29 Ipswich Town-nan,2024-09-29,14:00:00,Matchweek 6,Sun,Away,D,2,2,Ipswich Town,56,29943,Emiliano Martínez,4-2-3-1,4-2-3-1,Stuart Attwell,/en/matches/ef742b9c/Ipswich-Town-Aston-Villa-September-29-2024-Premier-League,
ENG-Premier League,2425,,2024-09-29 Manchester Utd-nan,2024-09-29,16:30:00,Matchweek 6,Sun,Away,W,3,0,Manchester Utd,61,73587,Cristian Romero,4-3-3,4-2-3-1,Chris Kavanagh,/en/matches/c4b97377/Manchester-United-Tottenham-Hotspur-September-29-2024-Premier-League,
ENG-Premier League,2425,,2024-09-29 nan-Aston Villa,2024-09-29,14:00:00,Matchweek 6,Sun,Home,D,2,2,Aston Villa,44,29943,Sam Morsy,4-2-3-1,4-2-3-1,Stuart Attwell,/en/matches/ef742b9c/Ipswich-Town-Aston-Villa-September-29-2024-Premier-League,
ENG-Premier League,2425,,2024-09-29 nan-Tottenham,2024-09-29,16:30:00,Matchweek 6,Sun,Home,L,0,3,Tottenham,39,73587,Bruno Fernandes,4-2-3-1,4-3-3,Chris Kavanagh,/en/matches/c4b97377/Manchester-United-Tottenham-Hotspur-September-29-2024-Premier-League,
ENG-Premier League,2425,,2024-09-30 Bournemouth-nan,2024-09-30,20:00:00,Matchweek 6,Mon,Away,L,1,3,Bournemouth,60,11243,Flynn Downes,4-2-3-1,4-2-3-1,Michael Oliver,/en/matches/04d2cc03/Bournemouth-Southampton-September-30-2024-Premier-League,
ENG-Premier League,2425,,2024-09-30 nan-Southampton,2024-09-30,20:00:00,Matchweek 6,Mon,Home,W,3,1,Southampton,40,11243,Adam Smith,4-2-3-1,4-2-3-1,Michael Oliver,/en/matches/04d2cc03/Bournemouth-Southampton-September-30-2024-Premier-League,
ENG-Premier League,2425,,2024-10-05 Arsenal-nan,2024-10-05,15:00:00,Matchweek 7,Sat,Away,L,1,3,Arsenal,41,60307,Flynn Downes,5-4-1,4-4-2,Tony Harrington,/en/matches/c6439e5b/Arsenal-Southampton-October-5-2024-Premier-League,
ENG-Premier League,2425,,2024-10-05 Brentford-nan,2024-10-05,15:00:00,Matchweek 7,Sat,Away,L,3,5,Brentford,56,16960,Mario Lemina,4-1-4-1,4-2-3-1,Andy Madley,/en/matches/909090f8/Brentford-Wolverhampton-Wanderers-October-5-2024-Premier-League,
ENG-Premier League,2425,,2024-10-05 Crystal Palace-nan,2024-10-05,12:30:00,Matchweek 7,Sat,Away,W,1,0,Crystal Palace,68,25185,Virgil van Dijk,4-2-3-1,3-4-3,Simon Hooper,/en/matches/49ea224b/Crystal-Palace-Liverpool-October-5-2024-Premier-League,
ENG-Premier League,2425,,2024-10-05 Everton-nan,2024-10-05,17:30:00,Matchweek 7,Sat,Away,D,0,0,Everton,67,39265,Bruno Guimarães,4-3-3,4-2-3-1,Craig Pawson,/en/matches/e99a7857/Everton-Newcastle-United-October-5-2024-Premier-League,
ENG-Premier League,2425,,2024-10-05 Leicester City-nan,2024-10-05,15:00:00,Matchweek 7,Sat,Away,L,0,1,Leicester City,56,31706,Adam Smith,4-2-3-1,4-2-3-1,Darren Bond,/en/matches/d153872e/Leicester-City-Bournemouth-October-5-2024-Premier-League,
ENG-Premier League,2425,,2024-10-05 Manchester City-nan,2024-10-05,15:00:00,Matchweek 7,Sat,Away,L,2,3,Manchester City,42,53017,Bernd Leno,5-4-1,4-1-4-1,Peter Bankes,/en/matches/61d60f62/Manchester-City-Fulham-October-5-2024-Premier-League,
ENG-Premier League,2425,,2024-10-05 West Ham-nan,2024-10-05,15:00:00,Matchweek 7,Sat,Away,L,1,4,West Ham,47,62467,Sam Morsy,4-2-3-1,4-1-4-1,Anthony Taylor,/en/matches/93e19c5e/West-Ham-United-Ipswich-Town-October-5-2024-Premier-League,
ENG-Premier League,2425,,2024-10-05 nan-Bournemouth,2024-10-05,15:00:00,Matchweek 7,Sat,Home,W,1,0,Bournemouth,44,31706,Jamie Vardy,4-2-3-1,4-2-3-1,Darren Bond,/en/matches/d153872e/Leicester-City-Bournemouth-October-5-2024-Premier-League,
ENG-Premier League,2425,,2024-10-05 nan-Fulham,2024-10-05,15:00:00,Matchweek 7,Sat,Home,W,3,2,Fulham,58,53017,Rúben Dias,4-1-4-1,5-4-1,Peter Bankes,/en/matches/61d60f62/Manchester-City-Fulham-October-5-2024-Premier-League,
ENG-Premier League,2425,,2024-10-05 nan-Ipswich Town,2024-10-05,15:00:00,Matchweek 7,Sat,Home,W,4,1,Ipswich Town,53,62467,Jarrod Bowen,4-1-4-1,4-2-3-1,Anthony Taylor,/en/matches/93e19c5e/West-Ham-United-Ipswich-Town-October-5-2024-Premier-League,
ENG-Premier League,2425,,2024-10-05 nan-Liverpool,2024-10-05,12:30:00,Matchweek 7,Sat,Home,L,0,1,Liverpool,32,25185,Marc Guéhi,3-4-3,4-2-3-1,Simon Hooper,/en/matches/49ea224b/Crystal-Palace-Liverpool-October-5-2024-Premier-League,
ENG-Premier League,2425,,2024-10-05 nan-Newcastle,2024-10-05,17:30:00,Matchweek 7,Sat,Home,D,0,0,Newcastle,33,39265,James Tarkowski,4-2-3-1,4-3-3,Craig Pawson,/en/matches/e99a7857/Everton-Newcastle-United-October-5-2024-Premier-League,
ENG-Premier League,2425,,2024-10-05 nan-Southampton,2024-10-05,15:00:00,Matchweek 7,Sat,Home,W,3,1,Southampton,59,60307,Jorginho,4-4-2,5-4-1,Tony Harrington,/en/matches/c6439e5b/Arsenal-Southampton-October-5-2024-Premier-League,
ENG-Premier League,2425,,2024-10-05 nan-Wolves,2024-10-05,15:00:00,Matchweek 7,Sat,Home,W,5,3,Wolves,44,16960,Christian Nørgaard,4-2-3-1,4-1-4-1,Andy Madley,/en/matches/909090f8/Brentford-Wolverhampton-Wanderers-October-5-2024-Premier-League,
ENG-Premier League,2425,,2024-10-06 Aston Villa-nan,2024-10-06,14:00:00,Matchweek 7,Sun,Away,D,0,0,Aston Villa,46,42682,Bruno Fernandes,4-2-3-1,4-2-3-1,Robert Jones,/en/matches/abef5f2a/Aston-Villa-Manchester-United-October-6-2024-Premier-League,
ENG-Premier League,2425,,2024-10-06 Brighton-nan,2024-10-06,16:30:00,Matchweek 7,Sun,Away,L,2,3,Brighton,59,31487,Cristian Romero,4-3-3,4-2-3-1,David Coote,/en/matches/dac142c7/Brighton-and-Hove-Albion-Tottenham-Hotspur-October-6-2024-Premier-League,
ENG-Premier League,2425,,2024-10-06 Chelsea-nan,2024-10-06,14:00:00,Matchweek 7,Sun,Away,D,1,1,Chelsea,34,39501,Ryan Yates,4-2-3-1,4-2-3-1,Chris Kavanagh,/en/matches/b9e00aac/Chelsea-Nottingham-Forest-October-6-2024-Premier-League,
ENG-Premier League,2425,,2024-10-06 nan-Manchester Utd,2024-10-06,14:00:00,Matchweek 7,Sun,Home,D,0,0,Manchester Utd,54,42682,Emiliano Martínez,4-2-3-1,4-2-3-1,Robert Jones,/en/matches/abef5f2a/Aston-Villa-Manchester-United-October-6-2024-Premier-League,
ENG-Premier League,2425,,2024-10-06 nan-Nottingham,2024-10-06,14:00:00,Matchweek 7,Sun,Home,D,1,1,Nottingham,67,39501,Enzo Fernández,4-2-3-1,4-2-3-1,Chris Kavanagh,/en/matches/b9e00aac/Chelsea-Nottingham-Forest-October-6-2024-Premier-League,
ENG-Premier League,2425,,2024-10-06 nan-Tottenham,2024-10-06,16:30:00,Matchweek 7,Sun,Home,W,3,2,Tottenham,41,31487,Lewis Dunk,4-2-3-1,4-3-3,David Coote,/en/matches/dac142c7/Brighton-and-Hove-Albion-Tottenham-Hotspur-October-6-2024-Premier-League,
ENG-Premier League,2425,,2024-10-19 Bournemouth-nan,2024-10-19,17:30:00,Matchweek 8,Sat,Away,L,0,2,Bournemouth,52,11235,Gabriel Magalhães,4-2-3-1,4-2-3-1,Robert Jones,/en/matches/01e63a1f/Bournemouth-Arsenal-October-19-2024-Premier-League,
ENG-Premier League,2425,,2024-10-19 Fulham-nan,2024-10-19,15:00:00,Matchweek 8,Sat,Away,W,3,1,Fulham,48,26743,Emiliano Martínez,4-2-3-1,4-2-3-1,Darren England,/en/matches/615d637e/Fulham-Aston-Villa-October-19-2024-Premier-League,
ENG-Premier League,2425,,2024-10-19 Ipswich Town-nan,2024-10-19,15:00:00,Matchweek 8,Sat,Away,W,2,0,Ipswich Town,45,29862,James Tarkowski,4-2-3-1,4-2-3-1,Michael Oliver,/en/matches/2273e126/Ipswich-Town-Everton-October-19-2024-Premier-League,
ENG-Premier League,2425,,2024-10-19 Manchester Utd-nan,2024-10-19,15:00:00,Matchweek 8,Sat,Away,L,1,2,Manchester Utd,49,73738,Christian Nørgaard,4-2-3-1,4-2-3-1,Samuel Barrott,/en/matches/7f2c3291/Manchester-United-Brentford-October-19-2024-Premier-League,
ENG-Premier League,2425,,2024-10-19 Newcastle-nan,2024-10-19,15:00:00,Matchweek 8,Sat,Away,W,1,0,Newcastle,40,52220,Lewis Dunk,4-4-2,4-3-3,Peter Bankes,/en/matches/48081db0/Newcastle-United-Brighton-and-Hove-Albion-October-19-2024-Premier-League,
ENG-Premier League,2425,,2024-10-19 Southampton-nan,2024-10-19,15:00:00,Matchweek 8,Sat,Away,W,3,2,Southampton,59,31145,Jamie Vardy,4-2-3-1,4-5-1,Anthony Taylor,/en/matches/03d28c48/Southampton-Leicester-City-October-19-2024-Premier-League,
ENG-Premier League,2425,,2024-10-19 Tottenham-nan,2024-10-19,12:30:00,Matchweek 8,Sat,Away,L,1,4,Tottenham,42,61381,Jarrod Bowen,4-1-4-1,4-3-3,Andy Madley,/en/matches/923bfab0/Tottenham-Hotspur-West-Ham-United-October-19-2024-Premier-League,
ENG-Premier League,2425,,2024-10-19 nan-Arsenal,2024-10-19,17:30:00,Matchweek 8,Sat,Home,W,2,0,Arsenal,48,11235,Lewis Cook,4-2-3-1,4-2-3-1,Robert Jones,/en/matches/01e63a1f/Bournemouth-Arsenal-October-19-2024-Premier-League,
ENG-Premier League,2425,,2024-10-19 nan-Aston Villa,2024-10-19,15:00:00,Matchweek 8,Sat,Home,L,1,3,Aston Villa,52,26743,Bernd Leno,4-2-3-1,4-2-3-1,Darren England,/en/matches/615d637e/Fulham-Aston-Villa-October-19-2024-Premier-League,
ENG-Premier League,2425,,2024-10-19 nan-Brentford,2024-10-19,15:00:00,Matchweek 8,Sat,Home,W,2,1,Brentford,51,73738,Bruno Fernandes,4-2-3-1,4-2-3-1,Samuel Barrott,/en/matches/7f2c3291/Manchester-United-Brentford-October-19-2024-Premier-League,
ENG-Premier League,2425,,2024-10-19 nan-Brighton,2024-10-19,15:00:00,Matchweek 8,Sat,Home,L,0,1,Brighton,60,52220,Bruno Guimarães,4-3-3,4-4-2,Peter Bankes,/en/matches/48081db0/Newcastle-United-Brighton-and-Hove-Albion-October-19-2024-Premier-League,
ENG-Premier League,2425,,2024-10-19 nan-Everton,2024-10-19,15:00:00,Matchweek 8,Sat,Home,L,0,2,Everton,55,29862,Sam Morsy,4-2-3-1,4-2-3-1,Michael Oliver,/en/matches/2273e126/Ipswich-Town-Everton-October-19-2024-Premier-League,
ENG-Premier League,2425,,2024-10-19 nan-Leicester City,2024-10-19,15:00:00,Matchweek 8,Sat,Home,L,2,3,Leicester City,42,31145,Flynn Downes,4-5-1,4-2-3-1,Anthony Taylor,/en/matches/03d28c48/Southampton-Leicester-City-October-19-2024-Premier-League,
ENG-Premier League,2425,,2024-10-19 nan-West Ham,2024-10-19,12:30:00,Matchweek 8,Sat,Home,W,4,1,West Ham,58,61381,Son Heung-min,4-3-3,4-1-4-1,Andy Madley,/en/matches/923bfab0/Tottenham-Hotspur-West-Ham-United-October-19-2024-Premier-League,
ENG-Premier League,2425,,2024-10-20 Liverpool-nan,2024-10-20,16:30:00,Matchweek 8,Sun,Away,L,1,2,Liverpool,57,60277,Reece James,4-2-3-1,4-2-3-1,John Brooks,/en/matches/99b4737c/Liverpool-Chelsea-October-20-2024-Premier-League,
ENG-Premier League,2425,,2024-10-20 Wolves-nan,2024-10-20,14:00:00,Matchweek 8,Sun,Away,W,2,1,Wolves,78,31319,Rúben Dias,4-1-4-1,3-5-2,Chris Kavanagh,/en/matches/90b22cd5/Wolverhampton-Wanderers-Manchester-City-October-20-2024-Premier-League,
ENG-Premier League,2425,,2024-10-20 nan-Chelsea,2024-10-20,16:30:00,Matchweek 8,Sun,Home,W,2,1,Chelsea,43,60277,Virgil van Dijk,4-2-3-1,4-2-3-1,John Brooks,/en/matches/99b4737c/Liverpool-Chelsea-October-20-2024-Premier-League,
ENG-Premier League,2425,,2024-10-20 nan-Manchester City,2024-10-20,14:00:00,Matchweek 8,Sun,Home,L,1,2,Manchester City,22,31319,Mario Lemina,3-5-2,4-1-4-1,Chris Kavanagh,/en/matches/90b22cd5/Wolverhampton-Wanderers-Manchester-City-October-20-2024-Premier-League,
ENG-Premier League,2425,,2024-10-21 Nottingham-nan,2024-10-21,20:00:00,Matchweek 8,Mon,Away,L,0,1,Nottingham,49,29443,Marc Guéhi,3-4-3,4-2-3-1,Tim Robinson,/en/matches/5ed3894e/Nottingham-Forest-Crystal-Palace-October-21-2024-Premier-League,
ENG-Premier League,2425,,2024-10-21 nan-Crystal Palace,2024-10-21,20:00:00,Matchweek 8,Mon,Home,W,1,0,Crystal Palace,51,29443,Ryan Yates,4-2-3-1,3-4-3,Tim Robinson,/en/matches/5ed3894e/Nottingham-Forest-Crystal-Palace-October-21-2024-Premier-League,
ENG-Premier League,2425,,2024-10-25 Leicester City-nan,2024-10-25,20:00:00,Matchweek 9,Fri,Away,W,3,1,Leicester City,36,31879,Ryan Yates,4-2-3-1,4-2-3-1,Craig Pawson,/en/matches/292d8bc4/Leicester-City-Nottingham-Forest-October-25-2024-Premier-League,
ENG-Premier League,2425,,2024-10-25 nan-Nottingham,2024-10-25,20:00:00,Matchweek 9,Fri,Home,L,1,3,Nottingham,64,31879,Jamie Vardy,4-2-3-1,4-2-3-1,Craig Pawson,/en/matches/292d8bc4/Leicester-City-Nottingham-Forest-October-25-2024-Premier-League,
ENG-Premier League,2425,,2024-10-26 Aston Villa-nan,2024-10-26,15:00:00,Matchweek 9,Sat,Away,D,1,1,Aston Villa,43,42165,Lewis Cook,4-2-3-1,4-4-1-1,Chris Kavanagh,/en/matches/bce300b2/Aston-Villa-Bournemouth-October-26-2024-Premier-League,
ENG-Premier League,2425,,2024-10-26 Brentford-nan,2024-10-26,15:00:00,Matchweek 9,Sat,Away,L,3,4,Brentford,35,17109,Conor Chaplin,4-2-3-1,4-2-3-1,Lewis Smith,/en/matches/1fb2dcde/Brentford-Ipswich-Town-October-26-2024-Premier-League,
ENG-Premier League,2425,,2024-10-26 Brighton-nan,2024-10-26,15:00:00,Matchweek 9,Sat,Away,D,2,2,Brighton,48,31840,Mario Lemina,3-4-3,4-4-2,Michael Oliver,/en/matches/9487e056/Brighton-and-Hove-Albion-Wolverhampton-Wanderers-October-26-2024-Premier-League,
ENG-Premier League,2425,,2024-10-26 Everton-nan,2024-10-26,17:30:00,Matchweek 9,Sat,Away,D,1,1,Everton,60,38742,Bernd Leno,4-2-3-1,4-2-3-1,John Brooks,/en/matches/1e5152bf/Everton-Fulham-October-26-2024-Premier-League,
ENG-Premier League,2425,,2024-10-26 Manchester City-nan,2024-10-26,15:00:00,Matchweek 9,Sat,Away,L,0,1,Manchester City,43,52844,Jack Stephens,5-4-1,4-1-4-1,Tony Harrington,/en/matches/b66f6389/Manchester-City-Southampton-October-26-2024-Premier-League,
ENG-Premier League,2425,,2024-10-26 nan-Bournemouth,2024-10-26,15:00:00,Matchweek 9,Sat,Home,D,1,1,Bournemouth,57,42165,John McGinn,4-4-1-1,4-2-3-1,Chris Kavanagh,/en/matches/bce300b2/Aston-Villa-Bournemouth-October-26-2024-Premier-League,
ENG-Premier League,2425,,2024-10-26 nan-Fulham,2024-10-26,17:30:00,Matchweek 9,Sat,Home,D,1,1,Fulham,40,38742,James Tarkowski,4-2-3-1,4-2-3-1,John Brooks,/en/matches/1e5152bf/Everton-Fulham-October-26-2024-Premier-League,
ENG-Premier League,2425,,2024-10-26 nan-Ipswich Town,2024-10-26,15:00:00,Matchweek 9,Sat,Home,W,4,3,Ipswich Town,65,17109,Christian Nørgaard,4-2-3-1,4-2-3-1,Lewis Smith,/en/matches/1fb2dcde/Brentford-Ipswich-Town-October-26-2024-Premier-League,
ENG-Premier League,2425,,2024-10-26 nan-Southampton,2024-10-26,15:00:00,Matchweek 9,Sat,Home,W,1,0,Southampton,57,52844,Rúben Dias,4-1-4-1,5-4-1,Tony Harrington,/en/matches/b66f6389/Manchester-City-Southampton-October-26-2024-Premier-League,
ENG-Premier League,2425,,2024-10-26 nan-Wolves,2024-10-26,15:00:00,Matchweek 9,Sat,Home,D,2,2,Wolves,52,31840,Danny Welbeck,4-4-2,3-4-3,Michael Oliver,/en/matches/9487e056/Brighton-and-Hove-Albion-Wolverhampton-Wanderers-October-26-2024-Premier-League,
ENG-Premier League,2425,,2024-10-27 Arsenal-nan,2024-10-27,16:30:00,Matchweek 9,Sun,Away,D,2,2,Arsenal,55,60383,Virgil van Dijk,4-2-3-1,4-4-2,Anthony Taylor,/en/matches/68aa1099/Arsenal-Liverpool-October-27-2024-Premier-League,
ENG-Premier League,2425,,2024-10-27 Chelsea-nan,2024-10-27,14:00:00,Matchweek 9,Sun,Away,L,1,2,Chelsea,49,39526,Bruno Guimarães,4-3-3,4-2-3-1,Simon Hooper,/en/matches/33571b04/Chelsea-Newcastle-United-October-27-2024-Premier-League,
ENG-Premier League,2425,,2024-10-27 Crystal Palace-nan,2024-10-27,14:00:00,Matchweek 9,Sun,Away,L,0,1,Crystal Palace,66,25108,Cristian Romero,4-3-3,3-4-3,Darren Bond,/en/matches/e995d937/Crystal-Palace-Tottenham-Hotspur-October-27-2024-Premier-League,
ENG-Premier League,2425,,2024-10-27 West Ham-nan,2024-10-27,14:00:00,Matchweek 9,Sun,Away,L,1,2,West Ham,57,62474,Bruno Fernandes,4-2-3-1,4-2-3-1,David Coote,/en/matches/38c31a07/West-Ham-United-Manchester-United-October-27-2024-Premier-League,
ENG-Premier League,2425,,2024-10-27 nan-Liverpool,2024-10-27,16:30:00,Matchweek 9,Sun,Home,D,2,2,Liverpool,45,60383,Bukayo Saka,4-4-2,4-2-3-1,Anthony Taylor,/en/matches/68aa1099/Arsenal-Liverpool-October-27-2024-Premier-League,
ENG-Premier League,2425,,2024-10-27 nan-Manchester Utd,2024-10-27,14:00:00,Matchweek 9,Sun,Home,W,2,1,Manchester Utd,43,62474,Jarrod Bowen,4-2-3-1,4-2-3-1,David Coote,/en/matches/38c31a07/West-Ham-United-Manchester-United-October-27-2024-Premier-League,
ENG-Premier League,2425,,2024-10-27 nan-Newcastle,2024-10-27,14:00:00,Matchweek 9,Sun,Home,W,2,1,Newcastle,51,39526,Reece James,4-2-3-1,4-3-3,Simon Hooper,/en/matches/33571b04/Chelsea-Newcastle-United-October-27-2024-Premier-League,
ENG-Premier League,2425,,2024-10-27 nan-Tottenham,2024-10-27,14:00:00,Matchweek 9,Sun,Home,W,1,0,Tottenham,34,25108,Marc Guéhi,3-4-3,4-3-3,Darren Bond,/en/matches/e995d937/Crystal-Palace-Tottenham-Hotspur-October-27-2024-Premier-League,
ENG-Premier League,2425,,2024-11-02 Bournemouth-nan,2024-11-02,15:00:00,Matchweek 10,Sat,Away,L,1,2,Bournemouth,65,11231,Kyle Walker,4-1-4-1,4-2-3-1,Michael Oliver,/en/matches/ed970fef/Bournemouth-Manchester-City-November-2-2024-Premier-League,
ENG-Premier League,2425,,2024-11-02 Ipswich Town-nan,2024-11-02,15:00:00,Matchweek 10,Sat,Away,D,1,1,Ipswich Town,58,29874,Jamie Vardy,4-2-3-1,4-2-3-1,Tim Robinson,/en/matches/ed8f93a0/Ipswich-Town-Leicester-City-November-2-2024-Premier-League,
ENG-Premier League,2425,,2024-11-02 Liverpool-nan,2024-11-02,15:00:00,Matchweek 10,Sat,Away,L,1,2,Liverpool,51,60331,Danny Welbeck,4-4-2,4-2-3-1,Tony Harrington,/en/matches/7d114c70/Liverpool-Brighton-and-Hove-Albion-November-2-2024-Premier-League,
ENG-Premier League,2425,,2024-11-02 Newcastle-nan,2024-11-02,12:30:00,Matchweek 10,Sat,Away,L,0,1,Newcastle,64,52249,Bukayo Saka,4-4-2,4-3-3,John Brooks,/en/matches/cc960c22/Newcastle-United-Arsenal-November-2-2024-Premier-League,
ENG-Premier League,2425,,2024-11-02 Nottingham-nan,2024-11-02,15:00:00,Matchweek 10,Sat,Away,L,0,3,Nottingham,47,30112,Jarrod Bowen,3-4-3,4-2-3-1,Peter Bankes,/en/matches/c2505640/Nottingham-Forest-West-Ham-United-November-2-2024-Premier-League,
ENG-Premier League,2425,,2024-11-02 Southampton-nan,2024-11-02,15:00:00,Matchweek 10,Sat,Away,L,0,1,Southampton,35,31143,James Tarkowski,4-2-3-1,5-4-1,Andy Madley,/en/matches/2be42fdb/Southampton-Everton-November-2-2024-Premier-League,
ENG-Premier League,2425,,2024-11-02 Wolves-nan,2024-11-02,17:30:00,Matchweek 10,Sat,Away,D,2,2,Wolves,43,31124,Marc Guéhi,3-4-3,3-4-3,Anthony Taylor,/en/matches/a4251fae/Wolverhampton-Wanderers-Crystal-Palace-November-2-2024-Premier-League,
ENG-Premier League,2425,,2024-11-02 nan-Arsenal,2024-11-02,12:30:00,Matchweek 10,Sat,Home,W,1,0,Arsenal,36,52249,Bruno Guimarães,4-3-3,4-4-2,John Brooks,/en/matches/cc960c22/Newcastle-United-Arsenal-November-2-2024-Premier-League,
ENG-Premier League,2425,,2024-11-02 nan-Brighton,2024-11-02,15:00:00,Matchweek 10,Sat,Home,W,2,1,Brighton,49,60331,Virgil van Dijk,4-2-3-1,4-4-2,Tony Harrington,/en/matches/7d114c70/Liverpool-Brighton-and-Hove-Albion-November-2-2024-Premier-League,
ENG-Premier League,2425,,2024-11-02 nan-Crystal Palace,2024-11-02,17:30:00,Matchweek 10,Sat,Home,D,2,2,Crystal Palace,57,31124,Nélson Semedo,3-4-3,3-4-3,Anthony Taylor,/en/matches/a4251fae/Wolverhampton-Wanderers-Crystal-Palace-November-2-2024-Premier-League,
ENG-Premier League,2425,,2024-11-02 nan-Everton,2024-11-02,15:00:00,Matchweek 10,Sat,Home,W,1,0,Everton,65,31143,Jack Stephens,5-4-1,4-2-3-1,Andy Madley,/en/matches/2be42fdb/Southampton-Everton-November-2-2024-Premier-League,
ENG-Premier League,2425,,2024-11-02 nan-Leicester City,2024-11-02,15:00:00,Matchweek 10,Sat,Home,D,1,1,Leicester City,43,29874,Sam Morsy,4-2-3-1,4-2-3-1,Tim Robinson,/en/matches/ed8f93a0/Ipswich-Town-Leicester-City-November-2-2024-Premier-League,
ENG-Premier League,2425,,2024-11-02 nan-Manchester City,2024-11-02,15:00:00,Matchweek 10,Sat,Home,W,2,1,Manchester City,35,11231,Adam Smith,4-2-3-1,4-1-4-1,Michael Oliver,/en/matches/ed970fef/Bournemouth-Manchester-City-November-2-2024-Premier-League,
ENG-Premier League,2425,,2024-11-02 nan-West Ham,2024-11-02,15:00:00,Matchweek 10,Sat,Home,W,3,0,West Ham,53,30112,Ryan Yates,4-2-3-1,3-4-3,Peter Bankes,/en/matches/c2505640/Nottingham-Forest-West-Ham-United-November-2-2024-Premier-League,
ENG-Premier League,2425,,2024-11-03 Manchester Utd-nan,2024-11-03,16:30:00,Matchweek 10,Sun,Away,D,1,1,Manchester Utd,54,73813,Reece James,4-2-3-1,4-2-3-1,Robert Jones,/en/matches/1273ae28/Manchester-United-Chelsea-November-3-2024-Premier-League,
ENG-Premier League,2425,,2024-11-03 Tottenham-nan,2024-11-03,14:00:00,Matchweek 10,Sun,Away,L,1,4,Tottenham,49,61253,John McGinn,4-2-3-1,4-3-3,Craig Pawson,/en/matches/8fa951f9/Tottenham-Hotspur-Aston-Villa-November-3-2024-Premier-League,
ENG-Premier League,2425,,2024-11-03 nan-Aston Villa,2024-11-03,14:00:00,Matchweek 10,Sun,Home,W,4,1,Aston Villa,52,61253,Son Heung-min,4-3-3,4-2-3-1,Craig Pawson,/en/matches/8fa951f9/Tottenham-Hotspur-Aston-Villa-November-3-2024-Premier-League,
ENG-Premier League,2425,,2024-11-03 nan-Chelsea,2024-11-03,16:30:00,Matchweek 10,Sun,Home,D,1,1,Chelsea,46,73813,Bruno Fernandes,4-2-3-1,4-2-3-1,Robert Jones,/en/matches/1273ae28/Manchester-United-Chelsea-November-3-2024-Premier-League,
ENG-Premier League,2425,,2024-11-04 Fulham-nan,2024-11-04,20:00:00,Matchweek 10,Mon,Away,L,1,2,Fulham,32,24931,Christian Nørgaard,4-2-3-1,4-2-3-1,Stuart Attwell,/en/matches/e1590847/Fulham-Brentford-November-4-2024-Premier-League,
ENG-Premier League,2425,,2024-11-04 nan-Brentford,2024-11-04,20:00:00,Matchweek 10,Mon,Home,W,2,1,Brentford,68,24931,Bernd Leno,4-2-3-1,4-2-3-1,Stuart Attwell,/en/matches/e1590847/Fulham-Brentford-November-4-2024-Premier-League,
ENG-Premier League,2425,,2024-11-09 Brentford-nan,2024-11-09,15:00:00,Matchweek 11,Sat,Away,L,2,3,Brentford,48,16587,Adam Smith,4-2-3-1,4-3-3,Darren Bond,/en/matches/1c998ef5/Brentford-Bournemouth-November-9-2024-Premier-League,
ENG-Premier League,2425,,2024-11-09 Brighton-nan,2024-11-09,17:30:00,Matchweek 11,Sat,Away,L,1,2,Brighton,61,31715,Kyle Walker,4-1-4-1,4-4-2,Samuel Barrott,/en/matches/62aa7905/Brighton-and-Hove-Albion-Manchester-City-November-9-2024-Premier-League,
ENG-Premier League,2425,,2024-11-09 Crystal Palace-nan,2024-11-09,15:00:00,Matchweek 11,Sat,Away,W,2,0,Crystal Palace,65,25142,Bernd Leno,4-2-3-1,3-4-3,Michael Salisbury,/en/matches/d5015ba4/Crystal-Palace-Fulham-November-9-2024-Premier-League,
ENG-Premier League,2425,,2024-11-09 Liverpool-nan,2024-11-09,20:00:00,Matchweek 11,Sat,Away,L,0,2,Liverpool,37,60292,Emiliano Martínez,4-2-3-1,4-2-3-1,David Coote,/en/matches/737af5bf/Liverpool-Aston-Villa-November-9-2024-Premier-League,
ENG-Premier League,2425,,2024-11-09 West Ham-nan,2024-11-09,15:00:00,Matchweek 11,Sat,Away,D,0,0,West Ham,51,62463,James Tarkowski,4-2-3-1,4-1-4-1,Stuart Attwell,/en/matches/a4cf40b4/West-Ham-United-Everton-November-9-2024-Premier-League,
ENG-Premier League,2425,,2024-11-09 Wolves-nan,2024-11-09,15:00:00,Matchweek 11,Sat,Away,L,0,2,Wolves,71,31403,Jack Stephens,5-4-1,3-4-3,Thomas Bramall,/en/matches/dbec2d40/Wolverhampton-Wanderers-Southampton-November-9-2024-Premier-League,
ENG-Premier League,2425,,2024-11-09 nan-Aston Villa,2024-11-09,20:00:00,Matchweek 11,Sat,Home,W,2,0,Aston Villa,63,60292,Virgil van Dijk,4-2-3-1,4-2-3-1,David Coote,/en/matches/737af5bf/Liverpool-Aston-Villa-November-9-2024-Premier-League,
ENG-Premier League,2425,,2024-11-09 nan-Bournemouth,2024-11-09,15:00:00,Matchweek 11,Sat,Home,W,3,2,Bournemouth,52,16587,Christian Nørgaard,4-3-3,4-2-3-1,Darren Bond,/en/matches/1c998ef5/Brentford-Bournemouth-November-9-2024-Premier-League,
ENG-Premier League,2425,,2024-11-09 nan-Everton,2024-11-09,15:00:00,Matchweek 11,Sat,Home,D,0,0,Everton,49,62463,Jarrod Bowen,4-1-4-1,4-2-3-1,Stuart Attwell,/en/matches/a4cf40b4/West-Ham-United-Everton-November-9-2024-Premier-League,
ENG-Premier League,2425,,2024-11-09 nan-Fulham,2024-11-09,15:00:00,Matchweek 11,Sat,Home,L,0,2,Fulham,35,25142,Marc Guéhi,3-4-3,4-2-3-1,Michael Salisbury,/en/matches/d5015ba4/Crystal-Palace-Fulham-November-9-2024-Premier-League,
ENG-Premier League,2425,,2024-11-09 nan-Manchester City,2024-11-09,17:30:00,Matchweek 11,Sat,Home,W,2,1,Manchester City,40,31715,Danny Welbeck,4-4-2,4-1-4-1,Samuel Barrott,/en/matches/62aa7905/Brighton-and-Hove-Albion-Manchester-City-November-9-2024-Premier-League,
ENG-Premier League,2425,,2024-11-09 nan-Southampton,2024-11-09,15:00:00,Matchweek 11,Sat,Home,W,2,0,Southampton,29,31403,Mario Lemina,3-4-3,5-4-1,Thomas Bramall,/en/matches/dbec2d40/Wolverhampton-Wanderers-Southampton-November-9-2024-Premier-League,
ENG-Premier League,2425,,2024-11-10 Chelsea-nan,2024-11-10,16:30:00,Matchweek 11,Sun,Away,D,1,1,Chelsea,51,39780,Martin Ødegaard,4-3-3,4-2-3-1,Michael Oliver,/en/matches/2874d56e/North-West-London-Derby-Chelsea-Arsenal-November-10-2024-Premier-League,
ENG-Premier League,2425,,2024-11-10 Manchester Utd-nan,2024-11-10,14:00:00,Matchweek 11,Sun,Away,L,0,3,Manchester Utd,49,73829,Harry Winks,4-3-3,4-2-3-1,Peter Bankes,/en/matches/35888afe/Manchester-United-Leicester-City-November-10-2024-Premier-League,
ENG-Premier League,2425,,2024-11-10 Nottingham-nan,2024-11-10,14:00:00,Matchweek 11,Sun,Away,W,3,1,Nottingham,56,30145,Bruno Guimarães,4-3-3,4-2-3-1,Anthony Taylor,/en/matches/a41ce5c3/Nottingham-Forest-Newcastle-United-November-10-2024-Premier-League,
ENG-Premier League,2425,,2024-11-10 Tottenham-nan,2024-11-10,14:00:00,Matchweek 11,Sun,Away,W,2,1,Tottenham,34,61505,Sam Morsy,4-2-3-1,4-3-3,Darren England,/en/matches/f9b9c3c4/Tottenham-Hotspur-Ipswich-Town-November-10-2024-Premier-League,
ENG-Premier League,2425,,2024-11-10 nan-Arsenal,2024-11-10,16:30:00,Matchweek 11,Sun,Home,D,1,1,Arsenal,49,39780,Moisés Caicedo,4-2-3-1,4-3-3,Michael Oliver,/en/matches/2874d56e/North-West-London-Derby-Chelsea-Arsenal-November-10-2024-Premier-League,
ENG-Premier League,2425,,2024-11-10 nan-Ipswich Town,2024-11-10,14:00:00,Matchweek 11,Sun,Home,L,1,2,Ipswich Town,66,61505,Son Heung-min,4-3-3,4-2-3-1,Darren England,/en/matches/f9b9c3c4/Tottenham-Hotspur-Ipswich-Town-November-10-2024-Premier-League,
ENG-Premier League,2425,,2024-11-10 nan-Leicester City,2024-11-10,14:00:00,Matchweek 11,Sun,Home,W,3,0,Leicester City,51,73829,Bruno Fernandes,4-2-3-1,4-3-3,Peter Bankes,/en/matches/35888afe/Manchester-United-Leicester-City-November-10-2024-Premier-League,
ENG-Premier League,2425,,2024-11-10 nan-Newcastle,2024-11-10,14:00:00,Matchweek 11,Sun,Home,L,1,3,Newcastle,44,30145,Ryan Yates,4-2-3-1,4-3-3,Anthony Taylor,/en/matches/a41ce5c3/Nottingham-Forest-Newcastle-United-November-10-2024-Premier-League,
ENG-Premier League,2425,,2024-11-23 Arsenal-nan,2024-11-23,15:00:00,Matchweek 12,Sat,Away,L,0,3,Arsenal,34,60298,Ryan Yates,4-2-3-1,4-3-3,Simon Hooper,/en/matches/0cb4129b/Arsenal-Nottingham-Forest-November-23-2024-Premier-League,
ENG-Premier League,2425,,2024-11-23 Aston Villa-nan,2024-11-23,15:00:00,Matchweek 12,Sat,Away,D,2,2,Aston Villa,30,42175,Marc Guéhi,3-4-3,4-2-3-1,Tim Robinson,/en/matches/bf2e07a1/Aston-Villa-Crystal-Palace-November-23-2024-Premier-League,
ENG-Premier League,2425,,2024-11-23 Bournemouth-nan,2024-11-23,15:00:00,Matchweek 12,Sat,Away,W,2,1,Bournemouth,44,11196,Danny Welbeck,4-2-3-1,4-2-3-1,Stuart Attwell,/en/matches/4708a5bf/Bournemouth-Brighton-and-Hove-Albion-November-23-2024-Premier-League,
ENG-Premier League,2425,,2024-11-23 Everton-nan,2024-11-23,15:00:00,Matchweek 12,Sat,Away,D,0,0,Everton,41,38915,Christian Nørgaard,4-3-3,4-2-3-1,Chris Kavanagh,/en/matches/dd7675a7/Everton-Brentford-November-23-2024-Premier-League,
ENG-Premier League,2425,,2024-11-23 Fulham-nan,2024-11-23,15:00:00,Matchweek 12,Sat,Away,W,4,1,Fulham,41,26685,Mario Lemina,3-4-3,4-2-3-1,Robert Jones,/en/matches/ed24aeb8/Fulham-Wolverhampton-Wanderers-November-23-2024-Premier-League,
ENG-Premier League,2425,,2024-11-23 Leicester City-nan,2024-11-23,12:30:00,Matchweek 12,Sat,Away,W,2,1,Leicester City,64,31880,Enzo Fernández,4-2-3-1,4-5-1,Andy Madley,/en/matches/bb885467/Leicester-City-Chelsea-November-23-2024-Premier-League,
ENG-Premier League,2425,,2024-11-23 Manchester City-nan,2024-11-23,17:30:00,Matchweek 12,Sat,Away,W,4,0,Manchester City,42,52478,Son Heung-min,4-3-3,4-3-3,John Brooks,/en/matches/c48b896c/Manchester-City-Tottenham-Hotspur-November-23-2024-Premier-League,
ENG-Premier League,2425,,2024-11-23 nan-Brentford,2024-11-23,15:00:00,Matchweek 12,Sat,Home,D,0,0,Brentford,59,38915,James Tarkowski,4-2-3-1,4-3-3,Chris Kavanagh,/en/matches/dd7675a7/Everton-Brentford-November-23-2024-Premier-League,
ENG-Premier League,2425,,2024-11-23 nan-Brighton,2024-11-23,15:00:00,Matchweek 12,Sat,Home,L,1,2,Brighton,56,11196,Adam Smith,4-2-3-1,4-2-3-1,Stuart Attwell,/en/matches/4708a5bf/Bournemouth-Brighton-and-Hove-Albion-November-23-2024-Premier-League,
ENG-Premier League,2425,,2024-11-23 nan-Chelsea,2024-11-23,12:30:00,Matchweek 12,Sat,Home,L,1,2,Chelsea,36,31880,Jamie Vardy,4-5-1,4-2-3-1,Andy Madley,/en/matches/bb885467/Leicester-City-Chelsea-November-23-2024-Premier-League,
ENG-Premier League,2425,,2024-11-23 nan-Crystal Palace,2024-11-23,15:00:00,Matchweek 12,Sat,Home,D,2,2,Crystal Palace,70,42175,John McGinn,4-2-3-1,3-4-3,Tim Robinson,/en/matches/bf2e07a1/Aston-Villa-Crystal-Palace-November-23-2024-Premier-League,
ENG-Premier League,2425,,2024-11-23 nan-Nottingham,2024-11-23,15:00:00,Matchweek 12,Sat,Home,W,3,0,Nottingham,66,60298,Martin Ødegaard,4-3-3,4-2-3-1,Simon Hooper,/en/matches/0cb4129b/Arsenal-Nottingham-Forest-November-23-2024-Premier-League,
ENG-Premier League,2425,,2024-11-23 nan-Tottenham,2024-11-23,17:30:00,Matchweek 12,Sat,Home,L,0,4,Tottenham,58,52478,Kyle Walker,4-3-3,4-3-3,John Brooks,/en/matches/c48b896c/Manchester-City-Tottenham-Hotspur-November-23-2024-Premier-League,
ENG-Premier League,2425,,2024-11-23 nan-Wolves,2024-11-23,15:00:00,Matchweek 12,Sat,Home,L,1,4,Wolves,60,26685,Bernd Leno,4-2-3-1,3-4-3,Robert Jones,/en/matches/ed24aeb8/Fulham-Wolverhampton-Wanderers-November-23-2024-Premier-League,
ENG-Premier League,2425,,2024-11-24 Ipswich Town-nan,2024-11-24,16:30:00,Matchweek 12,Sun,Away,D,1,1,Ipswich Town,60,30017,Bruno Fernandes,3-4-3,4-2-3-1,Anthony Taylor,/en/matches/db1e4ea5/Ipswich-Town-Manchester-United-November-24-2024-Premier-League,
ENG-Premier League,2425,,2024-11-24 Southampton-nan,2024-11-24,14:00:00,Matchweek 12,Sun,Away,W,3,2,Southampton,62,31278,Virgil van Dijk,4-2-3-1,5-4-1,Samuel Barrott,/en/matches/eb6f8e39/Southampton-Liverpool-November-24-2024-Premier-League,
ENG-Premier League,2425,,2024-11-24 nan-Liverpool,2024-11-24,14:00:00,Matchweek 12,Sun,Home,L,2,3,Liverpool,38,31278,Jack Stephens,5-4-1,4-2-3-1,Samuel Barrott,/en/matches/eb6f8e39/Southampton-Liverpool-November-24-2024-Premier-League,
ENG-Premier League,2425,,2024-11-24 nan-Manchester Utd,2024-11-24,16:30:00,Matchweek 12,Sun,Home,D,1,1,Manchester Utd,40,30017,Sam Morsy,4-2-3-1,3-4-3,Anthony Taylor,/en/matches/db1e4ea5/Ipswich-Town-Manchester-United-November-24-2024-Premier-League,
ENG-Premier League,2425,,2024-11-25 Newcastle-nan,2024-11-25,20:00:00,Matchweek 12,Mon,Away,W,2,0,Newcastle,47,52094,Jarrod Bowen,4-1-4-1,4-3-3,Craig Pawson,/en/matches/79f46eec/Newcastle-United-West-Ham-United-November-25-2024-Premier-League,
ENG-Premier League,2425,,2024-11-25 nan-West Ham,2024-11-25,20:00:00,Matchweek 12,Mon,Home,L,0,2,West Ham,53,52094,Bruno Guimarães,4-3-3,4-1-4-1,Craig Pawson,/en/matches/79f46eec/Newcastle-United-West-Ham-United-November-25-2024-Premier-League,
ENG-Premier League,2425,,2024-11-29 Brighton-nan,2024-11-29,20:00:00,Matchweek 13,Fri,Away,D,1,1,Brighton,47,31542,Jack Stephens,5-4-1,4-4-2,Robert Jones,/en/matches/d38c4a31/Brighton-and-Hove-Albion-Southampton-November-29-2024-Premier-League,
ENG-Premier League,2425,,2024-11-29 nan-Southampton,2024-11-29,20:00:00,Matchweek 13,Fri,Home,D,1,1,Southampton,53,31542,Danny Welbeck,4-4-2,5-4-1,Robert Jones,/en/matches/d38c4a31/Brighton-and-Hove-Albion-Southampton-November-29-2024-Premier-League,
ENG-Premier League,2425,,2024-11-30 Brentford-nan,2024-11-30,15:00:00,Matchweek 13,Sat,Away,L,1,4,Brentford,40,17084,Jamie Vardy,3-4-3,4-2-3-1,Michael Oliver,/en/matches/f4f9a64f/Brentford-Leicester-City-November-30-2024-Premier-League,
ENG-Premier League,2425,,2024-11-30 Crystal Palace-nan,2024-11-30,15:00:00,Matchweek 13,Sat,Away,D,1,1,Crystal Palace,51,25101,Bruno Guimarães,4-3-3,3-4-3,Darren England,/en/matches/a4f03af0/Crystal-Palace-Newcastle-United-November-30-2024-Premier-League,
ENG-Premier League,2425,,2024-11-30 Nottingham-nan,2024-11-30,15:00:00,Matchweek 13,Sat,Away,L,0,1,Nottingham,55,30237,Sam Morsy,4-2-3-1,4-2-3-1,Tony Harrington,/en/matches/ddc8856c/Nottingham-Forest-Ipswich-Town-November-30-2024-Premier-League,
ENG-Premier League,2425,,2024-11-30 West Ham-nan,2024-11-30,17:30:00,Matchweek 13,Sat,Away,W,5,2,West Ham,60,62475,Martin Ødegaard,4-3-3,4-2-3-1,Anthony Taylor,/en/matches/f78bee62/West-Ham-United-Arsenal-November-30-2024-Premier-League,
ENG-Premier League,2425,,2024-11-30 Wolves-nan,2024-11-30,15:00:00,Matchweek 13,Sat,Away,W,4,2,Wolves,40,26685,Adam Smith,4-2-3-1,4-2-3-1,Peter Bankes,/en/matches/adfb1b89/Wolverhampton-Wanderers-Bournemouth-November-30-2024-Premier-League,
ENG-Premier League,2425,,2024-11-30 nan-Arsenal,2024-11-30,17:30:00,Matchweek 13,Sat,Home,L,2,5,Arsenal,40,62475,Jarrod Bowen,4-2-3-1,4-3-3,Anthony Taylor,/en/matches/f78bee62/West-Ham-United-Arsenal-November-30-2024-Premier-League,
ENG-Premier League,2425,,2024-11-30 nan-Bournemouth,2024-11-30,15:00:00,Matchweek 13,Sat,Home,L,2,4,Bournemouth,60,26685,Mario Lemina,4-2-3-1,4-2-3-1,Peter Bankes,/en/matches/adfb1b89/Wolverhampton-Wanderers-Bournemouth-November-30-2024-Premier-League,
ENG-Premier League,2425,,2024-11-30 nan-Ipswich Town,2024-11-30,15:00:00,Matchweek 13,Sat,Home,W,1,0,Ipswich Town,45,30237,Ryan Yates,4-2-3-1,4-2-3-1,Tony Harrington,/en/matches/ddc8856c/Nottingham-Forest-Ipswich-Town-November-30-2024-Premier-League,
ENG-Premier League,2425,,2024-11-30 nan-Leicester City,2024-11-30,15:00:00,Matchweek 13,Sat,Home,W,4,1,Leicester City,60,17084,Christian Nørgaard,4-2-3-1,3-4-3,Michael Oliver,/en/matches/f4f9a64f/Brentford-Leicester-City-November-30-2024-Premier-League,
ENG-Premier League,2425,,2024-11-30 nan-Newcastle,2024-11-30,15:00:00,Matchweek 13,Sat,Home,D,1,1,Newcastle,49,25101,Marc Guéhi,3-4-3,4-3-3,Darren England,/en/matches/a4f03af0/Crystal-Palace-Newcastle-United-November-30-2024-Premier-League,
ENG-Premier League,2425,,2024-12-01 Chelsea-nan,2024-12-01,13:30:00,Matchweek 13,Sun,Away,L,0,3,Chelsea,36,40853,John McGinn,4-2-3-1,4-2-3-1,Stuart Attwell,/en/matches/080b797b/Chelsea-Aston-Villa-December-1-2024-Premier-League,
ENG-Premier League,2425,,2024-12-01 Liverpool-nan,2024-12-01,16:00:00,Matchweek 13,Sun,Away,L,0,2,Liverpool,56,60248,Kyle Walker,4-2-3-1,4-2-3-1,Chris Kavanagh,/en/matches/0bd6ad44/Liverpool-Manchester-City-December-1-2024-Premier-League,
ENG-Premier League,2425,,2024-12-01 Manchester Utd-nan,2024-12-01,13:30:00,Matchweek 13,Sun,Away,L,0,4,Manchester Utd,40,73817,James Tarkowski,4-2-3-1,3-4-3,John Brooks,/en/matches/e6eef20f/Manchester-United-Everton-December-1-2024-Premier-League,
ENG-Premier League,2425,,2024-12-01 Tottenham-nan,2024-12-01,13:30:00,Matchweek 13,Sun,Away,D,1,1,Tottenham,49,61141,Antonee Robinson,4-2-3-1,4-3-3,Darren Bond,/en/matches/9aaa6ed5/Tottenham-Hotspur-Fulham-December-1-2024-Premier-League,
ENG-Premier League,2425,,2024-12-01 nan-Aston Villa,2024-12-01,13:30:00,Matchweek 13,Sun,Home,W,3,0,Aston Villa,64,40853,Enzo Fernández,4-2-3-1,4-2-3-1,Stuart Attwell,/en/matches/080b797b/Chelsea-Aston-Villa-December-1-2024-Premier-League,
ENG-Premier League,2425,,2024-12-01 nan-Everton,2024-12-01,13:30:00,Matchweek 13,Sun,Home,W,4,0,Everton,60,73817,Bruno Fernandes,3-4-3,4-2-3-1,John Brooks,/en/matches/e6eef20f/Manchester-United-Everton-December-1-2024-Premier-League,
ENG-Premier League,2425,,2024-12-01 nan-Fulham,2024-12-01,13:30:00,Matchweek 13,Sun,Home,D,1,1,Fulham,51,61141,Son Heung-min,4-3-3,4-2-3-1,Darren Bond,/en/matches/9aaa6ed5/Tottenham-Hotspur-Fulham-December-1-2024-Premier-League,
ENG-Premier League,2425,,2024-12-01 nan-Manchester City,2024-12-01,16:00:00,Matchweek 13,Sun,Home,W,2,0,Manchester City,44,60248,Virgil van Dijk,4-2-3-1,4-2-3-1,Chris Kavanagh,/en/matches/0bd6ad44/Liverpool-Manchester-City-December-1-2024-Premier-League,
ENG-Premier League,2425,,2024-12-03 Ipswich Town-nan,2024-12-03,19:30:00,Matchweek 14,Tue,Away,W,1,0,Ipswich Town,45,29533,Marc Guéhi,3-4-3,4-2-3-1,Craig Pawson,/en/matches/f7a96e82/Ipswich-Town-Crystal-Palace-December-3-2024-Premier-League,
ENG-Premier League,2425,,2024-12-03 Leicester City-nan,2024-12-03,20:15:00,Matchweek 14,Tue,Away,L,1,3,Leicester City,61,30947,Jarrod Bowen,4-2-3-1,4-2-3-1,Joshua Smith,/en/matches/355fd8ce/Leicester-City-West-Ham-United-December-3-2024-Premier-League,
ENG-Premier League,2425,,2024-12-03 nan-Crystal Palace,2024-12-03,19:30:00,Matchweek 14,Tue,Home,L,0,1,Crystal Palace,55,29533,Sam Morsy,4-2-3-1,3-4-3,Craig Pawson,/en/matches/f7a96e82/Ipswich-Town-Crystal-Palace-December-3-2024-Premier-League,
ENG-Premier League,2425,,2024-12-03 nan-West Ham,2024-12-03,20:15:00,Matchweek 14,Tue,Home,W,3,1,West Ham,39,30947,Jamie Vardy,4-2-3-1,4-2-3-1,Joshua Smith,/en/matches/355fd8ce/Leicester-City-West-Ham-United-December-3-2024-Premier-League,
ENG-Premier League,2425,,2024-12-04 Arsenal-nan,2024-12-04,20:15:00,Matchweek 14,Wed,Away,L,0,2,Arsenal,50,60256,Bruno Fernandes,3-4-3,4-3-3,Samuel Barrott,/en/matches/9938aa27/Arsenal-Manchester-United-December-4-2024-Premier-League,
ENG-Premier League,2425,,2024-12-04 Aston Villa-nan,2024-12-04,20:15:00,Matchweek 14,Wed,Away,L,1,3,Aston Villa,51,42148,Vitaly Janelt,4-3-3,4-2-3-1,Lewis Smith,/en/matches/c24a734b/Aston-Villa-Brentford-December-4-2024-Premier-League,
ENG-Premier League,2425,,2024-12-04 Everton-nan,2024-12-04,19:30:00,Matchweek 14,Wed,Away,L,0,4,Everton,55,38820,Mario Lemina,3-4-3,4-2-3-1,Michael Salisbury,/en/matches/71f00b04/Everton-Wolverhampton-Wanderers-December-4-2024-Premier-League,
ENG-Premier League,2425,,2024-12-04 Manchester City-nan,2024-12-04,19:30:00,Matchweek 14,Wed,Away,L,0,3,Manchester City,34,51764,Ryan Yates,4-2-3-1,4-2-3-1,Michael Oliver,/en/matches/dedb0eee/Manchester-City-Nottingham-Forest-December-4-2024-Premier-League,
ENG-Premier League,2425,,2024-12-04 Newcastle-nan,2024-12-04,19:30:00,Matchweek 14,Wed,Away,D,3,3,Newcastle,59,52237,Virgil van Dijk,4-2-3-1,4-3-3,Andy Madley,/en/matches/ca898c29/Newcastle-United-Liverpool-December-4-2024-Premier-League,
ENG-Premier League,2425,,2024-12-04 Southampton-nan,2024-12-04,19:30:00,Matchweek 14,Wed,Away,W,5,1,Southampton,55,31193,Enzo Fernández,4-2-3-1,5-3-2,Tony Harrington,/en/matches/e4480630/Southampton-Chelsea-December-4-2024-Premier-League,
ENG-Premier League,2425,,2024-12-04 nan-Brentford,2024-12-04,20:15:00,Matchweek 14,Wed,Home,W,3,1,Brentford,49,42148,John McGinn,4-2-3-1,4-3-3,Lewis Smith,/en/matches/c24a734b/Aston-Villa-Brentford-December-4-2024-Premier-League,
ENG-Premier League,2425,,2024-12-04 nan-Chelsea,2024-12-04,19:30:00,Matchweek 14,Wed,Home,L,1,5,Chelsea,45,31193,Jack Stephens,5-3-2,4-2-3-1,Tony Harrington,/en/matches/e4480630/Southampton-Chelsea-December-4-2024-Premier-League,
ENG-Premier League,2425,,2024-12-04 nan-Liverpool,2024-12-04,19:30:00,Matchweek 14,Wed,Home,D,3,3,Liverpool,41,52237,Bruno Guimarães,4-3-3,4-2-3-1,Andy Madley,/en/matches/ca898c29/Newcastle-United-Liverpool-December-4-2024-Premier-League,
ENG-Premier League,2425,,2024-12-04 nan-Manchester Utd,2024-12-04,20:15:00,Matchweek 14,Wed,Home,W,2,0,Manchester Utd,51,60256,Martin Ødegaard,4-3-3,3-4-3,Samuel Barrott,/en/matches/9938aa27/Arsenal-Manchester-United-December-4-2024-Premier-League,
ENG-Premier League,2425,,2024-12-04 nan-Nottingham,2024-12-04,19:30:00,Matchweek 14,Wed,Home,W,3,0,Nottingham,66,51764,Kevin De Bruyne,4-2-3-1,4-2-3-1,Michael Oliver,/en/matches/dedb0eee/Manchester-City-Nottingham-Forest-December-4-2024-Premier-League,
ENG-Premier League,2425,,2024-12-04 nan-Wolves,2024-12-04,19:30:00,Matchweek 14,Wed,Home,W,4,0,Wolves,45,38820,James Tarkowski,4-2-3-1,3-4-3,Michael Salisbury,/en/matches/71f00b04/Everton-Wolverhampton-Wanderers-December-4-2024-Premier-League,
ENG-Premier League,2425,,2024-12-05 Bournemouth-nan,2024-12-05,20:15:00,Matchweek 14,Thu,Away,L,0,1,Bournemouth,66,11234,James Maddison,4-3-3,4-2-3-1,Simon Hooper,/en/matches/c7e59a0a/Bournemouth-Tottenham-Hotspur-December-5-2024-Premier-League,
ENG-Premier League,2425,,2024-12-05 Fulham-nan,2024-12-05,19:30:00,Matchweek 14,Thu,Away,L,1,3,Fulham,56,26368,Lewis Dunk,3-4-3,4-2-3-1,Peter Bankes,/en/matches/32aaf579/Fulham-Brighton-and-Hove-Albion-December-5-2024-Premier-League,
ENG-Premier League,2425,,2024-12-05 nan-Brighton,2024-12-05,19:30:00,Matchweek 14,Thu,Home,W,3,1,Brighton,44,26368,Antonee Robinson,4-2-3-1,3-4-3,Peter Bankes,/en/matches/32aaf579/Fulham-Brighton-and-Hove-Albion-December-5-2024-Premier-League,
ENG-Premier League,2425,,2024-12-05 nan-Tottenham,2024-12-05,20:15:00,Matchweek 14,Thu,Home,W,1,0,Tottenham,35,11234,Adam Smith,4-2-3-1,4-3-3,Simon Hooper,/en/matches/c7e59a0a/Bournemouth-Tottenham-Hotspur-December-5-2024-Premier-League,
ENG-Premier League,2425,,2024-12-07 Aston Villa-nan,2024-12-07,15:00:00,Matchweek 15,Sat,Away,L,0,1,Aston Villa,53,42453,Adam Armstrong,5-3-2,4-2-3-1,Darren Bond,/en/matches/92cfde2c/Aston-Villa-Southampton-December-7-2024-Premier-League,
ENG-Premier League,2425,,2024-12-07 Brentford-nan,2024-12-07,15:00:00,Matchweek 15,Sat,Away,L,2,4,Brentford,56,17078,Bruno Guimarães,4-3-3,3-4-3,Simon Hooper,/en/matches/1042592d/Brentford-Newcastle-United-December-7-2024-Premier-League,
ENG-Premier League,2425,,2024-12-07 Crystal Palace-nan,2024-12-07,15:00:00,Matchweek 15,Sat,Away,D,2,2,Crystal Palace,69,25142,Kyle Walker,4-2-3-1,3-4-3,Robert Jones,/en/matches/6b7fbda1/Crystal-Palace-Manchester-City-December-7-2024-Premier-League,
ENG-Premier League,2425,,2024-12-07 Manchester Utd-nan,2024-12-07,17:30:00,Matchweek 15,Sat,Away,W,3,2,Manchester Utd,28,73778,Ryan Yates,4-2-3-1,3-4-3,Darren England,/en/matches/08966ea6/Manchester-United-Nottingham-Forest-December-7-2024-Premier-League,
ENG-Premier League,2425,,2024-12-07 nan-Manchester City,2024-12-07,15:00:00,Matchweek 15,Sat,Home,D,2,2,Manchester City,32,25142,Marc Guéhi,3-4-3,4-2-3-1,Robert Jones,/en/matches/6b7fbda1/Crystal-Palace-Manchester-City-December-7-2024-Premier-League,
ENG-Premier League,2425,,2024-12-07 nan-Newcastle,2024-12-07,15:00:00,Matchweek 15,Sat,Home,W,4,2,Newcastle,44,17078,Christian Nørgaard,3-4-3,4-3-3,Simon Hooper,/en/matches/1042592d/Brentford-Newcastle-United-December-7-2024-Premier-League,
ENG-Premier League,2425,,2024-12-07 nan-Nottingham,2024-12-07,17:30:00,Matchweek 15,Sat,Home,L,2,3,Nottingham,72,73778,Bruno Fernandes,3-4-3,4-2-3-1,Darren England,/en/matches/08966ea6/Manchester-United-Nottingham-Forest-December-7-2024-Premier-League,
ENG-Premier League,2425,,2024-12-07 nan-Southampton,2024-12-07,15:00:00,Matchweek 15,Sat,Home,W,1,0,Southampton,47,42453,John McGinn,4-2-3-1,5-3-2,Darren Bond,/en/matches/92cfde2c/Aston-Villa-Southampton-December-7-2024-Premier-League,
ENG-Premier League,2425,,2024-12-08 Fulham-nan,2024-12-08,14:00:00,Matchweek 15,Sun,Away,D,1,1,Fulham,67,26954,Martin Ødegaard,4-3-3,4-2-3-1,Chris Kavanagh,/en/matches/038dfa98/Fulham-Arsenal-December-8-2024-Premier-League,
ENG-Premier League,2425,,2024-12-08 Ipswich Town-nan,2024-12-08,14:00:00,Matchweek 15,Sun,Away,W,2,1,Ipswich Town,57,29180,Adam Smith,4-2-3-1,4-2-3-1,Michael Salisbury,/en/matches/392c7b1f/Ipswich-Town-Bournemouth-December-8-2024-Premier-League,
ENG-Premier League,2425,,2024-12-08 Leicester City-nan,2024-12-08,14:00:00,Matchweek 15,Sun,Away,D,2,2,Leicester City,45,31647,Lewis Dunk,4-2-3-1,4-2-3-1,Stuart Attwell,/en/matches/7b549f8f/Leicester-City-Brighton-and-Hove-Albion-December-8-2024-Premier-League,
ENG-Premier League,2425,,2024-12-08 Tottenham-nan,2024-12-08,16:30:00,Matchweek 15,Sun,Away,W,4,3,Tottenham,62,61184,Enzo Fernández,4-2-3-1,4-3-3,Anthony Taylor,/en/matches/abff9b73/Tottenham-Hotspur-Chelsea-December-8-2024-Premier-League,
ENG-Premier League,2425,,2024-12-08 nan-Arsenal,2024-12-08,14:00:00,Matchweek 15,Sun,Home,D,1,1,Arsenal,33,26954,Antonee Robinson,4-2-3-1,4-3-3,Chris Kavanagh,/en/matches/038dfa98/Fulham-Arsenal-December-8-2024-Premier-League,
ENG-Premier League,2425,,2024-12-08 nan-Bournemouth,2024-12-08,14:00:00,Matchweek 15,Sun,Home,L,1,2,Bournemouth,43,29180,Sam Morsy,4-2-3-1,4-2-3-1,Michael Salisbury,/en/matches/392c7b1f/Ipswich-Town-Bournemouth-December-8-2024-Premier-League,
ENG-Premier League,2425,,2024-12-08 nan-Brighton,2024-12-08,14:00:00,Matchweek 15,Sun,Home,D,2,2,Brighton,55,31647,Jamie Vardy,4-2-3-1,4-2-3-1,Stuart Attwell,/en/matches/7b549f8f/Leicester-City-Brighton-and-Hove-Albion-December-8-2024-Premier-League,
ENG-Premier League,2425,,2024-12-08 nan-Chelsea,2024-12-08,16:30:00,Matchweek 15,Sun,Home,L,3,4,Chelsea,38,61184,Son Heung-min,4-3-3,4-2-3-1,Anthony Taylor,/en/matches/abff9b73/Tottenham-Hotspur-Chelsea-December-8-2024-Premier-League,
ENG-Premier League,2425,,2024-12-09 West Ham-nan,2024-12-09,20:00:00,Matchweek 15,Mon,Away,L,1,2,West Ham,46,62474,Mario Lemina,3-4-3,4-2-3-1,John Brooks,/en/matches/4d72ec87/West-Ham-United-Wolverhampton-Wanderers-December-9-2024-Premier-League,
ENG-Premier League,2425,,2024-12-09 nan-Wolves,2024-12-09,20:00:00,Matchweek 15,Mon,Home,W,2,1,Wolves,54,62474,Jarrod Bowen,4-2-3-1,3-4-3,John Brooks,/en/matches/4d72ec87/West-Ham-United-Wolverhampton-Wanderers-December-9-2024-Premier-League,
ENG-Premier League,2425,,2024-12-14 Arsenal-nan,2024-12-14,15:00:00,Matchweek 16,Sat,Away,D,0,0,Arsenal,23,60176,James Tarkowski,4-3-3,4-3-3,Craig Pawson,/en/matches/32aa9e8e/Arsenal-Everton-December-14-2024-Premier-League,
ENG-Premier League,2425,,2024-12-14 Liverpool-nan,2024-12-14,15:00:00,Matchweek 16,Sat,Away,D,2,2,Liverpool,39,60333,Antonee Robinson,4-2-3-1,4-3-3,Tony Harrington,/en/matches/a436996c/Liverpool-Fulham-December-14-2024-Premier-League,
ENG-Premier League,2425,,2024-12-14 Newcastle-nan,2024-12-14,15:00:00,Matchweek 16,Sat,Away,L,0,4,Newcastle,41,52235,Jamie Vardy,4-2-3-1,4-3-3,Thomas Bramall,/en/matches/0b6fe43f/Newcastle-United-Leicester-City-December-14-2024-Premier-League,
ENG-Premier League,2425,,2024-12-14 Nottingham-nan,2024-12-14,17:30:00,Matchweek 16,Sat,Away,L,1,2,Nottingham,50,30117,John McGinn,4-2-3-1,4-2-3-1,Samuel Barrott,/en/matches/26926fd3/Nottingham-Forest-Aston-Villa-December-14-2024-Premier-League,
ENG-Premier League,2425,,2024-12-14 Wolves-nan,2024-12-14,15:00:00,Matchweek 16,Sat,Away,W,2,1,Wolves,46,30866,Sam Morsy,4-2-3-1,3-4-3,Simon Hooper,/en/matches/46d52e33/Wolverhampton-Wanderers-Ipswich-Town-December-14-2024-Premier-League,
ENG-Premier League,2425,,2024-12-14 nan-Aston Villa,2024-12-14,17:30:00,Matchweek 16,Sat,Home,W,2,1,Aston Villa,50,30117,Ryan Yates,4-2-3-1,4-2-3-1,Samuel Barrott,/en/matches/26926fd3/Nottingham-Forest-Aston-Villa-December-14-2024-Premier-League,
ENG-Premier League,2425,,2024-12-14 nan-Everton,2024-12-14,15:00:00,Matchweek 16,Sat,Home,D,0,0,Everton,77,60176,Martin Ødegaard,4-3-3,4-3-3,Craig Pawson,/en/matches/32aa9e8e/Arsenal-Everton-December-14-2024-Premier-League,
ENG-Premier League,2425,,2024-12-14 nan-Fulham,2024-12-14,15:00:00,Matchweek 16,Sat,Home,D,2,2,Fulham,61,60333,Virgil van Dijk,4-3-3,4-2-3-1,Tony Harrington,/en/matches/a436996c/Liverpool-Fulham-December-14-2024-Premier-League,
ENG-Premier League,2425,,2024-12-14 nan-Ipswich Town,2024-12-14,15:00:00,Matchweek 16,Sat,Home,L,1,2,Ipswich Town,54,30866,Nélson Semedo,3-4-3,4-2-3-1,Simon Hooper,/en/matches/46d52e33/Wolverhampton-Wanderers-Ipswich-Town-December-14-2024-Premier-League,
ENG-Premier League,2425,,2024-12-14 nan-Leicester City,2024-12-14,15:00:00,Matchweek 16,Sat,Home,W,4,0,Leicester City,60,52235,Bruno Guimarães,4-3-3,4-2-3-1,Thomas Bramall,/en/matches/0b6fe43f/Newcastle-United-Leicester-City-December-14-2024-Premier-League,
ENG-Premier League,2425,,2024-12-15 Brighton-nan,2024-12-15,14:00:00,Matchweek 16,Sun,Away,W,3,1,Brighton,35,30893,Marc Guéhi,3-4-3,4-2-3-1,Michael Oliver,/en/matches/c8314a05/Brighton-and-Hove-Albion-Crystal-Palace-December-15-2024-Premier-League,
ENG-Premier League,2425,,2024-12-15 Chelsea-nan,2024-12-15,19:00:00,Matchweek 16,Sun,Away,L,1,2,Chelsea,38,39571,Christian Nørgaard,3-5-2,4-2-3-1,Peter Bankes,/en/matches/5f0803f7/Chelsea-Brentford-December-15-2024-Premier-League,
ENG-Premier League,2425,,2024-12-15 Manchester City-nan,2024-12-15,16:30:00,Matchweek 16,Sun,Away,W,2,1,Manchester City,48,53184,Bruno Fernandes,3-4-3,4-1-4-1,Anthony Taylor,/en/matches/3d772028/Manchester-Derby-Manchester-City-Manchester-United-December-15-2024-Premier-League,
ENG-Premier League,2425,,2024-12-15 Southampton-nan,2024-12-15,19:00:00,Matchweek 16,Sun,Away,W,5,0,Southampton,58,31090,Son Heung-min,4-2-3-1,4-3-1-2,Darren England,/en/matches/37afd6da/Southampton-Tottenham-Hotspur-December-15-2024-Premier-League,
ENG-Premier League,2425,,2024-12-15 nan-Brentford,2024-12-15,19:00:00,Matchweek 16,Sun,Home,W,2,1,Brentford,62,39571,Enzo Fernández,4-2-3-1,3-5-2,Peter Bankes,/en/matches/5f0803f7/Chelsea-Brentford-December-15-2024-Premier-League,
ENG-Premier League,2425,,2024-12-15 nan-Crystal Palace,2024-12-15,14:00:00,Matchweek 16,Sun,Home,L,1,3,Crystal Palace,65,30893,Lewis Dunk,4-2-3-1,3-4-3,Michael Oliver,/en/matches/c8314a05/Brighton-and-Hove-Albion-Crystal-Palace-December-15-2024-Premier-League,
ENG-Premier League,2425,,2024-12-15 nan-Manchester Utd,2024-12-15,16:30:00,Matchweek 16,Sun,Home,L,1,2,Manchester Utd,52,53184,Kyle Walker,4-1-4-1,3-4-3,Anthony Taylor,/en/matches/3d772028/Manchester-Derby-Manchester-City-Manchester-United-December-15-2024-Premier-League,
ENG-Premier League,2425,,2024-12-15 nan-Tottenham,2024-12-15,19:00:00,Matchweek 16,Sun,Home,L,0,5,Tottenham,42,31090,Adam Armstrong,4-3-1-2,4-2-3-1,Darren England,/en/matches/37afd6da/Southampton-Tottenham-Hotspur-December-15-2024-Premier-League,
ENG-Premier League,2425,,2024-12-16 Bournemouth-nan,2024-12-16,20:00:00,Matchweek 16,Mon,Away,D,1,1,Bournemouth,49,11204,Jarrod Bowen,4-1-4-1,4-2-3-1,Chris Kavanagh,/en/matches/49cd674b/Bournemouth-West-Ham-United-December-16-2024-Premier-League,
ENG-Premier League,2425,,2024-12-16 nan-West Ham,2024-12-16,20:00:00,Matchweek 16,Mon,Home,D,1,1,West Ham,51,11204,Adam Smith,4-2-3-1,4-1-4-1,Chris Kavanagh,/en/matches/49cd674b/Bournemouth-West-Ham-United-December-16-2024-Premier-League,
ENG-Premier League,2425,,2024-12-21 Aston Villa-nan,2024-12-21,12:30:00,Matchweek 17,Sat,Away,L,1,2,Aston Villa,55,42345,Bernardo Silva,4-2-3-1,4-2-3-1,Peter Bankes,/en/matches/ce9dc982/Aston-Villa-Manchester-City-December-21-2024-Premier-League,
ENG-Premier League,2425,,2024-12-21 Brentford-nan,2024-12-21,15:00:00,Matchweek 17,Sat,Away,W,2,0,Brentford,36,17115,Morgan Gibbs-White,3-4-3,4-3-3,Michael Oliver,/en/matches/1c60d037/Brentford-Nottingham-Forest-December-21-2024-Premier-League,
ENG-Premier League,2425,,2024-12-21 Crystal Palace-nan,2024-12-21,17:30:00,Matchweek 17,Sat,Away,W,5,1,Crystal Palace,58,25167,Martin Ødegaard,4-3-3,3-4-3,Simon Hooper,/en/matches/5e7aa707/Crystal-Palace-Arsenal-December-21-2024-Premier-League,
ENG-Premier League,2425,,2024-12-21 Ipswich Town-nan,2024-12-21,15:00:00,Matchweek 17,Sat,Away,W,4,0,Ipswich Town,59,29774,Bruno Guimarães,4-3-3,4-2-3-1,Stuart Attwell,/en/matches/764fc51e/Ipswich-Town-Newcastle-United-December-21-2024-Premier-League,
ENG-Premier League,2425,,2024-12-21 West Ham-nan,2024-12-21,15:00:00,Matchweek 17,Sat,Away,D,1,1,West Ham,54,62460,Lewis Dunk,4-2-3-1,4-1-4-1,Robert Jones,/en/matches/04be8e87/West-Ham-United-Brighton-and-Hove-Albion-December-21-2024-Premier-League,
ENG-Premier League,2425,,2024-12-21 nan-Arsenal,2024-12-21,17:30:00,Matchweek 17,Sat,Home,L,1,5,Arsenal,42,25167,Marc Guéhi,3-4-3,4-3-3,Simon Hooper,/en/matches/5e7aa707/Crystal-Palace-Arsenal-December-21-2024-Premier-League,
ENG-Premier League,2425,,2024-12-21 nan-Brighton,2024-12-21,15:00:00,Matchweek 17,Sat,Home,D,1,1,Brighton,46,62460,Jarrod Bowen,4-1-4-1,4-2-3-1,Robert Jones,/en/matches/04be8e87/West-Ham-United-Brighton-and-Hove-Albion-December-21-2024-Premier-League,
ENG-Premier League,2425,,2024-12-21 nan-Manchester City,2024-12-21,12:30:00,Matchweek 17,Sat,Home,W,2,1,Manchester City,45,42345,John McGinn,4-2-3-1,4-2-3-1,Peter Bankes,/en/matches/ce9dc982/Aston-Villa-Manchester-City-December-21-2024-Premier-League,
ENG-Premier League,2425,,2024-12-21 nan-Newcastle,2024-12-21,15:00:00,Matchweek 17,Sat,Home,L,0,4,Newcastle,42,29774,Sam Morsy,4-2-3-1,4-3-3,Stuart Attwell,/en/matches/764fc51e/Ipswich-Town-Newcastle-United-December-21-2024-Premier-League,
ENG-Premier League,2425,,2024-12-21 nan-Nottingham,2024-12-21,15:00:00,Matchweek 17,Sat,Home,L,0,2,Nottingham,64,17115,Christian Nørgaard,4-3-3,3-4-3,Michael Oliver,/en/matches/1c60d037/Brentford-Nottingham-Forest-December-21-2024-Premier-League,
ENG-Premier League,2425,,2024-12-22 Everton-nan,2024-12-22,14:00:00,Matchweek 17,Sun,Away,D,0,0,Everton,75,39358,Enzo Fernández,4-2-3-1,4-3-3,Chris Kavanagh,/en/matches/de72140c/Everton-Chelsea-December-22-2024-Premier-League,
ENG-Premier League,2425,,2024-12-22 Fulham-nan,2024-12-22,14:00:00,Matchweek 17,Sun,Away,D,0,0,Fulham,43,26819,Jan Bednarek,3-4-1-2,4-2-3-1,Tim Robinson,/en/matches/ba3fcb1e/Fulham-Southampton-December-22-2024-Premier-League,
ENG-Premier League,2425,,2024-12-22 Leicester City-nan,2024-12-22,14:00:00,Matchweek 17,Sun,Away,W,3,0,Leicester City,46,31818,Nélson Semedo,3-4-3,4-2-3-1,Anthony Taylor,/en/matches/ecd6cb1d/Leicester-City-Wolverhampton-Wanderers-December-22-2024-Premier-League,
ENG-Premier League,2425,,2024-12-22 Manchester Utd-nan,2024-12-22,14:00:00,Matchweek 17,Sun,Away,W,3,0,Manchester Utd,40,73720,Adam Smith,4-2-3-1,3-4-3,Craig Pawson,/en/matches/8381ba53/Manchester-United-Bournemouth-December-22-2024-Premier-League,
ENG-Premier League,2425,,2024-12-22 Tottenham-nan,2024-12-22,16:30:00,Matchweek 17,Sun,Away,W,6,3,Tottenham,49,61439,Virgil van Dijk,4-2-3-1,4-2-3-1,Samuel Barrott,/en/matches/1e1cea4c/Tottenham-Hotspur-Liverpool-December-22-2024-Premier-League,
ENG-Premier League,2425,,2024-12-22 nan-Bournemouth,2024-12-22,14:00:00,Matchweek 17,Sun,Home,L,0,3,Bournemouth,60,73720,Bruno Fernandes,3-4-3,4-2-3-1,Craig Pawson,/en/matches/8381ba53/Manchester-United-Bournemouth-December-22-2024-Premier-League,
ENG-Premier League,2425,,2024-12-22 nan-Chelsea,2024-12-22,14:00:00,Matchweek 17,Sun,Home,D,0,0,Chelsea,25,39358,James Tarkowski,4-3-3,4-2-3-1,Chris Kavanagh,/en/matches/de72140c/Everton-Chelsea-December-22-2024-Premier-League,
ENG-Premier League,2425,,2024-12-22 nan-Liverpool,2024-12-22,16:30:00,Matchweek 17,Sun,Home,L,3,6,Liverpool,52,61439,Son Heung-min,4-2-3-1,4-2-3-1,Samuel Barrott,/en/matches/1e1cea4c/Tottenham-Hotspur-Liverpool-December-22-2024-Premier-League,
ENG-Premier League,2425,,2024-12-22 nan-Southampton,2024-12-22,14:00:00,Matchweek 17,Sun,Home,D,0,0,Southampton,57,26819,Tom Cairney,4-2-3-1,3-4-1-2,Tim Robinson,/en/matches/ba3fcb1e/Fulham-Southampton-December-22-2024-Premier-League,
ENG-Premier League,2425,,2024-12-22 nan-Wolves,2024-12-22,14:00:00,Matchweek 17,Sun,Home,L,0,3,Wolves,54,31818,Jamie Vardy,4-2-3-1,3-4-3,Anthony Taylor,/en/matches/ecd6cb1d/Leicester-City-Wolverhampton-Wanderers-December-22-2024-Premier-League,
ENG-Premier League,2425,,2024-12-26 Bournemouth-nan,2024-12-26,15:00:00,Matchweek 18,Thu,Away,D,0,0,Bournemouth,48,11129,Marc Guéhi,3-4-3,4-2-3-1,Thomas Bramall,/en/matches/886ca6b3/Bournemouth-Crystal-Palace-December-26-2024-Premier-League,
ENG-Premier League,2425,,2024-12-26 Chelsea-nan,2024-12-26,15:00:00,Matchweek 18,Thu,Away,W,2,1,Chelsea,53,39687,Antonee Robinson,4-5-1,4-2-3-1,Samuel Barrott,/en/matches/03d6159c/Chelsea-Fulham-December-26-2024-Premier-League,
ENG-Premier League,2425,,2024-12-26 Liverpool-nan,2024-12-26,20:00:00,Matchweek 18,Thu,Away,L,1,3,Liverpool,31,60300,Conor Coady,4-2-3-1,4-2-3-1,Darren Bond,/en/matches/1f604fbd/Liverpool-Leicester-City-December-26-2024-Premier-League,
ENG-Premier League,2425,,2024-12-26 Manchester City-nan,2024-12-26,12:30:00,Matchweek 18,Thu,Away,D,1,1,Manchester City,34,55527,Séamus Coleman,4-3-3,4-1-4-1,Simon Hooper,/en/matches/87f2d794/Manchester-City-Everton-December-26-2024-Premier-League,
ENG-Premier League,2425,,2024-12-26 Newcastle-nan,2024-12-26,15:00:00,Matchweek 18,Thu,Away,L,0,3,Newcastle,37,52168,John McGinn,4-2-3-1,4-3-3,Anthony Taylor,/en/matches/9985f304/Newcastle-United-Aston-Villa-December-26-2024-Premier-League,
ENG-Premier League,2425,,2024-12-26 Nottingham-nan,2024-12-26,15:00:00,Matchweek 18,Thu,Away,L,0,1,Nottingham,70,30200,Son Heung-min,4-2-3-1,4-2-3-1,Craig Pawson,/en/matches/eb738106/Nottingham-Forest-Tottenham-Hotspur-December-26-2024-Premier-League,
ENG-Premier League,2425,,2024-12-26 Southampton-nan,2024-12-26,15:00:00,Matchweek 18,Thu,Away,W,1,0,Southampton,45,31059,Jarrod Bowen,4-1-4-1,3-4-1-2,Lewis Smith,/en/matches/8050686b/Southampton-West-Ham-United-December-26-2024-Premier-League,
ENG-Premier League,2425,,2024-12-26 Wolves-nan,2024-12-26,17:30:00,Matchweek 18,Thu,Away,L,0,2,Wolves,49,31407,Bruno Fernandes,3-4-3,3-4-3,Tony Harrington,/en/matches/77bcad49/Wolverhampton-Wanderers-Manchester-United-December-26-2024-Premier-League,
ENG-Premier League,2425,,2024-12-26 nan-Aston Villa,2024-12-26,15:00:00,Matchweek 18,Thu,Home,W,3,0,Aston Villa,63,52168,Bruno Guimarães,4-3-3,4-2-3-1,Anthony Taylor,/en/matches/9985f304/Newcastle-United-Aston-Villa-December-26-2024-Premier-League,
ENG-Premier League,2425,,2024-12-26 nan-Crystal Palace,2024-12-26,15:00:00,Matchweek 18,Thu,Home,D,0,0,Crystal Palace,52,11129,Lewis Cook,4-2-3-1,3-4-3,Thomas Bramall,/en/matches/886ca6b3/Bournemouth-Crystal-Palace-December-26-2024-Premier-League,
ENG-Premier League,2425,,2024-12-26 nan-Everton,2024-12-26,12:30:00,Matchweek 18,Thu,Home,D,1,1,Everton,66,55527,Bernardo Silva,4-1-4-1,4-3-3,Simon Hooper,/en/matches/87f2d794/Manchester-City-Everton-December-26-2024-Premier-League,
ENG-Premier League,2425,,2024-12-26 nan-Fulham,2024-12-26,15:00:00,Matchweek 18,Thu,Home,L,1,2,Fulham,47,39687,Enzo Fernández,4-2-3-1,4-5-1,Samuel Barrott,/en/matches/03d6159c/Chelsea-Fulham-December-26-2024-Premier-League,
ENG-Premier League,2425,,2024-12-26 nan-Leicester City,2024-12-26,20:00:00,Matchweek 18,Thu,Home,W,3,1,Leicester City,69,60300,Virgil van Dijk,4-2-3-1,4-2-3-1,Darren Bond,/en/matches/1f604fbd/Liverpool-Leicester-City-December-26-2024-Premier-League,
ENG-Premier League,2425,,2024-12-26 nan-Manchester Utd,2024-12-26,17:30:00,Matchweek 18,Thu,Home,W,2,0,Manchester Utd,51,31407,Nélson Semedo,3-4-3,3-4-3,Tony Harrington,/en/matches/77bcad49/Wolverhampton-Wanderers-Manchester-United-December-26-2024-Premier-League,
ENG-Premier League,2425,,2024-12-26 nan-Tottenham,2024-12-26,15:00:00,Matchweek 18,Thu,Home,W,1,0,Tottenham,30,30200,Ryan Yates,4-2-3-1,4-2-3-1,Craig Pawson,/en/matches/eb738106/Nottingham-Forest-Tottenham-Hotspur-December-26-2024-Premier-League,
ENG-Premier League,2425,,2024-12-26 nan-West Ham,2024-12-26,15:00:00,Matchweek 18,Thu,Home,L,0,1,West Ham,55,31059,Jan Bednarek,3-4-1-2,4-1-4-1,Lewis Smith,/en/matches/8050686b/Southampton-West-Ham-United-December-26-2024-Premier-League,
ENG-Premier League,2425,,2024-12-27 Arsenal-nan,2024-12-27,20:15:00,Matchweek 18,Fri,Away,L,0,1,Arsenal,32,60271,Dara O'Shea,5-4-1,4-3-3,Darren England,/en/matches/668dad03/Arsenal-Ipswich-Town-December-27-2024-Premier-League,
ENG-Premier League,2425,,2024-12-27 Brighton-nan,2024-12-27,19:30:00,Matchweek 18,Fri,Away,D,0,0,Brighton,42,31548,Christian Nørgaard,4-2-3-1,4-2-3-1,Andy Madley,/en/matches/15b10b33/Brighton-and-Hove-Albion-Brentford-December-27-2024-Premier-League,
ENG-Premier League,2425,,2024-12-27 nan-Brentford,2024-12-27,19:30:00,Matchweek 18,Fri,Home,D,0,0,Brentford,58,31548,Lewis Dunk,4-2-3-1,4-2-3-1,Andy Madley,/en/matches/15b10b33/Brighton-and-Hove-Albion-Brentford-December-27-2024-Premier-League,
ENG-Premier League,2425,,2024-12-27 nan-Ipswich Town,2024-12-27,20:15:00,Matchweek 18,Fri,Home,W,1,0,Ipswich Town,68,60271,Martin Ødegaard,4-3-3,5-4-1,Darren England,/en/matches/668dad03/Arsenal-Ipswich-Town-December-27-2024-Premier-League,
ENG-Premier League,2425,,2024-12-29 Crystal Palace-nan,2024-12-29,15:00:00,Matchweek 19,Sun,Away,L,1,2,Crystal Palace,54,25130,Jan Bednarek,3-4-3,3-4-3,Michael Salisbury,/en/matches/6d06b29c/Crystal-Palace-Southampton-December-29-2024-Premier-League,
ENG-Premier League,2425,,2024-12-29 Everton-nan,2024-12-29,15:00:00,Matchweek 19,Sun,Away,W,2,0,Everton,37,25414,Morgan Gibbs-White,4-2-3-1,4-3-3,Tony Harrington,/en/matches/5fa986dc/Everton-Nottingham-Forest-December-29-2024-Premier-League,
ENG-Premier League,2425,,2024-12-29 Fulham-nan,2024-12-29,15:00:00,Matchweek 19,Sun,Away,D,2,2,Fulham,48,27301,Lewis Cook,4-2-3-1,4-5-1,Robert Jones,/en/matches/4b4023dc/Fulham-Bournemouth-December-29-2024-Premier-League,
ENG-Premier League,2425,,2024-12-29 Leicester City-nan,2024-12-29,14:30:00,Matchweek 19,Sun,Away,W,2,0,Leicester City,46,32057,Kevin De Bruyne,4-1-4-1,4-2-3-1,Michael Oliver,/en/matches/8bbb6d95/Leicester-City-Manchester-City-December-29-2024-Premier-League,
ENG-Premier League,2425,,2024-12-29 Tottenham-nan,2024-12-29,15:00:00,Matchweek 19,Sun,Away,D,2,2,Tottenham,52,61284,Nélson Semedo,3-4-3,4-2-3-1,Chris Kavanagh,/en/matches/3d2ef5b4/Tottenham-Hotspur-Wolverhampton-Wanderers-December-29-2024-Premier-League,
ENG-Premier League,2425,,2024-12-29 West Ham-nan,2024-12-29,17:15:00,Matchweek 19,Sun,Away,W,5,0,West Ham,55,62476,Virgil van Dijk,4-2-3-1,4-2-3-1,Anthony Taylor,/en/matches/c1a66ac0/West-Ham-United-Liverpool-December-29-2024-Premier-League,
ENG-Premier League,2425,,2024-12-29 nan-Bournemouth,2024-12-29,15:00:00,Matchweek 19,Sun,Home,D,2,2,Bournemouth,52,27301,Antonee Robinson,4-5-1,4-2-3-1,Robert Jones,/en/matches/4b4023dc/Fulham-Bournemouth-December-29-2024-Premier-League,
ENG-Premier League,2425,,2024-12-29 nan-Liverpool,2024-12-29,17:15:00,Matchweek 19,Sun,Home,L,0,5,Liverpool,45,62476,Jarrod Bowen,4-2-3-1,4-2-3-1,Anthony Taylor,/en/matches/c1a66ac0/West-Ham-United-Liverpool-December-29-2024-Premier-League,
ENG-Premier League,2425,,2024-12-29 nan-Manchester City,2024-12-29,14:30:00,Matchweek 19,Sun,Home,L,0,2,Manchester City,54,32057,Jamie Vardy,4-2-3-1,4-1-4-1,Michael Oliver,/en/matches/8bbb6d95/Leicester-City-Manchester-City-December-29-2024-Premier-League,
ENG-Premier League,2425,,2024-12-29 nan-Nottingham,2024-12-29,15:00:00,Matchweek 19,Sun,Home,L,0,2,Nottingham,63,25414,James Tarkowski,4-3-3,4-2-3-1,Tony Harrington,/en/matches/5fa986dc/Everton-Nottingham-Forest-December-29-2024-Premier-League,
ENG-Premier League,2425,,2024-12-29 nan-Southampton,2024-12-29,15:00:00,Matchweek 19,Sun,Home,W,2,1,Southampton,47,25130,Will Hughes,3-4-3,3-4-3,Michael Salisbury,/en/matches/6d06b29c/Crystal-Palace-Southampton-December-29-2024-Premier-League,
ENG-Premier League,2425,,2024-12-29 nan-Wolves,2024-12-29,15:00:00,Matchweek 19,Sun,Home,D,2,2,Wolves,48,61284,Son Heung-min,4-2-3-1,3-4-3,Chris Kavanagh,/en/matches/3d2ef5b4/Tottenham-Hotspur-Wolverhampton-Wanderers-December-29-2024-Premier-League,
ENG-Premier League,2425,,2024-12-30 Aston Villa-nan,2024-12-30,19:45:00,Matchweek 19,Mon,Away,D,2,2,Aston Villa,40,41414,Lewis Dunk,4-2-3-1,4-2-3-1,Craig Pawson,/en/matches/5e8340e9/Aston-Villa-Brighton-and-Hove-Albion-December-30-2024-Premier-League,
ENG-Premier League,2425,,2024-12-30 Ipswich Town-nan,2024-12-30,19:45:00,Matchweek 19,Mon,Away,L,0,2,Ipswich Town,76,29968,Enzo Fernández,4-2-3-1,4-2-3-1,John Brooks,/en/matches/88073205/Ipswich-Town-Chelsea-December-30-2024-Premier-League,
ENG-Premier League,2425,,2024-12-30 Manchester Utd-nan,2024-12-30,20:00:00,Matchweek 19,Mon,Away,W,2,0,Manchester Utd,47,73809,Bruno Guimarães,4-3-3,3-4-3,Simon Hooper,/en/matches/8cff7a63/Manchester-United-Newcastle-United-December-30-2024-Premier-League,
ENG-Premier League,2425,,2024-12-30 nan-Brighton,2024-12-30,19:45:00,Matchweek 19,Mon,Home,D,2,2,Brighton,60,41414,John McGinn,4-2-3-1,4-2-3-1,Craig Pawson,/en/matches/5e8340e9/Aston-Villa-Brighton-and-Hove-Albion-December-30-2024-Premier-League,
ENG-Premier League,2425,,2024-12-30 nan-Chelsea,2024-12-30,19:45:00,Matchweek 19,Mon,Home,W,2,0,Chelsea,24,29968,Sam Morsy,4-2-3-1,4-2-3-1,John Brooks,/en/matches/88073205/Ipswich-Town-Chelsea-December-30-2024-Premier-League,
ENG-Premier League,2425,,2024-12-30 nan-Newcastle,2024-12-30,20:00:00,Matchweek 19,Mon,Home,L,0,2,Newcastle,53,73809,Lisandro Martínez,3-4-3,4-3-3,Simon Hooper,/en/matches/8cff7a63/Manchester-United-Newcastle-United-December-30-2024-Premier-League,
ENG-Premier League,2425,,2025-01-01 Brentford-nan,2025-01-01,17:30:00,Matchweek 19,Wed,Away,W,3,1,Brentford,50,47190,Martin Ødegaard,4-3-3,4-3-1-2,Peter Bankes,/en/matches/7e6892e4/Brentford-Arsenal-January-1-2025-Premier-League,
ENG-Premier League,2425,,2025-01-01 nan-Arsenal,2025-01-01,17:30:00,Matchweek 19,Wed,Home,L,1,3,Arsenal,50,47190,Christian Nørgaard,4-3-1-2,4-3-3,Peter Bankes,/en/matches/7e6892e4/Brentford-Arsenal-January-1-2025-Premier-League,
ENG-Premier League,2425,,2025-01-04 Aston Villa-nan,2025-01-04,15:00:00,Matchweek 20,Sat,Away,L,1,2,Aston Villa,39,42386,Jamie Vardy,4-2-3-1,4-2-3-1,Jarred Gillett,/en/matches/f5ae8d7d/Aston-Villa-Leicester-City-January-4-2025-Premier-League,
ENG-Premier League,2425,,2025-01-04 Bournemouth-nan,2025-01-04,15:00:00,Matchweek 20,Sat,Away,L,0,1,Bournemouth,41,11223,James Tarkowski,4-2-3-1,4-2-3-1,John Brooks,/en/matches/43f0c302/Bournemouth-Everton-January-4-2025-Premier-League,
ENG-Premier League,2425,,2025-01-04 Brighton-nan,2025-01-04,17:30:00,Matchweek 20,Sat,Away,D,1,1,Brighton,55,31714,Jorginho,4-3-3,4-2-3-1,Anthony Taylor,/en/matches/52186da4/Brighton-and-Hove-Albion-Arsenal-January-4-2025-Premier-League,
ENG-Premier League,2425,,2025-01-04 Crystal Palace-nan,2025-01-04,15:00:00,Matchweek 20,Sat,Away,D,1,1,Crystal Palace,62,25179,Enzo Fernández,4-2-3-1,3-4-3,Tim Robinson,/en/matches/cd9861d5/Crystal-Palace-Chelsea-January-4-2025-Premier-League,
ENG-Premier League,2425,,2025-01-04 Manchester City-nan,2025-01-04,15:00:00,Matchweek 20,Sat,Away,L,1,4,Manchester City,44,52737,Tomáš Souček,4-2-3-1,4-1-4-1,Michael Salisbury,/en/matches/d7773a4c/Manchester-City-West-Ham-United-January-4-2025-Premier-League,
ENG-Premier League,2425,,2025-01-04 Southampton-nan,2025-01-04,15:00:00,Matchweek 20,Sat,Away,W,5,0,Southampton,50,31001,Christian Nørgaard,4-3-3,3-4-3,Stuart Attwell,/en/matches/36fc576a/Southampton-Brentford-January-4-2025-Premier-League,
ENG-Premier League,2425,,2025-01-04 Tottenham-nan,2025-01-04,12:30:00,Matchweek 20,Sat,Away,W,2,1,Tottenham,43,61293,Bruno Guimarães,4-3-3,4-2-3-1,Andy Madley,/en/matches/be247ac3/Tottenham-Hotspur-Newcastle-United-January-4-2025-Premier-League,
ENG-Premier League,2425,,2025-01-04 nan-Arsenal,2025-01-04,17:30:00,Matchweek 20,Sat,Home,D,1,1,Arsenal,45,31714,João Pedro,4-2-3-1,4-3-3,Anthony Taylor,/en/matches/52186da4/Brighton-and-Hove-Albion-Arsenal-January-4-2025-Premier-League,
ENG-Premier League,2425,,2025-01-04 nan-Brentford,2025-01-04,15:00:00,Matchweek 20,Sat,Home,L,0,5,Brentford,50,31001,Jan Bednarek,3-4-3,4-3-3,Stuart Attwell,/en/matches/36fc576a/Southampton-Brentford-January-4-2025-Premier-League,
ENG-Premier League,2425,,2025-01-04 nan-Chelsea,2025-01-04,15:00:00,Matchweek 20,Sat,Home,D,1,1,Chelsea,38,25179,Marc Guéhi,3-4-3,4-2-3-1,Tim Robinson,/en/matches/cd9861d5/Crystal-Palace-Chelsea-January-4-2025-Premier-League,
ENG-Premier League,2425,,2025-01-04 nan-Everton,2025-01-04,15:00:00,Matchweek 20,Sat,Home,W,1,0,Everton,59,11223,Lewis Cook,4-2-3-1,4-2-3-1,John Brooks,/en/matches/43f0c302/Bournemouth-Everton-January-4-2025-Premier-League,
ENG-Premier League,2425,,2025-01-04 nan-Leicester City,2025-01-04,15:00:00,Matchweek 20,Sat,Home,W,2,1,Leicester City,61,42386,John McGinn,4-2-3-1,4-2-3-1,Jarred Gillett,/en/matches/f5ae8d7d/Aston-Villa-Leicester-City-January-4-2025-Premier-League,
ENG-Premier League,2425,,2025-01-04 nan-Newcastle,2025-01-04,12:30:00,Matchweek 20,Sat,Home,L,1,2,Newcastle,57,61293,Dejan Kulusevski,4-2-3-1,4-3-3,Andy Madley,/en/matches/be247ac3/Tottenham-Hotspur-Newcastle-United-January-4-2025-Premier-League,
ENG-Premier League,2425,,2025-01-04 nan-West Ham,2025-01-04,15:00:00,Matchweek 20,Sat,Home,W,4,1,West Ham,56,52737,Kevin De Bruyne,4-1-4-1,4-2-3-1,Michael Salisbury,/en/matches/d7773a4c/Manchester-City-West-Ham-United-January-4-2025-Premier-League,
ENG-Premier League,2425,,2025-01-05 Fulham-nan,2025-01-05,14:00:00,Matchweek 20,Sun,Away,D,2,2,Fulham,27,27042,Sam Morsy,5-4-1,3-4-3,Darren Bond,/en/matches/8b69ef69/Fulham-Ipswich-Town-January-5-2025-Premier-League,
ENG-Premier League,2425,,2025-01-05 Liverpool-nan,2025-01-05,16:30:00,Matchweek 20,Sun,Away,D,2,2,Liverpool,48,60275,Bruno Fernandes,3-4-3,4-2-3-1,Michael Oliver,/en/matches/4cef863f/North-West-Derby-Liverpool-Manchester-United-January-5-2025-Premier-League,
ENG-Premier League,2425,,2025-01-05 nan-Ipswich Town,2025-01-05,14:00:00,Matchweek 20,Sun,Home,D,2,2,Ipswich Town,73,27042,Tom Cairney,3-4-3,5-4-1,Darren Bond,/en/matches/8b69ef69/Fulham-Ipswich-Town-January-5-2025-Premier-League,
ENG-Premier League,2425,,2025-01-05 nan-Manchester Utd,2025-01-05,16:30:00,Matchweek 20,Sun,Home,D,2,2,Manchester Utd,52,60275,Virgil van Dijk,4-2-3-1,3-4-3,Michael Oliver,/en/matches/4cef863f/North-West-Derby-Liverpool-Manchester-United-January-5-2025-Premier-League,
ENG-Premier League,2425,,2025-01-06 Wolves-nan,2025-01-06,20:00:00,Matchweek 20,Mon,Away,W,3,0,Wolves,40,29940,Morgan Gibbs-White,4-2-3-1,3-4-3,Peter Bankes,/en/matches/56c4250a/Wolverhampton-Wanderers-Nottingham-Forest-January-6-2025-Premier-League,
ENG-Premier League,2425,,2025-01-06 nan-Nottingham,2025-01-06,20:00:00,Matchweek 20,Mon,Home,L,0,3,Nottingham,61,29940,Matt Doherty,3-4-3,4-2-3-1,Peter Bankes,/en/matches/56c4250a/Wolverhampton-Wanderers-Nottingham-Forest-January-6-2025-Premier-League,
ENG-Premier League,2425,,2025-01-14 Brentford-nan,2025-01-14,19:30:00,Matchweek 21,Tue,Away,D,2,2,Brentford,56,17048,Kevin De Bruyne,4-2-3-1,4-3-3,Anthony Taylor,/en/matches/68c2e6b8/Brentford-Manchester-City-January-14-2025-Premier-League,
ENG-Premier League,2425,,2025-01-14 Chelsea-nan,2025-01-14,19:30:00,Matchweek 21,Tue,Away,D,2,2,Chelsea,43,39092,Lewis Cook,4-2-3-1,4-2-3-1,Robert Jones,/en/matches/fff671a9/Chelsea-Bournemouth-January-14-2025-Premier-League,
ENG-Premier League,2425,,2025-01-14 Nottingham-nan,2025-01-14,20:00:00,Matchweek 21,Tue,Away,D,1,1,Nottingham,71,30249,Virgil van Dijk,4-2-3-1,4-2-3-1,Chris Kavanagh,/en/matches/118f8df8/Nottingham-Forest-Liverpool-January-14-2025-Premier-League,
ENG-Premier League,2425,,2025-01-14 West Ham-nan,2025-01-14,19:30:00,Matchweek 21,Tue,Away,L,2,3,West Ham,56,62456,Antonee Robinson,4-2-3-1,4-2-3-1,Craig Pawson,/en/matches/c6168c73/West-Ham-United-Fulham-January-14-2025-Premier-League,
ENG-Premier League,2425,,2025-01-14 nan-Bournemouth,2025-01-14,19:30:00,Matchweek 21,Tue,Home,D,2,2,Bournemouth,57,39092,Enzo Fernández,4-2-3-1,4-2-3-1,Robert Jones,/en/matches/fff671a9/Chelsea-Bournemouth-January-14-2025-Premier-League,
ENG-Premier League,2425,,2025-01-14 nan-Fulham,2025-01-14,19:30:00,Matchweek 21,Tue,Home,W,3,2,Fulham,44,62456,Tomáš Souček,4-2-3-1,4-2-3-1,Craig Pawson,/en/matches/c6168c73/West-Ham-United-Fulham-January-14-2025-Premier-League,
ENG-Premier League,2425,,2025-01-14 nan-Liverpool,2025-01-14,20:00:00,Matchweek 21,Tue,Home,D,1,1,Liverpool,29,30249,Ryan Yates,4-2-3-1,4-2-3-1,Chris Kavanagh,/en/matches/118f8df8/Nottingham-Forest-Liverpool-January-14-2025-Premier-League,
ENG-Premier League,2425,,2025-01-14 nan-Manchester City,2025-01-14,19:30:00,Matchweek 21,Tue,Home,D,2,2,Manchester City,45,17048,Christian Nørgaard,4-3-3,4-2-3-1,Anthony Taylor,/en/matches/68c2e6b8/Brentford-Manchester-City-January-14-2025-Premier-League,
ENG-Premier League,2425,,2025-01-15 Arsenal-nan,2025-01-15,20:00:00,Matchweek 21,Wed,Away,L,1,2,Arsenal,47,60287,Son Heung-min,4-3-3,4-3-3,Simon Hooper,/en/matches/ee9ce5e2/North-London-Derby-Arsenal-Tottenham-Hotspur-January-15-2025-Premier-League,
ENG-Premier League,2425,,2025-01-15 Everton-nan,2025-01-15,19:30:00,Matchweek 21,Wed,Away,W,1,0,Everton,50,39085,Emiliano Martínez,4-2-3-1,4-2-3-1,Samuel Barrott,/en/matches/3e70b855/Everton-Aston-Villa-January-15-2025-Premier-League,
ENG-Premier League,2425,,2025-01-15 Leicester City-nan,2025-01-15,19:30:00,Matchweek 21,Wed,Away,W,2,0,Leicester City,43,29766,Marc Guéhi,3-4-3,4-2-3-1,Andy Madley,/en/matches/99eb6105/Leicester-City-Crystal-Palace-January-15-2025-Premier-League,
ENG-Premier League,2425,,2025-01-15 Newcastle-nan,2025-01-15,19:30:00,Matchweek 21,Wed,Away,L,0,3,Newcastle,40,51975,Matt Doherty,3-4-3,4-3-3,Darren England,/en/matches/535d70d7/Newcastle-United-Wolverhampton-Wanderers-January-15-2025-Premier-League,
ENG-Premier League,2425,,2025-01-15 nan-Aston Villa,2025-01-15,19:30:00,Matchweek 21,Wed,Home,L,0,1,Aston Villa,50,39085,James Tarkowski,4-2-3-1,4-2-3-1,Samuel Barrott,/en/matches/3e70b855/Everton-Aston-Villa-January-15-2025-Premier-League,
ENG-Premier League,2425,,2025-01-15 nan-Crystal Palace,2025-01-15,19:30:00,Matchweek 21,Wed,Home,L,0,2,Crystal Palace,57,29766,Jamie Vardy,4-2-3-1,3-4-3,Andy Madley,/en/matches/99eb6105/Leicester-City-Crystal-Palace-January-15-2025-Premier-League,
ENG-Premier League,2425,,2025-01-15 nan-Tottenham,2025-01-15,20:00:00,Matchweek 21,Wed,Home,W,2,1,Tottenham,53,60287,Martin Ødegaard,4-3-3,4-3-3,Simon Hooper,/en/matches/ee9ce5e2/North-London-Derby-Arsenal-Tottenham-Hotspur-January-15-2025-Premier-League,
ENG-Premier League,2425,,2025-01-15 nan-Wolves,2025-01-15,19:30:00,Matchweek 21,Wed,Home,W,3,0,Wolves,60,51975,Bruno Guimarães,4-3-3,3-4-3,Darren England,/en/matches/535d70d7/Newcastle-United-Wolverhampton-Wanderers-January-15-2025-Premier-League,
ENG-Premier League,2425,,2025-01-16 Ipswich Town-nan,2025-01-16,19:30:00,Matchweek 21,Thu,Away,W,2,0,Ipswich Town,53,29403,Adam Webster,4-1-4-1,4-2-3-1,Tony Harrington,/en/matches/ace86fcc/Ipswich-Town-Brighton-and-Hove-Albion-January-16-2025-Premier-League,
ENG-Premier League,2425,,2025-01-16 Manchester Utd-nan,2025-01-16,20:00:00,Matchweek 21,Thu,Away,L,1,3,Manchester Utd,41,73722,Jan Bednarek,3-4-1-2,3-4-3,John Brooks,/en/matches/f443a602/Manchester-United-Southampton-January-16-2025-Premier-League,
ENG-Premier League,2425,,2025-01-16 nan-Brighton,2025-01-16,19:30:00,Matchweek 21,Thu,Home,L,0,2,Brighton,47,29403,Dara O'Shea,4-2-3-1,4-1-4-1,Tony Harrington,/en/matches/ace86fcc/Ipswich-Town-Brighton-and-Hove-Albion-January-16-2025-Premier-League,
ENG-Premier League,2425,,2025-01-16 nan-Southampton,2025-01-16,20:00:00,Matchweek 21,Thu,Home,W,3,1,Southampton,59,73722,Bruno Fernandes,3-4-3,3-4-1-2,John Brooks,/en/matches/f443a602/Manchester-United-Southampton-January-16-2025-Premier-League,
ENG-Premier League,2425,,2025-01-18 Arsenal-nan,2025-01-18,17:30:00,Matchweek 22,Sat,Away,D,2,2,Arsenal,34,60067,Emiliano Martínez,4-2-3-1,4-3-3,Chris Kavanagh,/en/matches/1fdaaaba/Arsenal-Aston-Villa-January-18-2025-Premier-League,
ENG-Premier League,2425,,2025-01-18 Brentford-nan,2025-01-18,15:00:00,Matchweek 22,Sat,Away,W,2,0,Brentford,61,17215,Virgil van Dijk,4-2-3-1,4-2-3-1,Andy Madley,/en/matches/5e8445c1/Brentford-Liverpool-January-18-2025-Premier-League,
ENG-Premier League,2425,,2025-01-18 Leicester City-nan,2025-01-18,15:00:00,Matchweek 22,Sat,Away,W,2,0,Leicester City,62,31500,Antonee Robinson,4-2-3-1,4-2-3-1,Michael Salisbury,/en/matches/bc3ae18e/Leicester-City-Fulham-January-18-2025-Premier-League,
ENG-Premier League,2425,,2025-01-18 Newcastle-nan,2025-01-18,12:30:00,Matchweek 22,Sat,Away,W,4,1,Newcastle,45,52227,Lewis Cook,4-2-3-1,4-3-3,Stuart Attwell,/en/matches/99d11a39/Newcastle-United-Bournemouth-January-18-2025-Premier-League,
ENG-Premier League,2425,,2025-01-18 West Ham-nan,2025-01-18,15:00:00,Matchweek 22,Sat,Away,W,2,0,West Ham,46,62469,Marc Guéhi,3-4-3,3-4-3,Thomas Bramall,/en/matches/03ac4a9c/West-Ham-United-Crystal-Palace-January-18-2025-Premier-League,
ENG-Premier League,2425,,2025-01-18 nan-Aston Villa,2025-01-18,17:30:00,Matchweek 22,Sat,Home,D,2,2,Aston Villa,66,60067,Martin Ødegaard,4-3-3,4-2-3-1,Chris Kavanagh,/en/matches/1fdaaaba/Arsenal-Aston-Villa-January-18-2025-Premier-League,
ENG-Premier League,2425,,2025-01-18 nan-Bournemouth,2025-01-18,12:30:00,Matchweek 22,Sat,Home,L,1,4,Bournemouth,55,52227,Bruno Guimarães,4-3-3,4-2-3-1,Stuart Attwell,/en/matches/99d11a39/Newcastle-United-Bournemouth-January-18-2025-Premier-League,
ENG-Premier League,2425,,2025-01-18 nan-Crystal Palace,2025-01-18,15:00:00,Matchweek 22,Sat,Home,L,0,2,Crystal Palace,54,62469,Tomáš Souček,3-4-3,3-4-3,Thomas Bramall,/en/matches/03ac4a9c/West-Ham-United-Crystal-Palace-January-18-2025-Premier-League,
ENG-Premier League,2425,,2025-01-18 nan-Fulham,2025-01-18,15:00:00,Matchweek 22,Sat,Home,L,0,2,Fulham,38,31500,Jamie Vardy,4-2-3-1,4-2-3-1,Michael Salisbury,/en/matches/bc3ae18e/Leicester-City-Fulham-January-18-2025-Premier-League,
ENG-Premier League,2425,,2025-01-18 nan-Liverpool,2025-01-18,15:00:00,Matchweek 22,Sat,Home,L,0,2,Liverpool,39,17215,Christian Nørgaard,4-2-3-1,4-2-3-1,Andy Madley,/en/matches/5e8445c1/Brentford-Liverpool-January-18-2025-Premier-League,
ENG-Premier League,2425,,2025-01-19 Everton-nan,2025-01-19,14:00:00,Matchweek 22,Sun,Away,L,2,3,Everton,64,39326,Son Heung-min,3-4-3,4-2-3-1,Darren England,/en/matches/e9f61cb0/Everton-Tottenham-Hotspur-January-19-2025-Premier-League,
ENG-Premier League,2425,,2025-01-19 Ipswich Town-nan,2025-01-19,16:30:00,Matchweek 22,Sun,Away,W,6,0,Ipswich Town,68,29841,Kevin De Bruyne,4-2-3-1,5-4-1,Samuel Barrott,/en/matches/6c829b8f/Ipswich-Town-Manchester-City-January-19-2025-Premier-League,
ENG-Premier League,2425,,2025-01-19 Manchester Utd-nan,2025-01-19,14:00:00,Matchweek 22,Sun,Away,W,3,1,Manchester Utd,49,73758,Lewis Dunk,4-4-2,3-4-3,Peter Bankes,/en/matches/45028d5b/Manchester-United-Brighton-and-Hove-Albion-January-19-2025-Premier-League,
ENG-Premier League,2425,,2025-01-19 Nottingham-nan,2025-01-19,14:00:00,Matchweek 22,Sun,Away,L,2,3,Nottingham,55,30180,Jan Bednarek,3-4-1-2,4-2-3-1,Anthony Taylor,/en/matches/e0f90407/Nottingham-Forest-Southampton-January-19-2025-Premier-League,
ENG-Premier League,2425,,2025-01-19 nan-Brighton,2025-01-19,14:00:00,Matchweek 22,Sun,Home,L,1,3,Brighton,51,73758,Bruno Fernandes,3-4-3,4-4-2,Peter Bankes,/en/matches/45028d5b/Manchester-United-Brighton-and-Hove-Albion-January-19-2025-Premier-League,
ENG-Premier League,2425,,2025-01-19 nan-Manchester City,2025-01-19,16:30:00,Matchweek 22,Sun,Home,L,0,6,Manchester City,33,29841,Sam Morsy,5-4-1,4-2-3-1,Samuel Barrott,/en/matches/6c829b8f/Ipswich-Town-Manchester-City-January-19-2025-Premier-League,
ENG-Premier League,2425,,2025-01-19 nan-Southampton,2025-01-19,14:00:00,Matchweek 22,Sun,Home,W,3,2,Southampton,45,30180,Morgan Gibbs-White,4-2-3-1,3-4-1-2,Anthony Taylor,/en/matches/e0f90407/Nottingham-Forest-Southampton-January-19-2025-Premier-League,
ENG-Premier League,2425,,2025-01-19 nan-Tottenham,2025-01-19,14:00:00,Matchweek 22,Sun,Home,W,3,2,Tottenham,36,39326,James Tarkowski,4-2-3-1,3-4-3,Darren England,/en/matches/e9f61cb0/Everton-Tottenham-Hotspur-January-19-2025-Premier-League,
ENG-Premier League,2425,,2025-01-20 Chelsea-nan,2025-01-20,20:00:00,Matchweek 22,Mon,Away,L,1,3,Chelsea,37,39221,Nélson Semedo,3-4-3,4-2-3-1,Simon Hooper,/en/matches/e62cfa12/Chelsea-Wolverhampton-Wanderers-January-20-2025-Premier-League,
ENG-Premier League,2425,,2025-01-20 nan-Wolves,2025-01-20,20:00:00,Matchweek 22,Mon,Home,W,3,1,Wolves,63,39221,Reece James,4-2-3-1,3-4-3,Simon Hooper,/en/matches/e62cfa12/Chelsea-Wolverhampton-Wanderers-January-20-2025-Premier-League,
ENG-Premier League,2425,,2025-01-25 Bournemouth-nan,2025-01-25,15:00:00,Matchweek 23,Sat,Away,L,0,5,Bournemouth,49,11228,Ryan Yates,4-2-3-1,4-2-3-1,Craig Pawson,/en/matches/efa8ddd7/Bournemouth-Nottingham-Forest-January-25-2025-Premier-League,
ENG-Premier League,2425,,2025-01-25 Brighton-nan,2025-01-25,15:00:00,Matchweek 23,Sat,Away,W,1,0,Brighton,31,31087,James Tarkowski,4-2-3-1,4-2-3-1,Tim Robinson,/en/matches/b54aac79/Brighton-and-Hove-Albion-Everton-January-25-2025-Premier-League,
ENG-Premier League,2425,,2025-01-25 Liverpool-nan,2025-01-25,15:00:00,Matchweek 23,Sat,Away,L,1,4,Liverpool,29,60420,Sam Morsy,4-2-3-1,4-2-3-1,Michael Salisbury,/en/matches/ee59115f/Liverpool-Ipswich-Town-January-25-2025-Premier-League,
ENG-Premier League,2425,,2025-01-25 Manchester City-nan,2025-01-25,17:30:00,Matchweek 23,Sat,Away,L,1,3,Manchester City,43,52687,Reece James,4-2-3-1,4-3-3,John Brooks,/en/matches/bfd54040/Manchester-City-Chelsea-January-25-2025-Premier-League,
ENG-Premier League,2425,,2025-01-25 Southampton-nan,2025-01-25,15:00:00,Matchweek 23,Sat,Away,W,3,1,Southampton,47,31141,Bruno Guimarães,4-3-3,3-4-1-2,Samuel Barrott,/en/matches/7d05223b/Southampton-Newcastle-United-January-25-2025-Premier-League,
ENG-Premier League,2425,,2025-01-25 Wolves-nan,2025-01-25,15:00:00,Matchweek 23,Sat,Away,W,1,0,Wolves,49,31503,Gabriel Magalhães,4-3-3,3-4-3,Michael Oliver,/en/matches/0b39252e/Wolverhampton-Wanderers-Arsenal-January-25-2025-Premier-League,
ENG-Premier League,2425,,2025-01-25 nan-Arsenal,2025-01-25,15:00:00,Matchweek 23,Sat,Home,L,0,1,Arsenal,51,31503,Nélson Semedo,3-4-3,4-3-3,Michael Oliver,/en/matches/0b39252e/Wolverhampton-Wanderers-Arsenal-January-25-2025-Premier-League,
ENG-Premier League,2425,,2025-01-25 nan-Chelsea,2025-01-25,17:30:00,Matchweek 23,Sat,Home,W,3,1,Chelsea,57,52687,Bernardo Silva,4-3-3,4-2-3-1,John Brooks,/en/matches/bfd54040/Manchester-City-Chelsea-January-25-2025-Premier-League,
ENG-Premier League,2425,,2025-01-25 nan-Everton,2025-01-25,15:00:00,Matchweek 23,Sat,Home,L,0,1,Everton,69,31087,Lewis Dunk,4-2-3-1,4-2-3-1,Tim Robinson,/en/matches/b54aac79/Brighton-and-Hove-Albion-Everton-January-25-2025-Premier-League,
ENG-Premier League,2425,,2025-01-25 nan-Ipswich Town,2025-01-25,15:00:00,Matchweek 23,Sat,Home,W,4,1,Ipswich Town,71,60420,Virgil van Dijk,4-2-3-1,4-2-3-1,Michael Salisbury,/en/matches/ee59115f/Liverpool-Ipswich-Town-January-25-2025-Premier-League,
ENG-Premier League,2425,,2025-01-25 nan-Newcastle,2025-01-25,15:00:00,Matchweek 23,Sat,Home,L,1,3,Newcastle,53,31141,Jan Bednarek,3-4-1-2,4-3-3,Samuel Barrott,/en/matches/7d05223b/Southampton-Newcastle-United-January-25-2025-Premier-League,
ENG-Premier League,2425,,2025-01-25 nan-Nottingham,2025-01-25,15:00:00,Matchweek 23,Sat,Home,W,5,0,Nottingham,51,11228,Lewis Cook,4-2-3-1,4-2-3-1,Craig Pawson,/en/matches/efa8ddd7/Bournemouth-Nottingham-Forest-January-25-2025-Premier-League,
ENG-Premier League,2425,,2025-01-26 Aston Villa-nan,2025-01-26,16:30:00,Matchweek 23,Sun,Away,D,1,1,Aston Villa,54,41628,Tomáš Souček,3-4-3,4-2-3-1,Peter Bankes,/en/matches/bb05246c/Aston-Villa-West-Ham-United-January-26-2025-Premier-League,
ENG-Premier League,2425,,2025-01-26 Crystal Palace-nan,2025-01-26,14:00:00,Matchweek 23,Sun,Away,W,2,1,Crystal Palace,53,25066,Christian Nørgaard,4-2-3-1,3-4-3,Tony Harrington,/en/matches/68d6e8fe/Crystal-Palace-Brentford-January-26-2025-Premier-League,
ENG-Premier League,2425,,2025-01-26 Fulham-nan,2025-01-26,19:00:00,Matchweek 23,Sun,Away,W,1,0,Fulham,49,27288,Bruno Fernandes,3-4-3,4-2-3-1,Anthony Taylor,/en/matches/eb14e391/Fulham-Manchester-United-January-26-2025-Premier-League,
ENG-Premier League,2425,,2025-01-26 Tottenham-nan,2025-01-26,14:00:00,Matchweek 23,Sun,Away,W,2,1,Tottenham,40,61295,Jamie Vardy,4-2-3-1,4-3-3,Robert Jones,/en/matches/8226bca2/Tottenham-Hotspur-Leicester-City-January-26-2025-Premier-League,
ENG-Premier League,2425,,2025-01-26 nan-Brentford,2025-01-26,14:00:00,Matchweek 23,Sun,Home,L,1,2,Brentford,47,25066,Marc Guéhi,3-4-3,4-2-3-1,Tony Harrington,/en/matches/68d6e8fe/Crystal-Palace-Brentford-January-26-2025-Premier-League,
ENG-Premier League,2425,,2025-01-26 nan-Leicester City,2025-01-26,14:00:00,Matchweek 23,Sun,Home,L,1,2,Leicester City,61,61295,Son Heung-min,4-3-3,4-2-3-1,Robert Jones,/en/matches/8226bca2/Tottenham-Hotspur-Leicester-City-January-26-2025-Premier-League,
ENG-Premier League,2425,,2025-01-26 nan-Manchester Utd,2025-01-26,19:00:00,Matchweek 23,Sun,Home,L,0,1,Manchester Utd,51,27288,Antonee Robinson,4-2-3-1,3-4-3,Anthony Taylor,/en/matches/eb14e391/Fulham-Manchester-United-January-26-2025-Premier-League,
ENG-Premier League,2425,,2025-01-26 nan-West Ham,2025-01-26,16:30:00,Matchweek 23,Sun,Home,D,1,1,West Ham,46,41628,Emiliano Martínez,4-2-3-1,3-4-3,Peter Bankes,/en/matches/bb05246c/Aston-Villa-West-Ham-United-January-26-2025-Premier-League,
ENG-Premier League,2425,,2025-02-01 Bournemouth-nan,2025-02-01,15:00:00,Matchweek 24,Sat,Away,W,2,0,Bournemouth,51,11239,Virgil van Dijk,4-2-3-1,4-2-3-1,Darren England,/en/matches/886603cd/Bournemouth-Liverpool-February-1-2025-Premier-League,
ENG-Premier League,2425,,2025-02-01 Everton-nan,2025-02-01,15:00:00,Matchweek 24,Sat,Away,L,0,4,Everton,53,39376,Jamie Vardy,4-2-3-1,4-2-3-1,Darren Bond,/en/matches/475670fb/Everton-Leicester-City-February-1-2025-Premier-League,
ENG-Premier League,2425,,2025-02-01 Ipswich Town-nan,2025-02-01,15:00:00,Matchweek 24,Sat,Away,W,2,1,Ipswich Town,43,29902,Jan Bednarek,3-4-3,4-2-3-1,Michael Oliver,/en/matches/1098cac0/Ipswich-Town-Southampton-February-1-2025-Premier-League,
ENG-Premier League,2425,,2025-02-01 Newcastle-nan,2025-02-01,15:00:00,Matchweek 24,Sat,Away,W,2,1,Newcastle,53,52173,Antonee Robinson,4-2-3-1,4-3-3,Chris Kavanagh,/en/matches/5ec3f48b/Newcastle-United-Fulham-February-1-2025-Premier-League,
ENG-Premier League,2425,,2025-02-01 Nottingham-nan,2025-02-01,12:30:00,Matchweek 24,Sat,Away,L,0,7,Nottingham,63,30164,Lewis Dunk,4-1-4-1,3-4-1-2,Simon Hooper,/en/matches/897ab235/Nottingham-Forest-Brighton-and-Hove-Albion-February-1-2025-Premier-League,
ENG-Premier League,2425,,2025-02-01 Wolves-nan,2025-02-01,17:30:00,Matchweek 24,Sat,Away,L,0,2,Wolves,68,31385,John McGinn,4-2-3-1,3-4-3,Andy Madley,/en/matches/693ab427/Wolverhampton-Wanderers-Aston-Villa-February-1-2025-Premier-League,
ENG-Premier League,2425,,2025-02-01 nan-Aston Villa,2025-02-01,17:30:00,Matchweek 24,Sat,Home,W,2,0,Aston Villa,32,31385,Nélson Semedo,3-4-3,4-2-3-1,Andy Madley,/en/matches/693ab427/Wolverhampton-Wanderers-Aston-Villa-February-1-2025-Premier-League,
ENG-Premier League,2425,,2025-02-01 nan-Brighton,2025-02-01,12:30:00,Matchweek 24,Sat,Home,W,7,0,Brighton,37,30164,Morgan Gibbs-White,3-4-1-2,4-1-4-1,Simon Hooper,/en/matches/897ab235/Nottingham-Forest-Brighton-and-Hove-Albion-February-1-2025-Premier-League,
ENG-Premier League,2425,,2025-02-01 nan-Fulham,2025-02-01,15:00:00,Matchweek 24,Sat,Home,L,1,2,Fulham,47,52173,Bruno Guimarães,4-3-3,4-2-3-1,Chris Kavanagh,/en/matches/5ec3f48b/Newcastle-United-Fulham-February-1-2025-Premier-League,
ENG-Premier League,2425,,2025-02-01 nan-Leicester City,2025-02-01,15:00:00,Matchweek 24,Sat,Home,W,4,0,Leicester City,47,39376,James Tarkowski,4-2-3-1,4-2-3-1,Darren Bond,/en/matches/475670fb/Everton-Leicester-City-February-1-2025-Premier-League,
ENG-Premier League,2425,,2025-02-01 nan-Liverpool,2025-02-01,15:00:00,Matchweek 24,Sat,Home,L,0,2,Liverpool,50,11239,Lewis Cook,4-2-3-1,4-2-3-1,Darren England,/en/matches/886603cd/Bournemouth-Liverpool-February-1-2025-Premier-League,
ENG-Premier League,2425,,2025-02-01 nan-Southampton,2025-02-01,15:00:00,Matchweek 24,Sat,Home,L,1,2,Southampton,57,29902,Sam Morsy,4-2-3-1,3-4-3,Michael Oliver,/en/matches/1098cac0/Ipswich-Town-Southampton-February-1-2025-Premier-League,
ENG-Premier League,2425,,2025-02-02 Arsenal-nan,2025-02-02,16:30:00,Matchweek 24,Sun,Away,L,1,5,Arsenal,55,60355,Bernardo Silva,4-2-3-1,4-3-3,Peter Bankes,/en/matches/2906e921/Arsenal-Manchester-City-February-2-2025-Premier-League,
ENG-Premier League,2425,,2025-02-02 Brentford-nan,2025-02-02,14:00:00,Matchweek 24,Sun,Away,W,2,0,Brentford,46,17154,Son Heung-min,4-2-3-1,4-2-3-1,Jarred Gillett,/en/matches/7193a229/Brentford-Tottenham-Hotspur-February-2-2025-Premier-League,
ENG-Premier League,2425,,2025-02-02 Manchester Utd-nan,2025-02-02,14:00:00,Matchweek 24,Sun,Away,W,2,0,Manchester Utd,33,73751,Marc Guéhi,3-4-3,3-4-3,John Brooks,/en/matches/83dba981/Manchester-United-Crystal-Palace-February-2-2025-Premier-League,
ENG-Premier League,2425,,2025-02-02 nan-Crystal Palace,2025-02-02,14:00:00,Matchweek 24,Sun,Home,L,0,2,Crystal Palace,67,73751,Bruno Fernandes,3-4-3,3-4-3,John Brooks,/en/matches/83dba981/Manchester-United-Crystal-Palace-February-2-2025-Premier-League,
ENG-Premier League,2425,,2025-02-02 nan-Manchester City,2025-02-02,16:30:00,Matchweek 24,Sun,Home,W,5,1,Manchester City,46,60355,Martin Ødegaard,4-3-3,4-2-3-1,Peter Bankes,/en/matches/2906e921/Arsenal-Manchester-City-February-2-2025-Premier-League,
ENG-Premier League,2425,,2025-02-02 nan-Tottenham,2025-02-02,14:00:00,Matchweek 24,Sun,Home,L,0,2,Tottenham,54,17154,Christian Nørgaard,4-2-3-1,4-2-3-1,Jarred Gillett,/en/matches/7193a229/Brentford-Tottenham-Hotspur-February-2-2025-Premier-League,
ENG-Premier League,2425,,2025-02-03 Chelsea-nan,2025-02-03,20:00:00,Matchweek 24,Mon,Away,L,1,2,Chelsea,33,39459,Jarrod Bowen,3-4-3,4-2-3-1,Stuart Attwell,/en/matches/ed7df9b1/Chelsea-West-Ham-United-February-3-2025-Premier-League,
ENG-Premier League,2425,,2025-02-03 nan-West Ham,2025-02-03,20:00:00,Matchweek 24,Mon,Home,W,2,1,West Ham,67,39459,Reece James,4-2-3-1,3-4-3,Stuart Attwell,/en/matches/ed7df9b1/Chelsea-West-Ham-United-February-3-2025-Premier-League,
ENG-Premier League,2425,,2025-02-12 Everton-nan,2025-02-12,19:30:00,Matchweek 15,Wed,Away,D,2,2,Everton,63,39280,Virgil van Dijk,4-2-3-1,4-2-3-1,Michael Oliver,/en/matches/92627434/Merseyside-Derby-Everton-Liverpool-February-12-2025-Premier-League,
ENG-Premier League,2425,,2025-02-12 nan-Liverpool,2025-02-12,19:30:00,Matchweek 15,Wed,Home,D,2,2,Liverpool,37,39280,James Tarkowski,4-2-3-1,4-2-3-1,Michael Oliver,/en/matches/92627434/Merseyside-Derby-Everton-Liverpool-February-12-2025-Premier-League,
ENG-Premier League,2425,,2025-02-14 Brighton-nan,2025-02-14,20:00:00,Matchweek 25,Fri,Away,L,0,3,Brighton,69,31324,Enzo Fernández,4-2-3-1,5-4-1,Chris Kavanagh,/en/matches/ed780e1d/Brighton-and-Hove-Albion-Chelsea-February-14-2025-Premier-League,
ENG-Premier League,2425,,2025-02-14 nan-Chelsea,2025-02-14,20:00:00,Matchweek 25,Fri,Home,W,3,0,Chelsea,31,31324,Danny Welbeck,5-4-1,4-2-3-1,Chris Kavanagh,/en/matches/ed780e1d/Brighton-and-Hove-Albion-Chelsea-February-14-2025-Premier-League,
ENG-Premier League,2425,,2025-02-15 Aston Villa-nan,2025-02-15,15:00:00,Matchweek 25,Sat,Away,D,1,1,Aston Villa,24,42510,Dara O'Shea,4-2-3-1,4-2-3-1,Robert Jones,/en/matches/06fee8c4/Aston-Villa-Ipswich-Town-February-15-2025-Premier-League,
ENG-Premier League,2425,,2025-02-15 Crystal Palace-nan,2025-02-15,17:30:00,Matchweek 25,Sat,Away,W,2,1,Crystal Palace,42,25108,James Tarkowski,4-2-3-1,3-4-3,Anthony Taylor,/en/matches/35ee3617/Crystal-Palace-Everton-February-15-2025-Premier-League,
ENG-Premier League,2425,,2025-02-15 Fulham-nan,2025-02-15,15:00:00,Matchweek 25,Sat,Away,L,1,2,Fulham,44,27164,Morgan Gibbs-White,3-5-2,4-2-3-1,Thomas Bramall,/en/matches/5968d7ad/Fulham-Nottingham-Forest-February-15-2025-Premier-League,
ENG-Premier League,2425,,2025-02-15 Leicester City-nan,2025-02-15,12:30:00,Matchweek 25,Sat,Away,W,2,0,Leicester City,60,31968,Martin Ødegaard,4-3-3,4-2-3-1,Samuel Barrott,/en/matches/af8aa0dd/Leicester-City-Arsenal-February-15-2025-Premier-League,
ENG-Premier League,2425,,2025-02-15 Manchester City-nan,2025-02-15,15:00:00,Matchweek 25,Sat,Away,L,0,4,Manchester City,38,52479,Bruno Guimarães,4-3-3,4-2-3-1,Andy Madley,/en/matches/8c51fa01/Manchester-City-Newcastle-United-February-15-2025-Premier-League,
ENG-Premier League,2425,,2025-02-15 Southampton-nan,2025-02-15,15:00:00,Matchweek 25,Sat,Away,W,3,1,Southampton,55,31037,Lewis Cook,4-2-3-1,3-4-1-2,Jarred Gillett,/en/matches/ce3da486/Southampton-Bournemouth-February-15-2025-Premier-League,
ENG-Premier League,2425,,2025-02-15 West Ham-nan,2025-02-15,15:00:00,Matchweek 25,Sat,Away,W,1,0,West Ham,42,62415,Christian Nørgaard,4-2-3-1,4-2-3-1,Darren England,/en/matches/79406a7e/West-Ham-United-Brentford-February-15-2025-Premier-League,
ENG-Premier League,2425,,2025-02-15 nan-Arsenal,2025-02-15,12:30:00,Matchweek 25,Sat,Home,L,0,2,Arsenal,40,31968,Jamie Vardy,4-2-3-1,4-3-3,Samuel Barrott,/en/matches/af8aa0dd/Leicester-City-Arsenal-February-15-2025-Premier-League,
ENG-Premier League,2425,,2025-02-15 nan-Bournemouth,2025-02-15,15:00:00,Matchweek 25,Sat,Home,L,1,3,Bournemouth,45,31037,Jan Bednarek,3-4-1-2,4-2-3-1,Jarred Gillett,/en/matches/ce3da486/Southampton-Bournemouth-February-15-2025-Premier-League,
ENG-Premier League,2425,,2025-02-15 nan-Brentford,2025-02-15,15:00:00,Matchweek 25,Sat,Home,L,0,1,Brentford,59,62415,Jarrod Bowen,4-2-3-1,4-2-3-1,Darren England,/en/matches/79406a7e/West-Ham-United-Brentford-February-15-2025-Premier-League,
ENG-Premier League,2425,,2025-02-15 nan-Everton,2025-02-15,17:30:00,Matchweek 25,Sat,Home,L,1,2,Everton,58,25108,Marc Guéhi,3-4-3,4-2-3-1,Anthony Taylor,/en/matches/35ee3617/Crystal-Palace-Everton-February-15-2025-Premier-League,
ENG-Premier League,2425,,2025-02-15 nan-Ipswich Town,2025-02-15,15:00:00,Matchweek 25,Sat,Home,D,1,1,Ipswich Town,76,42510,John McGinn,4-2-3-1,4-2-3-1,Robert Jones,/en/matches/06fee8c4/Aston-Villa-Ipswich-Town-February-15-2025-Premier-League,
ENG-Premier League,2425,,2025-02-15 nan-Newcastle,2025-02-15,15:00:00,Matchweek 25,Sat,Home,W,4,0,Newcastle,62,52479,Erling Haaland,4-2-3-1,4-3-3,Andy Madley,/en/matches/8c51fa01/Manchester-City-Newcastle-United-February-15-2025-Premier-League,
ENG-Premier League,2425,,2025-02-15 nan-Nottingham,2025-02-15,15:00:00,Matchweek 25,Sat,Home,W,2,1,Nottingham,56,27164,Antonee Robinson,4-2-3-1,3-5-2,Thomas Bramall,/en/matches/5968d7ad/Fulham-Nottingham-Forest-February-15-2025-Premier-League,
ENG-Premier League,2425,,2025-02-16 Liverpool-nan,2025-02-16,14:00:00,Matchweek 25,Sun,Away,L,1,2,Liverpool,50,60248,Nélson Semedo,3-4-3,4-2-3-1,Simon Hooper,/en/matches/6a917c79/Liverpool-Wolverhampton-Wanderers-February-16-2025-Premier-League,
ENG-Premier League,2425,,2025-02-16 Tottenham-nan,2025-02-16,16:30:00,Matchweek 25,Sun,Away,L,0,1,Tottenham,44,61383,Bruno Fernandes,3-4-3,4-3-3,Peter Bankes,/en/matches/09db2a2f/Tottenham-Hotspur-Manchester-United-February-16-2025-Premier-League,
ENG-Premier League,2425,,2025-02-16 nan-Manchester Utd,2025-02-16,16:30:00,Matchweek 25,Sun,Home,W,1,0,Manchester Utd,57,61383,Son Heung-min,4-3-3,3-4-3,Peter Bankes,/en/matches/09db2a2f/Tottenham-Hotspur-Manchester-United-February-16-2025-Premier-League,
ENG-Premier League,2425,,2025-02-16 nan-Wolves,2025-02-16,14:00:00,Matchweek 25,Sun,Home,W,2,1,Wolves,50,60248,Virgil van Dijk,4-2-3-1,3-4-3,Simon Hooper,/en/matches/6a917c79/Liverpool-Wolverhampton-Wanderers-February-16-2025-Premier-League,
ENG-Premier League,2425,,2025-02-19 Aston Villa-nan,2025-02-19,19:30:00,Matchweek 29,Wed,Away,D,2,2,Aston Villa,48,41910,Virgil van Dijk,4-2-3-1,4-2-3-1,Craig Pawson,/en/matches/39c7b656/Aston-Villa-Liverpool-February-19-2025-Premier-League,
ENG-Premier League,2425,,2025-02-19 nan-Liverpool,2025-02-19,19:30:00,Matchweek 29,Wed,Home,D,2,2,Liverpool,52,41910,John McGinn,4-2-3-1,4-2-3-1,Craig Pawson,/en/matches/39c7b656/Aston-Villa-Liverpool-February-19-2025-Premier-League,
ENG-Premier League,2425,,2025-02-21 Leicester City-nan,2025-02-21,20:00:00,Matchweek 26,Fri,Away,W,4,0,Leicester City,53,31077,Christian Nørgaard,4-2-3-1,4-2-3-1,Tony Harrington,/en/matches/da5a149a/Leicester-City-Brentford-February-21-2025-Premier-League,
ENG-Premier League,2425,,2025-02-21 nan-Brentford,2025-02-21,20:00:00,Matchweek 26,Fri,Home,L,0,4,Brentford,48,31077,Jamie Vardy,4-2-3-1,4-2-3-1,Tony Harrington,/en/matches/da5a149a/Leicester-City-Brentford-February-21-2025-Premier-League,
ENG-Premier League,2425,,2025-02-22 Arsenal-nan,2025-02-22,15:00:00,Matchweek 26,Sat,Away,W,1,0,Arsenal,32,60262,Jarrod Bowen,5-3-2,4-3-3,Craig Pawson,/en/matches/e511e91c/Arsenal-West-Ham-United-February-22-2025-Premier-League,
ENG-Premier League,2425,,2025-02-22 Aston Villa-nan,2025-02-22,17:30:00,Matchweek 26,Sat,Away,L,1,2,Aston Villa,48,42423,Reece James,4-2-3-1,4-2-3-1,Michael Oliver,/en/matches/5109d405/Aston-Villa-Chelsea-February-22-2025-Premier-League,
ENG-Premier League,2425,,2025-02-22 Bournemouth-nan,2025-02-22,15:00:00,Matchweek 26,Sat,Away,W,1,0,Bournemouth,55,11206,Nélson Semedo,3-4-3,4-2-3-1,Michael Salisbury,/en/matches/ccdda6d3/Bournemouth-Wolverhampton-Wanderers-February-22-2025-Premier-League,
ENG-Premier League,2425,,2025-02-22 Everton-nan,2025-02-22,12:30:00,Matchweek 26,Sat,Away,D,2,2,Everton,62,39290,Bruno Fernandes,3-4-3,4-2-3-1,Andy Madley,/en/matches/e5b45c4d/Everton-Manchester-United-February-22-2025-Premier-League,
ENG-Premier League,2425,,2025-02-22 Fulham-nan,2025-02-22,15:00:00,Matchweek 26,Sat,Away,W,2,0,Fulham,38,26777,Marc Guéhi,3-4-3,4-2-3-1,Robert Jones,/en/matches/7289bcdf/Fulham-Crystal-Palace-February-22-2025-Premier-League,
ENG-Premier League,2425,,2025-02-22 Ipswich Town-nan,2025-02-22,15:00:00,Matchweek 26,Sat,Away,W,4,1,Ipswich Town,59,30003,Son Heung-min,4-3-3,4-2-3-1,Tim Robinson,/en/matches/7853cd1a/Ipswich-Town-Tottenham-Hotspur-February-22-2025-Premier-League,
ENG-Premier League,2425,,2025-02-22 Southampton-nan,2025-02-22,15:00:00,Matchweek 26,Sat,Away,W,4,0,Southampton,50,30775,Adam Webster,4-2-3-1,3-4-3,Darren Bond,/en/matches/e757bea1/Southampton-Brighton-and-Hove-Albion-February-22-2025-Premier-League,
ENG-Premier League,2425,,2025-02-22 nan-Brighton,2025-02-22,15:00:00,Matchweek 26,Sat,Home,L,0,4,Brighton,50,30775,Jan Bednarek,3-4-3,4-2-3-1,Darren Bond,/en/matches/e757bea1/Southampton-Brighton-and-Hove-Albion-February-22-2025-Premier-League,
ENG-Premier League,2425,,2025-02-22 nan-Chelsea,2025-02-22,17:30:00,Matchweek 26,Sat,Home,W,2,1,Chelsea,52,42423,John McGinn,4-2-3-1,4-2-3-1,Michael Oliver,/en/matches/5109d405/Aston-Villa-Chelsea-February-22-2025-Premier-League,
ENG-Premier League,2425,,2025-02-22 nan-Crystal Palace,2025-02-22,15:00:00,Matchweek 26,Sat,Home,L,0,2,Crystal Palace,62,26777,Antonee Robinson,4-2-3-1,3-4-3,Robert Jones,/en/matches/7289bcdf/Fulham-Crystal-Palace-February-22-2025-Premier-League,
ENG-Premier League,2425,,2025-02-22 nan-Manchester Utd,2025-02-22,12:30:00,Matchweek 26,Sat,Home,D,2,2,Manchester Utd,38,39290,James Tarkowski,4-2-3-1,3-4-3,Andy Madley,/en/matches/e5b45c4d/Everton-Manchester-United-February-22-2025-Premier-League,
ENG-Premier League,2425,,2025-02-22 nan-Tottenham,2025-02-22,15:00:00,Matchweek 26,Sat,Home,L,1,4,Tottenham,41,30003,Dara O'Shea,4-2-3-1,4-3-3,Tim Robinson,/en/matches/7853cd1a/Ipswich-Town-Tottenham-Hotspur-February-22-2025-Premier-League,
ENG-Premier League,2425,,2025-02-22 nan-West Ham,2025-02-22,15:00:00,Matchweek 26,Sat,Home,L,0,1,West Ham,68,60262,Martin Ødegaard,4-3-3,5-3-2,Craig Pawson,/en/matches/e511e91c/Arsenal-West-Ham-United-February-22-2025-Premier-League,
ENG-Premier League,2425,,2025-02-22 nan-Wolves,2025-02-22,15:00:00,Matchweek 26,Sat,Home,L,0,1,Wolves,45,11206,Lewis Cook,4-2-3-1,3-4-3,Michael Salisbury,/en/matches/ccdda6d3/Bournemouth-Wolverhampton-Wanderers-February-22-2025-Premier-League,
ENG-Premier League,2425,,2025-02-23 Manchester City-nan,2025-02-23,16:30:00,Matchweek 26,Sun,Away,W,2,0,Manchester City,34,52803,Virgil van Dijk,4-2-2-2,4-1-4-1,Anthony Taylor,/en/matches/e51a316b/Manchester-City-Liverpool-February-23-2025-Premier-League,
ENG-Premier League,2425,,2025-02-23 Newcastle-nan,2025-02-23,14:00:00,Matchweek 26,Sun,Away,L,3,4,Newcastle,43,52223,Morgan Gibbs-White,4-2-3-1,4-3-3,Jarred Gillett,/en/matches/93caf0bc/Newcastle-United-Nottingham-Forest-February-23-2025-Premier-League,
ENG-Premier League,2425,,2025-02-23 nan-Liverpool,2025-02-23,16:30:00,Matchweek 26,Sun,Home,L,0,2,Liverpool,66,52803,Kevin De Bruyne,4-1-4-1,4-2-2-2,Anthony Taylor,/en/matches/e51a316b/Manchester-City-Liverpool-February-23-2025-Premier-League,
ENG-Premier League,2425,,2025-02-23 nan-Nottingham,2025-02-23,14:00:00,Matchweek 26,Sun,Home,W,4,3,Nottingham,57,52223,Bruno Guimarães,4-3-3,4-2-3-1,Jarred Gillett,/en/matches/93caf0bc/Newcastle-United-Nottingham-Forest-February-23-2025-Premier-League,
ENG-Premier League,2425,,2025-02-25 Brighton-nan,2025-02-25,19:30:00,Matchweek 27,Tue,Away,L,1,2,Brighton,57,31138,Lewis Cook,4-2-3-1,4-2-3-1,Michael Oliver,/en/matches/fade9277/Brighton-and-Hove-Albion-Bournemouth-February-25-2025-Premier-League,
ENG-Premier League,2425,,2025-02-25 Chelsea-nan,2025-02-25,20:15:00,Matchweek 27,Tue,Away,L,0,4,Chelsea,41,39485,Aaron Ramsdale,5-4-1,4-2-3-1,Thomas Bramall,/en/matches/21d4a457/Chelsea-Southampton-February-25-2025-Premier-League,
ENG-Premier League,2425,,2025-02-25 Crystal Palace-nan,2025-02-25,19:30:00,Matchweek 27,Tue,Away,L,1,4,Crystal Palace,64,24712,John McGinn,3-4-3,3-4-3,Samuel Barrott,/en/matches/0a97629a/Crystal-Palace-Aston-Villa-February-25-2025-Premier-League,
ENG-Premier League,2425,,2025-02-25 Wolves-nan,2025-02-25,19:30:00,Matchweek 27,Tue,Away,W,2,1,Wolves,40,28708,Bernd Leno,3-4-3,3-4-3,Peter Bankes,/en/matches/7aecfc4c/Wolverhampton-Wanderers-Fulham-February-25-2025-Premier-League,
ENG-Premier League,2425,,2025-02-25 nan-Aston Villa,2025-02-25,19:30:00,Matchweek 27,Tue,Home,W,4,1,Aston Villa,36,24712,Marc Guéhi,3-4-3,3-4-3,Samuel Barrott,/en/matches/0a97629a/Crystal-Palace-Aston-Villa-February-25-2025-Premier-League,
ENG-Premier League,2425,,2025-02-25 nan-Bournemouth,2025-02-25,19:30:00,Matchweek 27,Tue,Home,W,2,1,Bournemouth,43,31138,Adam Webster,4-2-3-1,4-2-3-1,Michael Oliver,/en/matches/fade9277/Brighton-and-Hove-Albion-Bournemouth-February-25-2025-Premier-League,
ENG-Premier League,2425,,2025-02-25 nan-Fulham,2025-02-25,19:30:00,Matchweek 27,Tue,Home,L,1,2,Fulham,60,28708,Nélson Semedo,3-4-3,3-4-3,Peter Bankes,/en/matches/7aecfc4c/Wolverhampton-Wanderers-Fulham-February-25-2025-Premier-League,
ENG-Premier League,2425,,2025-02-25 nan-Southampton,2025-02-25,20:15:00,Matchweek 27,Tue,Home,W,4,0,Southampton,60,39485,Enzo Fernández,4-2-3-1,5-4-1,Thomas Bramall,/en/matches/21d4a457/Chelsea-Southampton-February-25-2025-Premier-League,
ENG-Premier League,2425,,2025-02-26 Brentford-nan,2025-02-26,19:30:00,Matchweek 27,Wed,Away,D,1,1,Brentford,48,17082,James Tarkowski,4-2-3-1,4-2-3-1,Simon Hooper,/en/matches/1218933c/Brentford-Everton-February-26-2025-Premier-League,
ENG-Premier League,2425,,2025-02-26 Liverpool-nan,2025-02-26,20:15:00,Matchweek 27,Wed,Away,L,0,2,Liverpool,39,60374,Bruno Guimarães,4-2-3-1,4-2-3-1,Stuart Attwell,/en/matches/a0975f8c/Liverpool-Newcastle-United-February-26-2025-Premier-League,
ENG-Premier League,2425,,2025-02-26 Manchester Utd-nan,2025-02-26,19:30:00,Matchweek 27,Wed,Away,L,2,3,Manchester Utd,56,73827,Sam Morsy,3-4-3,3-4-3,Darren England,/en/matches/bf6aa8ee/Manchester-United-Ipswich-Town-February-26-2025-Premier-League,
ENG-Premier League,2425,,2025-02-26 Nottingham-nan,2025-02-26,19:30:00,Matchweek 27,Wed,Away,D,0,0,Nottingham,65,30200,Martin Ødegaard,4-3-3,4-2-3-1,Andy Madley,/en/matches/d4387bc1/Nottingham-Forest-Arsenal-February-26-2025-Premier-League,
ENG-Premier League,2425,,2025-02-26 Tottenham-nan,2025-02-26,19:30:00,Matchweek 27,Wed,Away,W,1,0,Tottenham,45,60820,Rúben Dias,4-2-3-1,4-3-3,Jarred Gillett,/en/matches/3b8160bd/Tottenham-Hotspur-Manchester-City-February-26-2025-Premier-League,
ENG-Premier League,2425,,2025-02-26 nan-Arsenal,2025-02-26,19:30:00,Matchweek 27,Wed,Home,D,0,0,Arsenal,35,30200,Morgan Gibbs-White,4-2-3-1,4-3-3,Andy Madley,/en/matches/d4387bc1/Nottingham-Forest-Arsenal-February-26-2025-Premier-League,
ENG-Premier League,2425,,2025-02-26 nan-Everton,2025-02-26,19:30:00,Matchweek 27,Wed,Home,D,1,1,Everton,52,17082,Vitaly Janelt,4-2-3-1,4-2-3-1,Simon Hooper,/en/matches/1218933c/Brentford-Everton-February-26-2025-Premier-League,
ENG-Premier League,2425,,2025-02-26 nan-Ipswich Town,2025-02-26,19:30:00,Matchweek 27,Wed,Home,W,3,2,Ipswich Town,44,73827,Bruno Fernandes,3-4-3,3-4-3,Darren England,/en/matches/bf6aa8ee/Manchester-United-Ipswich-Town-February-26-2025-Premier-League,
ENG-Premier League,2425,,2025-02-26 nan-Manchester City,2025-02-26,19:30:00,Matchweek 27,Wed,Home,L,0,1,Manchester City,55,60820,James Maddison,4-3-3,4-2-3-1,Jarred Gillett,/en/matches/3b8160bd/Tottenham-Hotspur-Manchester-City-February-26-2025-Premier-League,
ENG-Premier League,2425,,2025-02-26 nan-Newcastle,2025-02-26,20:15:00,Matchweek 27,Wed,Home,W,2,0,Newcastle,62,60374,Virgil van Dijk,4-2-3-1,4-2-3-1,Stuart Attwell,/en/matches/a0975f8c/Liverpool-Newcastle-United-February-26-2025-Premier-League,
ENG-Premier League,2425,,2025-02-27 West Ham-nan,2025-02-27,20:00:00,Matchweek 27,Thu,Away,L,0,2,West Ham,42,62455,Jamie Vardy,4-2-3-1,3-5-2,Anthony Taylor,/en/matches/08b1b7de/West-Ham-United-Leicester-City-February-27-2025-Premier-League,
ENG-Premier League,2425,,2025-02-27 nan-Leicester City,2025-02-27,20:00:00,Matchweek 27,Thu,Home,W,2,0,Leicester City,58,62455,Jarrod Bowen,3-5-2,4-2-3-1,Anthony Taylor,/en/matches/08b1b7de/West-Ham-United-Leicester-City-February-27-2025-Premier-League,
ENG-Premier League,2425,,2025-03-08 Brentford-nan,2025-03-08,17:30:00,Matchweek 28,Sat,Away,W,1,0,Brentford,40,17171,John McGinn,4-2-3-1,4-2-3-1,Jarred Gillett,/en/matches/fb9126ab/Brentford-Aston-Villa-March-8-2025-Premier-League,
ENG-Premier League,2425,,2025-03-08 Brighton-nan,2025-03-08,15:00:00,Matchweek 28,Sat,Away,L,1,2,Brighton,47,31584,Antonee Robinson,3-4-3,4-2-3-1,Samuel Barrott,/en/matches/fb4bb61d/Brighton-and-Hove-Albion-Fulham-March-8-2025-Premier-League,
ENG-Premier League,2425,,2025-03-08 Crystal Palace-nan,2025-03-08,15:00:00,Matchweek 28,Sat,Away,L,0,1,Crystal Palace,45,25155,Dara O'Shea,4-2-3-1,3-4-3,Simon Hooper,/en/matches/b1ad79e4/Crystal-Palace-Ipswich-Town-March-8-2025-Premier-League,
ENG-Premier League,2425,,2025-03-08 Liverpool-nan,2025-03-08,15:00:00,Matchweek 28,Sat,Away,L,1,3,Liverpool,29,60399,Jan Bednarek,4-2-3-1,4-3-3,Lewis Smith,/en/matches/049341ab/Liverpool-Southampton-March-8-2025-Premier-League,
ENG-Premier League,2425,,2025-03-08 Nottingham-nan,2025-03-08,12:30:00,Matchweek 28,Sat,Away,L,0,1,Nottingham,69,30252,Rúben Dias,4-1-4-1,4-2-3-1,Chris Kavanagh,/en/matches/d53c0405/Nottingham-Forest-Manchester-City-March-8-2025-Premier-League,
ENG-Premier League,2425,,2025-03-08 Wolves-nan,2025-03-08,20:00:00,Matchweek 28,Sat,Away,D,1,1,Wolves,34,30738,James Tarkowski,4-2-3-1,3-4-3,Stuart Attwell,/en/matches/2ac7408b/Wolverhampton-Wanderers-Everton-March-8-2025-Premier-League,
ENG-Premier League,2425,,2025-03-08 nan-Aston Villa,2025-03-08,17:30:00,Matchweek 28,Sat,Home,L,0,1,Aston Villa,60,17171,Christian Nørgaard,4-2-3-1,4-2-3-1,Jarred Gillett,/en/matches/fb9126ab/Brentford-Aston-Villa-March-8-2025-Premier-League,
ENG-Premier League,2425,,2025-03-08 nan-Everton,2025-03-08,20:00:00,Matchweek 28,Sat,Home,D,1,1,Everton,66,30738,Nélson Semedo,3-4-3,4-2-3-1,Stuart Attwell,/en/matches/2ac7408b/Wolverhampton-Wanderers-Everton-March-8-2025-Premier-League,
ENG-Premier League,2425,,2025-03-08 nan-Fulham,2025-03-08,15:00:00,Matchweek 28,Sat,Home,W,2,1,Fulham,53,31584,Adam Webster,4-2-3-1,3-4-3,Samuel Barrott,/en/matches/fb4bb61d/Brighton-and-Hove-Albion-Fulham-March-8-2025-Premier-League,
ENG-Premier League,2425,,2025-03-08 nan-Ipswich Town,2025-03-08,15:00:00,Matchweek 28,Sat,Home,W,1,0,Ipswich Town,55,25155,Marc Guéhi,3-4-3,4-2-3-1,Simon Hooper,/en/matches/b1ad79e4/Crystal-Palace-Ipswich-Town-March-8-2025-Premier-League,
ENG-Premier League,2425,,2025-03-08 nan-Manchester City,2025-03-08,12:30:00,Matchweek 28,Sat,Home,W,1,0,Manchester City,31,30252,Morgan Gibbs-White,4-2-3-1,4-1-4-1,Chris Kavanagh,/en/matches/d53c0405/Nottingham-Forest-Manchester-City-March-8-2025-Premier-League,
ENG-Premier League,2425,,2025-03-08 nan-Southampton,2025-03-08,15:00:00,Matchweek 28,Sat,Home,W,3,1,Southampton,71,60399,Virgil van Dijk,4-3-3,4-2-3-1,Lewis Smith,/en/matches/049341ab/Liverpool-Southampton-March-8-2025-Premier-League,
ENG-Premier League,2425,,2025-03-09 Chelsea-nan,2025-03-09,14:00:00,Matchweek 28,Sun,Away,L,0,1,Chelsea,43,39750,Jamie Vardy,3-4-3,4-2-3-1,Tim Robinson,/en/matches/236640be/Chelsea-Leicester-City-March-9-2025-Premier-League,
ENG-Premier League,2425,,2025-03-09 Manchester Utd-nan,2025-03-09,16:30:00,Matchweek 28,Sun,Away,D,1,1,Manchester Utd,68,73812,Martin Ødegaard,4-3-3,3-4-3,Anthony Taylor,/en/matches/8efec987/Manchester-United-Arsenal-March-9-2025-Premier-League,
ENG-Premier League,2425,,2025-03-09 Tottenham-nan,2025-03-09,14:00:00,Matchweek 28,Sun,Away,D,2,2,Tottenham,39,61178,Lewis Cook,4-2-3-1,4-3-3,John Brooks,/en/matches/81575514/Tottenham-Hotspur-Bournemouth-March-9-2025-Premier-League,
ENG-Premier League,2425,,2025-03-09 nan-Arsenal,2025-03-09,16:30:00,Matchweek 28,Sun,Home,D,1,1,Arsenal,32,73812,Bruno Fernandes,3-4-3,4-3-3,Anthony Taylor,/en/matches/8efec987/Manchester-United-Arsenal-March-9-2025-Premier-League,
ENG-Premier League,2425,,2025-03-09 nan-Bournemouth,2025-03-09,14:00:00,Matchweek 28,Sun,Home,D,2,2,Bournemouth,61,61178,Cristian Romero,4-3-3,4-2-3-1,John Brooks,/en/matches/81575514/Tottenham-Hotspur-Bournemouth-March-9-2025-Premier-League,
ENG-Premier League,2425,,2025-03-09 nan-Leicester City,2025-03-09,14:00:00,Matchweek 28,Sun,Home,W,1,0,Leicester City,57,39750,Enzo Fernández,4-2-3-1,3-4-3,Tim Robinson,/en/matches/236640be/Chelsea-Leicester-City-March-9-2025-Premier-League,
ENG-Premier League,2425,,2025-03-10 West Ham-nan,2025-03-10,20:00:00,Matchweek 28,Mon,Away,W,1,0,West Ham,49,62463,Bruno Guimarães,4-3-3,3-5-2,Michael Salisbury,/en/matches/61ad9d6a/West-Ham-United-Newcastle-United-March-10-2025-Premier-League,
ENG-Premier League,2425,,2025-03-10 nan-Newcastle,2025-03-10,20:00:00,Matchweek 28,Mon,Home,L,0,1,Newcastle,51,62463,Jarrod Bowen,3-5-2,4-3-3,Michael Salisbury,/en/matches/61ad9d6a/West-Ham-United-Newcastle-United-March-10-2025-Premier-League,
ENG-Premier League,2425,,2025-03-15 Bournemouth-nan,2025-03-15,17:30:00,Matchweek 29,Sat,Away,W,2,1,Bournemouth,41,11180,Christian Nørgaard,4-2-3-1,4-2-3-1,Craig Pawson,/en/matches/f3480c01/Bournemouth-Brentford-March-15-2025-Premier-League,
ENG-Premier League,2425,,2025-03-15 Everton-nan,2025-03-15,15:00:00,Matchweek 29,Sat,Away,D,1,1,Everton,46,39343,Jarrod Bowen,3-5-2,4-2-3-1,Darren Bond,/en/matches/d4bd829f/Everton-West-Ham-United-March-15-2025-Premier-League,
ENG-Premier League,2425,,2025-03-15 Ipswich Town-nan,2025-03-15,15:00:00,Matchweek 29,Sat,Away,W,4,2,Ipswich Town,44,29878,Morgan Gibbs-White,4-2-3-1,4-2-3-1,Michael Salisbury,/en/matches/a44e04e9/Ipswich-Town-Nottingham-Forest-March-15-2025-Premier-League,
ENG-Premier League,2425,,2025-03-15 Manchester City-nan,2025-03-15,15:00:00,Matchweek 29,Sat,Away,D,2,2,Manchester City,40,52471,Adam Webster,4-2-3-1,4-2-3-1,Simon Hooper,/en/matches/83fc3d29/Manchester-City-Brighton-and-Hove-Albion-March-15-2025-Premier-League,
ENG-Premier League,2425,,2025-03-15 Southampton-nan,2025-03-15,15:00:00,Matchweek 29,Sat,Away,W,2,1,Southampton,40,30950,Nélson Semedo,3-4-3,3-4-3,Robert Jones,/en/matches/eea61e7f/Southampton-Wolverhampton-Wanderers-March-15-2025-Premier-League,
ENG-Premier League,2425,,2025-03-15 nan-Brentford,2025-03-15,17:30:00,Matchweek 29,Sat,Home,L,1,2,Brentford,59,11180,Lewis Cook,4-2-3-1,4-2-3-1,Craig Pawson,/en/matches/f3480c01/Bournemouth-Brentford-March-15-2025-Premier-League,
ENG-Premier League,2425,,2025-03-15 nan-Brighton,2025-03-15,15:00:00,Matchweek 29,Sat,Home,D,2,2,Brighton,60,52471,Rúben Dias,4-2-3-1,4-2-3-1,Simon Hooper,/en/matches/83fc3d29/Manchester-City-Brighton-and-Hove-Albion-March-15-2025-Premier-League,
ENG-Premier League,2425,,2025-03-15 nan-Nottingham,2025-03-15,15:00:00,Matchweek 29,Sat,Home,L,2,4,Nottingham,56,29878,Dara O'Shea,4-2-3-1,4-2-3-1,Michael Salisbury,/en/matches/a44e04e9/Ipswich-Town-Nottingham-Forest-March-15-2025-Premier-League,
ENG-Premier League,2425,,2025-03-15 nan-West Ham,2025-03-15,15:00:00,Matchweek 29,Sat,Home,D,1,1,West Ham,54,39343,James Tarkowski,4-2-3-1,3-5-2,Darren Bond,/en/matches/d4bd829f/Everton-West-Ham-United-March-15-2025-Premier-League,
ENG-Premier League,2425,,2025-03-15 nan-Wolves,2025-03-15,15:00:00,Matchweek 29,Sat,Home,L,1,2,Wolves,60,30950,Aaron Ramsdale,3-4-3,3-4-3,Robert Jones,/en/matches/eea61e7f/Southampton-Wolverhampton-Wanderers-March-15-2025-Premier-League,
ENG-Premier League,2425,,2025-03-16 Arsenal-nan,2025-03-16,13:30:00,Matchweek 29,Sun,Away,L,0,1,Arsenal,59,60311,Reece James,4-2-3-1,4-3-3,Chris Kavanagh,/en/matches/22de525d/North-West-London-Derby-Arsenal-Chelsea-March-16-2025-Premier-League,
ENG-Premier League,2425,,2025-03-16 Fulham-nan,2025-03-16,13:30:00,Matchweek 29,Sun,Away,L,0,2,Fulham,43,27182,Cristian Romero,4-3-3,4-2-3-1,Andy Madley,/en/matches/61428001/Fulham-Tottenham-Hotspur-March-16-2025-Premier-League,
ENG-Premier League,2425,,2025-03-16 Leicester City-nan,2025-03-16,19:00:00,Matchweek 29,Sun,Away,W,3,0,Leicester City,46,31773,Bruno Fernandes,3-4-3,3-4-3,Thomas Bramall,/en/matches/7bab156e/Leicester-City-Manchester-United-March-16-2025-Premier-League,
ENG-Premier League,2425,,2025-03-16 nan-Chelsea,2025-03-16,13:30:00,Matchweek 29,Sun,Home,W,1,0,Chelsea,41,60311,Martin Ødegaard,4-3-3,4-2-3-1,Chris Kavanagh,/en/matches/22de525d/North-West-London-Derby-Arsenal-Chelsea-March-16-2025-Premier-League,
ENG-Premier League,2425,,2025-03-16 nan-Manchester Utd,2025-03-16,19:00:00,Matchweek 29,Sun,Home,L,0,3,Manchester Utd,54,31773,Jamie Vardy,3-4-3,3-4-3,Thomas Bramall,/en/matches/7bab156e/Leicester-City-Manchester-United-March-16-2025-Premier-League,
ENG-Premier League,2425,,2025-03-16 nan-Tottenham,2025-03-16,13:30:00,Matchweek 29,Sun,Home,W,2,0,Tottenham,57,27182,Antonee Robinson,4-2-3-1,4-3-3,Andy Madley,/en/matches/61428001/Fulham-Tottenham-Hotspur-March-16-2025-Premier-League,
ENG-Premier League,2425,,2025-04-01 Arsenal-nan,2025-04-01,19:45:00,Matchweek 30,Tue,Away,L,1,2,Arsenal,49,60256,Antonee Robinson,3-4-3,4-3-3,John Brooks,/en/matches/777d595c/Arsenal-Fulham-April-1-2025-Premier-League,
ENG-Premier League,2425,,2025-04-01 Nottingham-nan,2025-04-01,20:00:00,Matchweek 30,Tue,Away,L,0,1,Nottingham,68,30249,Bruno Fernandes,3-4-3,4-2-3-1,Jarred Gillett,/en/matches/9f8a856e/Nottingham-Forest-Manchester-United-April-1-2025-Premier-League,
ENG-Premier League,2425,,2025-04-01 Wolves-nan,2025-04-01,19:45:00,Matchweek 30,Tue,Away,L,0,1,Wolves,59,29587,Jarrod Bowen,3-4-3,3-4-3,Tony Harrington,/en/matches/6e6e9d8b/Wolverhampton-Wanderers-West-Ham-United-April-1-2025-Premier-League,
ENG-Premier League,2425,,2025-04-01 nan-Fulham,2025-04-01,19:45:00,Matchweek 30,Tue,Home,W,2,1,Fulham,52,60256,Martin Ødegaard,4-3-3,3-4-3,John Brooks,/en/matches/777d595c/Arsenal-Fulham-April-1-2025-Premier-League,
ENG-Premier League,2425,,2025-04-01 nan-Manchester Utd,2025-04-01,20:00:00,Matchweek 30,Tue,Home,W,1,0,Manchester Utd,32,30249,Ryan Yates,4-2-3-1,3-4-3,Jarred Gillett,/en/matches/9f8a856e/Nottingham-Forest-Manchester-United-April-1-2025-Premier-League,
ENG-Premier League,2425,,2025-04-01 nan-West Ham,2025-04-01,19:45:00,Matchweek 30,Tue,Home,W,1,0,West Ham,41,29587,Nélson Semedo,3-4-3,3-4-3,Tony Harrington,/en/matches/6e6e9d8b/Wolverhampton-Wanderers-West-Ham-United-April-1-2025-Premier-League,
ENG-Premier League,2425,,2025-04-02 Bournemouth-nan,2025-04-02,19:45:00,Matchweek 30,Wed,Away,W,2,1,Bournemouth,36,11192,Sam Morsy,4-2-3-1,4-2-3-1,Robert Jones,/en/matches/19c54be2/Bournemouth-Ipswich-Town-April-2-2025-Premier-League,
ENG-Premier League,2425,,2025-04-02 Brighton-nan,2025-04-02,19:45:00,Matchweek 30,Wed,Away,W,3,0,Brighton,45,27895,John McGinn,4-2-3-1,4-2-3-1,Stuart Attwell,/en/matches/158e64b3/Brighton-and-Hove-Albion-Aston-Villa-April-2-2025-Premier-League,
ENG-Premier League,2425,,2025-04-02 Liverpool-nan,2025-04-02,20:00:00,Matchweek 30,Wed,Away,L,0,1,Liverpool,26,60457,James Tarkowski,4-2-3-1,4-2-3-1,Samuel Barrott,/en/matches/7e2a8ebe/Merseyside-Derby-Liverpool-Everton-April-2-2025-Premier-League,
ENG-Premier League,2425,,2025-04-02 Manchester City-nan,2025-04-02,19:45:00,Matchweek 30,Wed,Away,L,0,2,Manchester City,27,52148,Jamie Vardy,3-4-3,4-2-3-1,Darren England,/en/matches/464a9c6c/Manchester-City-Leicester-City-April-2-2025-Premier-League,
ENG-Premier League,2425,,2025-04-02 Newcastle-nan,2025-04-02,19:45:00,Matchweek 30,Wed,Away,L,1,2,Newcastle,52,52021,Christian Nørgaard,4-2-3-1,4-3-3,Peter Bankes,/en/matches/e202c3b7/Newcastle-United-Brentford-April-2-2025-Premier-League,
ENG-Premier League,2425,,2025-04-02 Southampton-nan,2025-04-02,19:45:00,Matchweek 30,Wed,Away,D,1,1,Southampton,57,30158,Marc Guéhi,3-4-3,3-4-3,Andy Madley,/en/matches/1c75bcda/Southampton-Crystal-Palace-April-2-2025-Premier-League,
ENG-Premier League,2425,,2025-04-02 nan-Aston Villa,2025-04-02,19:45:00,Matchweek 30,Wed,Home,L,0,3,Aston Villa,55,27895,Lewis Dunk,4-2-3-1,4-2-3-1,Stuart Attwell,/en/matches/158e64b3/Brighton-and-Hove-Albion-Aston-Villa-April-2-2025-Premier-League,
ENG-Premier League,2425,,2025-04-02 nan-Brentford,2025-04-02,19:45:00,Matchweek 30,Wed,Home,W,2,1,Brentford,48,52021,Bruno Guimarães,4-3-3,4-2-3-1,Peter Bankes,/en/matches/e202c3b7/Newcastle-United-Brentford-April-2-2025-Premier-League,
ENG-Premier League,2425,,2025-04-02 nan-Crystal Palace,2025-04-02,19:45:00,Matchweek 30,Wed,Home,D,1,1,Crystal Palace,43,30158,Jack Stephens,3-4-3,3-4-3,Andy Madley,/en/matches/1c75bcda/Southampton-Crystal-Palace-April-2-2025-Premier-League,
ENG-Premier League,2425,,2025-04-02 nan-Everton,2025-04-02,20:00:00,Matchweek 30,Wed,Home,W,1,0,Everton,74,60457,Virgil van Dijk,4-2-3-1,4-2-3-1,Samuel Barrott,/en/matches/7e2a8ebe/Merseyside-Derby-Liverpool-Everton-April-2-2025-Premier-League,
ENG-Premier League,2425,,2025-04-02 nan-Ipswich Town,2025-04-02,19:45:00,Matchweek 30,Wed,Home,L,1,2,Ipswich Town,64,11192,Adam Smith,4-2-3-1,4-2-3-1,Robert Jones,/en/matches/19c54be2/Bournemouth-Ipswich-Town-April-2-2025-Premier-League,
ENG-Premier League,2425,,2025-04-02 nan-Leicester City,2025-04-02,19:45:00,Matchweek 30,Wed,Home,W,2,0,Leicester City,73,52148,Rúben Dias,4-2-3-1,3-4-3,Darren England,/en/matches/464a9c6c/Manchester-City-Leicester-City-April-2-2025-Premier-League,
ENG-Premier League,2425,,2025-04-03 Chelsea-nan,2025-04-03,20:00:00,Matchweek 30,Thu,Away,L,0,1,Chelsea,50,39852,Son Heung-min,4-3-3,4-2-3-1,Craig Pawson,/en/matches/33e26065/Chelsea-Tottenham-Hotspur-April-3-2025-Premier-League,
ENG-Premier League,2425,,2025-04-03 nan-Tottenham,2025-04-03,20:00:00,Matchweek 30,Thu,Home,W,1,0,Tottenham,50,39852,Enzo Fernández,4-2-3-1,4-3-3,Craig Pawson,/en/matches/33e26065/Chelsea-Tottenham-Hotspur-April-3-2025-Premier-League,
ENG-Premier League,2425,,2025-04-05 Aston Villa-nan,2025-04-05,17:30:00,Matchweek 31,Sat,Away,L,1,2,Aston Villa,47,42743,Ryan Yates,3-4-1-2,4-2-3-1,Simon Hooper,/en/matches/7b024699/Aston-Villa-Nottingham-Forest-April-5-2025-Premier-League,
ENG-Premier League,2425,,2025-04-05 Crystal Palace-nan,2025-04-05,15:00:00,Matchweek 31,Sat,Away,L,1,2,Crystal Palace,62,24564,Lewis Dunk,4-2-3-1,3-4-3,Anthony Taylor,/en/matches/e9cb51b4/Crystal-Palace-Brighton-and-Hove-Albion-April-5-2025-Premier-League,
ENG-Premier League,2425,,2025-04-05 Everton-nan,2025-04-05,12:30:00,Matchweek 31,Sat,Away,D,1,1,Everton,71,39316,Jorginho,4-3-3,4-2-3-1,Darren England,/en/matches/8a72e3dc/Everton-Arsenal-April-5-2025-Premier-League,
ENG-Premier League,2425,,2025-04-05 Ipswich Town-nan,2025-04-05,15:00:00,Matchweek 31,Sat,Away,W,2,1,Ipswich Town,56,29549,Nélson Semedo,3-4-3,4-2-3-1,Peter Bankes,/en/matches/b6f200da/Ipswich-Town-Wolverhampton-Wanderers-April-5-2025-Premier-League,
ENG-Premier League,2425,,2025-04-05 West Ham-nan,2025-04-05,15:00:00,Matchweek 31,Sat,Away,D,2,2,West Ham,44,62459,Adam Smith,4-2-3-1,4-2-3-1,Tim Robinson,/en/matches/3812dc28/West-Ham-United-Bournemouth-April-5-2025-Premier-League,
ENG-Premier League,2425,,2025-04-05 nan-Arsenal,2025-04-05,12:30:00,Matchweek 31,Sat,Home,D,1,1,Arsenal,29,39316,James Tarkowski,4-2-3-1,4-3-3,Darren England,/en/matches/8a72e3dc/Everton-Arsenal-April-5-2025-Premier-League,
ENG-Premier League,2425,,2025-04-05 nan-Bournemouth,2025-04-05,15:00:00,Matchweek 31,Sat,Home,D,2,2,Bournemouth,56,62459,Jarrod Bowen,4-2-3-1,4-2-3-1,Tim Robinson,/en/matches/3812dc28/West-Ham-United-Bournemouth-April-5-2025-Premier-League,
ENG-Premier League,2425,,2025-04-05 nan-Brighton,2025-04-05,15:00:00,Matchweek 31,Sat,Home,W,2,1,Brighton,38,24564,Marc Guéhi,3-4-3,4-2-3-1,Anthony Taylor,/en/matches/e9cb51b4/Crystal-Palace-Brighton-and-Hove-Albion-April-5-2025-Premier-League,
ENG-Premier League,2425,,2025-04-05 nan-Nottingham,2025-04-05,17:30:00,Matchweek 31,Sat,Home,W,2,1,Nottingham,53,42743,Emiliano Martínez,4-2-3-1,3-4-1-2,Simon Hooper,/en/matches/7b024699/Aston-Villa-Nottingham-Forest-April-5-2025-Premier-League,
ENG-Premier League,2425,,2025-04-05 nan-Wolves,2025-04-05,15:00:00,Matchweek 31,Sat,Home,L,1,2,Wolves,44,29549,Sam Morsy,4-2-3-1,3-4-3,Peter Bankes,/en/matches/b6f200da/Ipswich-Town-Wolverhampton-Wanderers-April-5-2025-Premier-League,
ENG-Premier League,2425,,2025-04-06 Brentford-nan,2025-04-06,14:00:00,Matchweek 31,Sun,Away,D,0,0,Brentford,59,17183,Reece James,4-2-3-1,4-2-3-1,Michael Oliver,/en/matches/5984e216/Brentford-Chelsea-April-6-2025-Premier-League,
ENG-Premier League,2425,,2025-04-06 Fulham-nan,2025-04-06,14:00:00,Matchweek 31,Sun,Away,L,2,3,Fulham,62,27770,Virgil van Dijk,4-2-3-1,4-2-3-1,Chris Kavanagh,/en/matches/b34400d3/Fulham-Liverpool-April-6-2025-Premier-League,
ENG-Premier League,2425,,2025-04-06 Manchester Utd-nan,2025-04-06,16:30:00,Matchweek 31,Sun,Away,D,0,0,Manchester Utd,59,73738,Kevin De Bruyne,4-4-2◆,3-4-3,John Brooks,/en/matches/53e359bb/Manchester-Derby-Manchester-United-Manchester-City-April-6-2025-Premier-League,
ENG-Premier League,2425,,2025-04-06 Tottenham-nan,2025-04-06,14:00:00,Matchweek 31,Sun,Away,L,1,3,Tottenham,49,60984,Jan Bednarek,4-2-3-1,4-3-3,Michael Salisbury,/en/matches/f671e515/Tottenham-Hotspur-Southampton-April-6-2025-Premier-League,
ENG-Premier League,2425,,2025-04-06 nan-Chelsea,2025-04-06,14:00:00,Matchweek 31,Sun,Home,D,0,0,Chelsea,41,17183,Christian Nørgaard,4-2-3-1,4-2-3-1,Michael Oliver,/en/matches/5984e216/Brentford-Chelsea-April-6-2025-Premier-League,
ENG-Premier League,2425,,2025-04-06 nan-Liverpool,2025-04-06,14:00:00,Matchweek 31,Sun,Home,W,3,2,Liverpool,38,27770,Antonee Robinson,4-2-3-1,4-2-3-1,Chris Kavanagh,/en/matches/b34400d3/Fulham-Liverpool-April-6-2025-Premier-League,
ENG-Premier League,2425,,2025-04-06 nan-Manchester City,2025-04-06,16:30:00,Matchweek 31,Sun,Home,D,0,0,Manchester City,42,73738,Bruno Fernandes,3-4-3,4-4-2,John Brooks,/en/matches/53e359bb/Manchester-Derby-Manchester-United-Manchester-City-April-6-2025-Premier-League,
ENG-Premier League,2425,,2025-04-06 nan-Southampton,2025-04-06,14:00:00,Matchweek 31,Sun,Home,W,3,1,Southampton,51,60984,Son Heung-min,4-3-3,4-2-3-1,Michael Salisbury,/en/matches/f671e515/Tottenham-Hotspur-Southampton-April-6-2025-Premier-League,
ENG-Premier League,2425,,2025-04-07 Leicester City-nan,2025-04-07,20:00:00,Matchweek 31,Mon,Away,W,3,0,Leicester City,42,30403,Bruno Guimarães,4-3-3,3-4-3,Robert Jones,/en/matches/d8efb6cc/Leicester-City-Newcastle-United-April-7-2025-Premier-League,
ENG-Premier League,2425,,2025-04-07 nan-Newcastle,2025-04-07,20:00:00,Matchweek 31,Mon,Home,L,0,3,Newcastle,58,30403,Jamie Vardy,3-4-3,4-3-3,Robert Jones,/en/matches/d8efb6cc/Leicester-City-Newcastle-United-April-7-2025-Premier-League,
ENG-Premier League,2425,,2025-04-12 Arsenal-nan,2025-04-12,17:30:00,Matchweek 32,Sat,Away,D,1,1,Arsenal,36,60184,Christian Nørgaard,4-4-2,4-3-3,Simon Hooper,/en/matches/471d2141/Arsenal-Brentford-April-12-2025-Premier-League,
ENG-Premier League,2425,,2025-04-12 Brighton-nan,2025-04-12,15:00:00,Matchweek 32,Sat,Away,D,2,2,Brighton,41,31150,Jamie Vardy,4-2-3-1,4-1-4-1,Darren Bond,/en/matches/6c4e0e71/Brighton-and-Hove-Albion-Leicester-City-April-12-2025-Premier-League,
ENG-Premier League,2425,,2025-04-12 Manchester City-nan,2025-04-12,12:30:00,Matchweek 32,Sat,Away,L,2,5,Manchester City,32,52489,Dean Henderson,3-4-3,4-2-3-1,Jarred Gillett,/en/matches/7be33a60/Manchester-City-Crystal-Palace-April-12-2025-Premier-League,
ENG-Premier League,2425,,2025-04-12 Nottingham-nan,2025-04-12,15:00:00,Matchweek 32,Sat,Away,W,1,0,Nottingham,58,30199,James Tarkowski,4-2-3-1,4-2-3-1,Craig Pawson,/en/matches/83138c75/Nottingham-Forest-Everton-April-12-2025-Premier-League,
ENG-Premier League,2425,,2025-04-12 Southampton-nan,2025-04-12,15:00:00,Matchweek 32,Sat,Away,W,3,0,Southampton,60,30199,Emiliano Martínez,4-2-3-1,3-4-3,Thomas Bramall,/en/matches/eb58af0b/Southampton-Aston-Villa-April-12-2025-Premier-League,
ENG-Premier League,2425,,2025-04-12 nan-Aston Villa,2025-04-12,15:00:00,Matchweek 32,Sat,Home,L,0,3,Aston Villa,40,30199,Jack Stephens,3-4-3,4-2-3-1,Thomas Bramall,/en/matches/eb58af0b/Southampton-Aston-Villa-April-12-2025-Premier-League,
ENG-Premier League,2425,,2025-04-12 nan-Brentford,2025-04-12,17:30:00,Matchweek 32,Sat,Home,D,1,1,Brentford,64,60184,Jorginho,4-3-3,4-4-2,Simon Hooper,/en/matches/471d2141/Arsenal-Brentford-April-12-2025-Premier-League,
ENG-Premier League,2425,,2025-04-12 nan-Crystal Palace,2025-04-12,12:30:00,Matchweek 32,Sat,Home,W,5,2,Crystal Palace,68,52489,Kevin De Bruyne,4-2-3-1,3-4-3,Jarred Gillett,/en/matches/7be33a60/Manchester-City-Crystal-Palace-April-12-2025-Premier-League,
ENG-Premier League,2425,,2025-04-12 nan-Everton,2025-04-12,15:00:00,Matchweek 32,Sat,Home,L,0,1,Everton,42,30199,Morgan Gibbs-White,4-2-3-1,4-2-3-1,Craig Pawson,/en/matches/83138c75/Nottingham-Forest-Everton-April-12-2025-Premier-League,
ENG-Premier League,2425,,2025-04-12 nan-Leicester City,2025-04-12,15:00:00,Matchweek 32,Sat,Home,D,2,2,Leicester City,59,31150,Lewis Dunk,4-1-4-1,4-2-3-1,Darren Bond,/en/matches/6c4e0e71/Brighton-and-Hove-Albion-Leicester-City-April-12-2025-Premier-League,
ENG-Premier League,2425,,2025-04-13 Chelsea-nan,2025-04-13,14:00:00,Matchweek 32,Sun,Away,D,2,2,Chelsea,27,39805,Sam Morsy,4-2-3-1,4-2-3-1,Stuart Attwell,/en/matches/a45626b5/Chelsea-Ipswich-Town-April-13-2025-Premier-League,
ENG-Premier League,2425,,2025-04-13 Liverpool-nan,2025-04-13,14:00:00,Matchweek 32,Sun,Away,L,1,2,Liverpool,45,60376,Jarrod Bowen,3-5-2,4-2-3-1,Andy Madley,/en/matches/4975981b/Liverpool-West-Ham-United-April-13-2025-Premier-League,
ENG-Premier League,2425,,2025-04-13 Newcastle-nan,2025-04-13,16:30:00,Matchweek 32,Sun,Away,L,1,4,Newcastle,52,52252,Bruno Fernandes,3-4-3,4-3-3,Chris Kavanagh,/en/matches/4254acea/Newcastle-United-Manchester-United-April-13-2025-Premier-League,
ENG-Premier League,2425,,2025-04-13 Wolves-nan,2025-04-13,14:00:00,Matchweek 32,Sun,Away,L,2,4,Wolves,62,31463,Cristian Romero,4-3-3,3-4-3,Anthony Taylor,/en/matches/5a44bda9/Wolverhampton-Wanderers-Tottenham-Hotspur-April-13-2025-Premier-League,
ENG-Premier League,2425,,2025-04-13 nan-Ipswich Town,2025-04-13,14:00:00,Matchweek 32,Sun,Home,D,2,2,Ipswich Town,73,39805,Enzo Fernández,4-2-3-1,4-2-3-1,Stuart Attwell,/en/matches/a45626b5/Chelsea-Ipswich-Town-April-13-2025-Premier-League,
ENG-Premier League,2425,,2025-04-13 nan-Manchester Utd,2025-04-13,16:30:00,Matchweek 32,Sun,Home,W,4,1,Manchester Utd,48,52252,Bruno Guimarães,4-3-3,3-4-3,Chris Kavanagh,/en/matches/4254acea/Newcastle-United-Manchester-United-April-13-2025-Premier-League,
ENG-Premier League,2425,,2025-04-13 nan-Tottenham,2025-04-13,14:00:00,Matchweek 32,Sun,Home,W,4,2,Tottenham,38,31463,Nélson Semedo,3-4-3,4-3-3,Anthony Taylor,/en/matches/5a44bda9/Wolverhampton-Wanderers-Tottenham-Hotspur-April-13-2025-Premier-League,
ENG-Premier League,2425,,2025-04-13 nan-West Ham,2025-04-13,14:00:00,Matchweek 32,Sun,Home,W,2,1,West Ham,55,60376,Virgil van Dijk,4-2-3-1,3-5-2,Andy Madley,/en/matches/4975981b/Liverpool-West-Ham-United-April-13-2025-Premier-League,
ENG-Premier League,2425,,2025-04-14 Bournemouth-nan,2025-04-14,20:00:00,Matchweek 32,Mon,Away,L,0,1,Bournemouth,59,11195,Antonee Robinson,4-2-3-1,4-2-3-1,Michael Oliver,/en/matches/12ecaa9f/Bournemouth-Fulham-April-14-2025-Premier-League,
ENG-Premier League,2425,,2025-04-14 nan-Fulham,2025-04-14,20:00:00,Matchweek 32,Mon,Home,W,1,0,Fulham,41,11195,Adam Smith,4-2-3-1,4-2-3-1,Michael Oliver,/en/matches/12ecaa9f/Bournemouth-Fulham-April-14-2025-Premier-League,
ENG-Premier League,2425,,2025-04-16 Newcastle-nan,2025-04-16,19:30:00,Matchweek 29,Wed,Away,L,0,5,Newcastle,40,52197,Marc Guéhi,3-4-3,4-3-3,Darren England,/en/matches/6e87f6cf/Newcastle-United-Crystal-Palace-April-16-2025-Premier-League,
ENG-Premier League,2425,,2025-04-16 nan-Crystal Palace,2025-04-16,19:30:00,Matchweek 29,Wed,Home,W,5,0,Crystal Palace,60,52197,Bruno Guimarães,4-3-3,3-4-3,Darren England,/en/matches/6e87f6cf/Newcastle-United-Crystal-Palace-April-16-2025-Premier-League,
ENG-Premier League,2425,,2025-04-19 Aston Villa-nan,2025-04-19,17:30:00,Matchweek 33,Sat,Away,L,1,4,Aston Villa,51,42618,Bruno Guimarães,4-3-3,4-2-3-1,Jarred Gillett,/en/matches/45a3960e/Aston-Villa-Newcastle-United-April-19-2025-Premier-League,
ENG-Premier League,2425,,2025-04-19 Brentford-nan,2025-04-19,15:00:00,Matchweek 33,Sat,Away,L,2,4,Brentford,54,17083,Lewis Dunk,4-2-3-1,4-2-3-1,Tim Robinson,/en/matches/36afccb6/Brentford-Brighton-and-Hove-Albion-April-19-2025-Premier-League,
ENG-Premier League,2425,,2025-04-19 Crystal Palace-nan,2025-04-19,15:00:00,Matchweek 33,Sat,Away,D,0,0,Crystal Palace,73,25185,Adam Smith,4-2-3-1,3-4-3,Samuel Barrott,/en/matches/9d095ebf/Crystal-Palace-Bournemouth-April-19-2025-Premier-League,
ENG-Premier League,2425,,2025-04-19 Everton-nan,2025-04-19,15:00:00,Matchweek 33,Sat,Away,W,2,0,Everton,67,39332,Kevin De Bruyne,4-2-3-1,4-2-3-1,Simon Hooper,/en/matches/a95e25da/Everton-Manchester-City-April-19-2025-Premier-League,
ENG-Premier League,2425,,2025-04-19 West Ham-nan,2025-04-19,15:00:00,Matchweek 33,Sat,Away,D,1,1,West Ham,49,62461,Jack Stephens,3-4-3,4-2-3-1,Andrew Kitchen,/en/matches/8d613b28/West-Ham-United-Southampton-April-19-2025-Premier-League,
ENG-Premier League,2425,,2025-04-19 nan-Bournemouth,2025-04-19,15:00:00,Matchweek 33,Sat,Home,D,0,0,Bournemouth,27,25185,Marc Guéhi,3-4-3,4-2-3-1,Samuel Barrott,/en/matches/9d095ebf/Crystal-Palace-Bournemouth-April-19-2025-Premier-League,
ENG-Premier League,2425,,2025-04-19 nan-Brighton,2025-04-19,15:00:00,Matchweek 33,Sat,Home,W,4,2,Brighton,46,17083,Christian Nørgaard,4-2-3-1,4-2-3-1,Tim Robinson,/en/matches/36afccb6/Brentford-Brighton-and-Hove-Albion-April-19-2025-Premier-League,
ENG-Premier League,2425,,2025-04-19 nan-Manchester City,2025-04-19,15:00:00,Matchweek 33,Sat,Home,L,0,2,Manchester City,33,39332,James Tarkowski,4-2-3-1,4-2-3-1,Simon Hooper,/en/matches/a95e25da/Everton-Manchester-City-April-19-2025-Premier-League,
ENG-Premier League,2425,,2025-04-19 nan-Newcastle,2025-04-19,17:30:00,Matchweek 33,Sat,Home,W,4,1,Newcastle,49,42618,John McGinn,4-2-3-1,4-3-3,Jarred Gillett,/en/matches/45a3960e/Aston-Villa-Newcastle-United-April-19-2025-Premier-League,
ENG-Premier League,2425,,2025-04-19 nan-Southampton,2025-04-19,15:00:00,Matchweek 33,Sat,Home,D,1,1,Southampton,51,62461,Jarrod Bowen,4-2-3-1,3-4-3,Andrew Kitchen,/en/matches/8d613b28/West-Ham-United-Southampton-April-19-2025-Premier-League,
ENG-Premier League,2425,,2025-04-20 Fulham-nan,2025-04-20,14:00:00,Matchweek 33,Sun,Away,W,2,1,Fulham,60,27712,Reece James,4-2-3-1,4-2-3-1,Anthony Taylor,/en/matches/aaac9748/Fulham-Chelsea-April-20-2025-Premier-League,
ENG-Premier League,2425,,2025-04-20 Ipswich Town-nan,2025-04-20,14:00:00,Matchweek 33,Sun,Away,W,4,0,Ipswich Town,75,29549,Martin Ødegaard,4-3-3,4-4-1-1,Chris Kavanagh,/en/matches/2b599f1a/Ipswich-Town-Arsenal-April-20-2025-Premier-League,
ENG-Premier League,2425,,2025-04-20 Leicester City-nan,2025-04-20,16:30:00,Matchweek 33,Sun,Away,W,1,0,Leicester City,58,30402,Virgil van Dijk,4-2-3-1,4-2-3-1,Stuart Attwell,/en/matches/0a2030a0/Leicester-City-Liverpool-April-20-2025-Premier-League,
ENG-Premier League,2425,,2025-04-20 Manchester Utd-nan,2025-04-20,14:00:00,Matchweek 33,Sun,Away,W,1,0,Manchester Utd,40,73819,Nélson Semedo,3-4-3,3-4-3,Robert Jones,/en/matches/e50fd749/Manchester-United-Wolverhampton-Wanderers-April-20-2025-Premier-League,
ENG-Premier League,2425,,2025-04-20 nan-Arsenal,2025-04-20,14:00:00,Matchweek 33,Sun,Home,L,0,4,Arsenal,25,29549,Sam Morsy,4-4-1-1,4-3-3,Chris Kavanagh,/en/matches/2b599f1a/Ipswich-Town-Arsenal-April-20-2025-Premier-League,
ENG-Premier League,2425,,2025-04-20 nan-Chelsea,2025-04-20,14:00:00,Matchweek 33,Sun,Home,L,1,2,Chelsea,40,27712,Antonee Robinson,4-2-3-1,4-2-3-1,Anthony Taylor,/en/matches/aaac9748/Fulham-Chelsea-April-20-2025-Premier-League,
ENG-Premier League,2425,,2025-04-20 nan-Liverpool,2025-04-20,16:30:00,Matchweek 33,Sun,Home,L,0,1,Liverpool,42,30402,Jamie Vardy,4-2-3-1,4-2-3-1,Stuart Attwell,/en/matches/0a2030a0/Leicester-City-Liverpool-April-20-2025-Premier-League,
ENG-Premier League,2425,,2025-04-20 nan-Wolves,2025-04-20,14:00:00,Matchweek 33,Sun,Home,L,0,1,Wolves,60,73819,Victor Lindelöf,3-4-3,3-4-3,Robert Jones,/en/matches/e50fd749/Manchester-United-Wolverhampton-Wanderers-April-20-2025-Premier-League,
ENG-Premier League,2425,,2025-04-21 Tottenham-nan,2025-04-21,20:00:00,Matchweek 33,Mon,Away,W,2,1,Tottenham,30,59314,Morgan Gibbs-White,4-2-2-2,4-3-3,Peter Bankes,/en/matches/708743bf/Tottenham-Hotspur-Nottingham-Forest-April-21-2025-Premier-League,
ENG-Premier League,2425,,2025-04-21 nan-Nottingham,2025-04-21,20:00:00,Matchweek 33,Mon,Home,L,1,2,Nottingham,70,59314,Cristian Romero,4-3-3,4-2-2-2,Peter Bankes,/en/matches/708743bf/Tottenham-Hotspur-Nottingham-Forest-April-21-2025-Premier-League,
ENG-Premier League,2425,,2025-04-22 Manchester City-nan,2025-04-22,20:00:00,Matchweek 34,Tue,Away,L,1,2,Manchester City,38,51834,Emiliano Martínez,4-2-3-1,4-1-4-1,Craig Pawson,/en/matches/3de68b91/Manchester-City-Aston-Villa-April-22-2025-Premier-League,
ENG-Premier League,2425,,2025-04-22 nan-Aston Villa,2025-04-22,20:00:00,Matchweek 34,Tue,Home,W,2,1,Aston Villa,62,51834,Kevin De Bruyne,4-1-4-1,4-2-3-1,Craig Pawson,/en/matches/3de68b91/Manchester-City-Aston-Villa-April-22-2025-Premier-League,
ENG-Premier League,2425,,2025-04-23 Arsenal-nan,2025-04-23,20:00:00,Matchweek 34,Wed,Away,D,2,2,Arsenal,32,60167,Marc Guéhi,3-4-3,4-3-3,Michael Salisbury,/en/matches/67651145/Arsenal-Crystal-Palace-April-23-2025-Premier-League,
ENG-Premier League,2425,,2025-04-23 nan-Crystal Palace,2025-04-23,20:00:00,Matchweek 34,Wed,Home,D,2,2,Crystal Palace,68,60167,Martin Ødegaard,4-3-3,3-4-3,Michael Salisbury,/en/matches/67651145/Arsenal-Crystal-Palace-April-23-2025-Premier-League,
ENG-Premier League,2425,,2025-04-26 Brighton-nan,2025-04-26,15:00:00,Matchweek 34,Sat,Away,L,2,3,Brighton,47,31499,Jarrod Bowen,3-5-2,4-2-3-1,Darren England,/en/matches/e1669507/Brighton-and-Hove-Albion-West-Ham-United-April-26-2025-Premier-League,
ENG-Premier League,2425,,2025-04-26 Chelsea-nan,2025-04-26,12:30:00,Matchweek 34,Sat,Away,L,0,1,Chelsea,46,39894,Jordan Pickford,4-2-3-1,3-4-3,Chris Kavanagh,/en/matches/06c5f0ab/Chelsea-Everton-April-26-2025-Premier-League,
ENG-Premier League,2425,,2025-04-26 Newcastle-nan,2025-04-26,15:00:00,Matchweek 34,Sat,Away,L,0,3,Newcastle,22,52171,Sam Morsy,4-4-1-1,4-3-3,Michael Salisbury,/en/matches/3402b61b/Newcastle-United-Ipswich-Town-April-26-2025-Premier-League,
ENG-Premier League,2425,,2025-04-26 Southampton-nan,2025-04-26,15:00:00,Matchweek 34,Sat,Away,W,2,1,Southampton,64,28946,Bernd Leno,4-3-3,3-4-3,Tony Harrington,/en/matches/9c6532bc/Southampton-Fulham-April-26-2025-Premier-League,
ENG-Premier League,2425,,2025-04-26 Wolves-nan,2025-04-26,15:00:00,Matchweek 34,Sat,Away,L,0,3,Wolves,44,31518,Jamie Vardy,4-2-3-1,3-4-3,Samuel Barrott,/en/matches/1ced4069/Wolverhampton-Wanderers-Leicester-City-April-26-2025-Premier-League,
ENG-Premier League,2425,,2025-04-26 nan-Everton,2025-04-26,12:30:00,Matchweek 34,Sat,Home,W,1,0,Everton,55,39894,Enzo Fernández,3-4-3,4-2-3-1,Chris Kavanagh,/en/matches/06c5f0ab/Chelsea-Everton-April-26-2025-Premier-League,
ENG-Premier League,2425,,2025-04-26 nan-Fulham,2025-04-26,15:00:00,Matchweek 34,Sat,Home,L,1,2,Fulham,36,28946,Jack Stephens,3-4-3,4-3-3,Tony Harrington,/en/matches/9c6532bc/Southampton-Fulham-April-26-2025-Premier-League,
ENG-Premier League,2425,,2025-04-26 nan-Ipswich Town,2025-04-26,15:00:00,Matchweek 34,Sat,Home,W,3,0,Ipswich Town,78,52171,Bruno Guimarães,4-3-3,4-4-1-1,Michael Salisbury,/en/matches/3402b61b/Newcastle-United-Ipswich-Town-April-26-2025-Premier-League,
ENG-Premier League,2425,,2025-04-26 nan-Leicester City,2025-04-26,15:00:00,Matchweek 34,Sat,Home,W,3,0,Leicester City,56,31518,Nélson Semedo,3-4-3,4-2-3-1,Samuel Barrott,/en/matches/1ced4069/Wolverhampton-Wanderers-Leicester-City-April-26-2025-Premier-League,
ENG-Premier League,2425,,2025-04-26 nan-West Ham,2025-04-26,15:00:00,Matchweek 34,Sat,Home,W,3,2,West Ham,53,31499,Lewis Dunk,4-2-3-1,3-5-2,Darren England,/en/matches/e1669507/Brighton-and-Hove-Albion-West-Ham-United-April-26-2025-Premier-League,
ENG-Premier League,2425,,2025-04-27 Bournemouth-nan,2025-04-27,14:00:00,Matchweek 34,Sun,Away,D,1,1,Bournemouth,61,11241,Bruno Fernandes,3-4-3,4-2-3-1,Peter Bankes,/en/matches/81b6c6b4/Bournemouth-Manchester-United-April-27-2025-Premier-League,
ENG-Premier League,2425,,2025-04-27 Liverpool-nan,2025-04-27,16:30:00,Matchweek 34,Sun,Away,L,1,5,Liverpool,37,60415,James Maddison,4-3-3,4-2-3-1,Thomas Bramall,/en/matches/64bc833f/Liverpool-Tottenham-Hotspur-April-27-2025-Premier-League,
ENG-Premier League,2425,,2025-04-27 nan-Manchester Utd,2025-04-27,14:00:00,Matchweek 34,Sun,Home,D,1,1,Manchester Utd,39,11241,Adam Smith,4-2-3-1,3-4-3,Peter Bankes,/en/matches/81b6c6b4/Bournemouth-Manchester-United-April-27-2025-Premier-League,
ENG-Premier League,2425,,2025-04-27 nan-Tottenham,2025-04-27,16:30:00,Matchweek 34,Sun,Home,W,5,1,Tottenham,63,60415,Virgil van Dijk,4-2-3-1,4-3-3,Thomas Bramall,/en/matches/64bc833f/Liverpool-Tottenham-Hotspur-April-27-2025-Premier-League,
ENG-Premier League,2425,,2025-05-01 Nottingham-nan,2025-05-01,19:30:00,Matchweek 34,Thu,Away,W,2,0,Nottingham,45,29040,Christian Nørgaard,4-2-3-1,4-2-3-1,Darren England,/en/matches/a896a308/Nottingham-Forest-Brentford-May-1-2025-Premier-League,
ENG-Premier League,2425,,2025-05-01 nan-Brentford,2025-05-01,19:30:00,Matchweek 34,Thu,Home,L,0,2,Brentford,55,29040,Ryan Yates,4-2-3-1,4-2-3-1,Darren England,/en/matches/a896a308/Nottingham-Forest-Brentford-May-1-2025-Premier-League,
ENG-Premier League,2425,,2025-05-02 Manchester City-nan,2025-05-02,20:00:00,Matchweek 35,Fri,Away,L,0,1,Manchester City,36,53282,Nélson Semedo,3-4-3,4-2-3-1,Peter Bankes,/en/matches/6a433468/Manchester-City-Wolverhampton-Wanderers-May-2-2025-Premier-League,
ENG-Premier League,2425,,2025-05-02 nan-Wolves,2025-05-02,20:00:00,Matchweek 35,Fri,Home,W,1,0,Wolves,64,53282,Kevin De Bruyne,4-2-3-1,3-4-3,Peter Bankes,/en/matches/6a433468/Manchester-City-Wolverhampton-Wanderers-May-2-2025-Premier-League,
ENG-Premier League,2425,,2025-05-03 Arsenal-nan,2025-05-03,17:30:00,Matchweek 35,Sat,Away,W,2,1,Arsenal,49,60110,Lewis Cook,4-2-3-1,4-3-3,Jarred Gillett,/en/matches/ad3827f3/Arsenal-Bournemouth-May-3-2025-Premier-League,
ENG-Premier League,2425,,2025-05-03 Aston Villa-nan,2025-05-03,12:30:00,Matchweek 35,Sat,Away,L,0,1,Aston Villa,48,42515,Bernd Leno,4-2-3-1,4-2-3-1,Robert Jones,/en/matches/d8e391ab/Aston-Villa-Fulham-May-3-2025-Premier-League,
ENG-Premier League,2425,,2025-05-03 Everton-nan,2025-05-03,15:00:00,Matchweek 35,Sat,Away,D,2,2,Everton,43,39305,Sam Morsy,4-2-3-1,4-2-3-1,Lewis Smith,/en/matches/b93c98b0/Everton-Ipswich-Town-May-3-2025-Premier-League,
ENG-Premier League,2425,,2025-05-03 Leicester City-nan,2025-05-03,15:00:00,Matchweek 35,Sat,Away,L,0,2,Leicester City,51,31240,Jack Stephens,3-4-3,4-2-3-1,David Webb,/en/matches/e89fe486/Leicester-City-Southampton-May-3-2025-Premier-League,
ENG-Premier League,2425,,2025-05-03 nan-Bournemouth,2025-05-03,17:30:00,Matchweek 35,Sat,Home,L,1,2,Bournemouth,51,60110,Martin Ødegaard,4-3-3,4-2-3-1,Jarred Gillett,/en/matches/ad3827f3/Arsenal-Bournemouth-May-3-2025-Premier-League,
ENG-Premier League,2425,,2025-05-03 nan-Fulham,2025-05-03,12:30:00,Matchweek 35,Sat,Home,W,1,0,Fulham,52,42515,John McGinn,4-2-3-1,4-2-3-1,Robert Jones,/en/matches/d8e391ab/Aston-Villa-Fulham-May-3-2025-Premier-League,
ENG-Premier League,2425,,2025-05-03 nan-Ipswich Town,2025-05-03,15:00:00,Matchweek 35,Sat,Home,D,2,2,Ipswich Town,57,39305,Jordan Pickford,4-2-3-1,4-2-3-1,Lewis Smith,/en/matches/b93c98b0/Everton-Ipswich-Town-May-3-2025-Premier-League,
ENG-Premier League,2425,,2025-05-03 nan-Southampton,2025-05-03,15:00:00,Matchweek 35,Sat,Home,W,2,0,Southampton,49,31240,Jamie Vardy,4-2-3-1,3-4-3,David Webb,/en/matches/e89fe486/Leicester-City-Southampton-May-3-2025-Premier-League,
ENG-Premier League,2425,,2025-05-04 Brentford-nan,2025-05-04,14:00:00,Matchweek 35,Sun,Away,L,3,4,Brentford,53,18915,Luke Shaw,3-4-3,4-2-3-1,Anthony Taylor,/en/matches/29dbd7d1/Brentford-Manchester-United-May-4-2025-Premier-League,
ENG-Premier League,2425,,2025-05-04 Brighton-nan,2025-05-04,14:00:00,Matchweek 35,Sun,Away,D,1,1,Brighton,54,31580,Bruno Guimarães,4-3-3,4-2-3-1,Craig Pawson,/en/matches/e09b4b94/Brighton-and-Hove-Albion-Newcastle-United-May-4-2025-Premier-League,
ENG-Premier League,2425,,2025-05-04 Chelsea-nan,2025-05-04,16:30:00,Matchweek 35,Sun,Away,L,1,3,Chelsea,65,39829,Virgil van Dijk,4-2-3-1,4-2-3-1,Simon Hooper,/en/matches/157740ee/Chelsea-Liverpool-May-4-2025-Premier-League,
ENG-Premier League,2425,,2025-05-04 West Ham-nan,2025-05-04,14:00:00,Matchweek 35,Sun,Away,D,1,1,West Ham,44,62468,Guglielmo Vicario,4-3-3,3-4-3,Michael Oliver,/en/matches/70dcad6e/West-Ham-United-Tottenham-Hotspur-May-4-2025-Premier-League,
ENG-Premier League,2425,,2025-05-04 nan-Liverpool,2025-05-04,16:30:00,Matchweek 35,Sun,Home,W,3,1,Liverpool,35,39829,Enzo Fernández,4-2-3-1,4-2-3-1,Simon Hooper,/en/matches/157740ee/Chelsea-Liverpool-May-4-2025-Premier-League,
ENG-Premier League,2425,,2025-05-04 nan-Manchester Utd,2025-05-04,14:00:00,Matchweek 35,Sun,Home,W,4,3,Manchester Utd,47,18915,Christian Nørgaard,4-2-3-1,3-4-3,Anthony Taylor,/en/matches/29dbd7d1/Brentford-Manchester-United-May-4-2025-Premier-League,
ENG-Premier League,2425,,2025-05-04 nan-Newcastle,2025-05-04,14:00:00,Matchweek 35,Sun,Home,D,1,1,Newcastle,46,31580,Lewis Dunk,4-2-3-1,4-3-3,Craig Pawson,/en/matches/e09b4b94/Brighton-and-Hove-Albion-Newcastle-United-May-4-2025-Premier-League,
ENG-Premier League,2425,,2025-05-04 nan-Tottenham,2025-05-04,14:00:00,Matchweek 35,Sun,Home,D,1,1,Tottenham,56,62468,Jarrod Bowen,3-4-3,4-3-3,Michael Oliver,/en/matches/70dcad6e/West-Ham-United-Tottenham-Hotspur-May-4-2025-Premier-League,
ENG-Premier League,2425,,2025-05-05 Crystal Palace-nan,2025-05-05,20:00:00,Matchweek 35,Mon,Away,D,1,1,Crystal Palace,51,25096,Morgan Gibbs-White,4-2-3-1,3-4-3,Andy Madley,/en/matches/89cb2963/Crystal-Palace-Nottingham-Forest-May-5-2025-Premier-League,
ENG-Premier League,2425,,2025-05-05 nan-Nottingham,2025-05-05,20:00:00,Matchweek 35,Mon,Home,D,1,1,Nottingham,49,25096,Marc Guéhi,3-4-3,4-2-3-1,Andy Madley,/en/matches/89cb2963/Crystal-Palace-Nottingham-Forest-May-5-2025-Premier-League,
ENG-Premier League,2425,,2025-05-10 Bournemouth-nan,2025-05-10,17:30:00,Matchweek 36,Sat,Away,W,1,0,Bournemouth,34,11187,Emiliano Martínez,4-2-3-1,4-2-3-1,Stuart Attwell,/en/matches/dd48659a/Bournemouth-Aston-Villa-May-10-2025-Premier-League,
ENG-Premier League,2425,,2025-05-10 Fulham-nan,2025-05-10,15:00:00,Matchweek 36,Sat,Away,W,3,1,Fulham,36,27653,Jordan Pickford,4-2-3-1,4-2-3-1,Darren England,/en/matches/a637fb4e/Fulham-Everton-May-10-2025-Premier-League,
ENG-Premier League,2425,,2025-05-10 Ipswich Town-nan,2025-05-10,15:00:00,Matchweek 36,Sat,Away,W,1,0,Ipswich Town,51,29511,Christian Nørgaard,4-2-3-1,4-2-3-1,Samuel Barrott,/en/matches/ea2685e0/Ipswich-Town-Brentford-May-10-2025-Premier-League,
ENG-Premier League,2425,,2025-05-10 Southampton-nan,2025-05-10,15:00:00,Matchweek 36,Sat,Away,D,0,0,Southampton,72,30937,Kevin De Bruyne,4-2-3-1,3-4-3,Tim Robinson,/en/matches/35a46606/Southampton-Manchester-City-May-10-2025-Premier-League,
ENG-Premier League,2425,,2025-05-10 Wolves-nan,2025-05-10,15:00:00,Matchweek 36,Sat,Away,W,2,0,Wolves,44,31279,Danny Welbeck,4-2-3-1,3-4-3,Michael Oliver,/en/matches/f1bf04cb/Wolverhampton-Wanderers-Brighton-and-Hove-Albion-May-10-2025-Premier-League,
ENG-Premier League,2425,,2025-05-10 nan-Aston Villa,2025-05-10,17:30:00,Matchweek 36,Sat,Home,L,0,1,Aston Villa,66,11187,Adam Smith,4-2-3-1,4-2-3-1,Stuart Attwell,/en/matches/dd48659a/Bournemouth-Aston-Villa-May-10-2025-Premier-League,
ENG-Premier League,2425,,2025-05-10 nan-Brentford,2025-05-10,15:00:00,Matchweek 36,Sat,Home,L,0,1,Brentford,50,29511,Sam Morsy,4-2-3-1,4-2-3-1,Samuel Barrott,/en/matches/ea2685e0/Ipswich-Town-Brentford-May-10-2025-Premier-League,
ENG-Premier League,2425,,2025-05-10 nan-Brighton,2025-05-10,15:00:00,Matchweek 36,Sat,Home,L,0,2,Brighton,56,31279,Nélson Semedo,3-4-3,4-2-3-1,Michael Oliver,/en/matches/f1bf04cb/Wolverhampton-Wanderers-Brighton-and-Hove-Albion-May-10-2025-Premier-League,
ENG-Premier League,2425,,2025-05-10 nan-Everton,2025-05-10,15:00:00,Matchweek 36,Sat,Home,L,1,3,Everton,64,27653,Bernd Leno,4-2-3-1,4-2-3-1,Darren England,/en/matches/a637fb4e/Fulham-Everton-May-10-2025-Premier-League,
ENG-Premier League,2425,,2025-05-10 nan-Manchester City,2025-05-10,15:00:00,Matchweek 36,Sat,Home,D,0,0,Manchester City,28,30937,Jack Stephens,3-4-3,4-2-3-1,Tim Robinson,/en/matches/35a46606/Southampton-Manchester-City-May-10-2025-Premier-League,
ENG-Premier League,2425,,2025-05-11 Liverpool-nan,2025-05-11,16:30:00,Matchweek 36,Sun,Away,D,2,2,Liverpool,56,60324,Martin Ødegaard,4-3-3,4-2-3-1,Anthony Taylor,/en/matches/0dc9bdd9/Liverpool-Arsenal-May-11-2025-Premier-League,
ENG-Premier League,2425,,2025-05-11 Manchester Utd-nan,2025-05-11,14:15:00,Matchweek 36,Sun,Away,W,2,0,Manchester Utd,48,73804,Jarrod Bowen,3-4-1-2,3-4-3,Jarred Gillett,/en/matches/c4548397/Manchester-United-West-Ham-United-May-11-2025-Premier-League,
ENG-Premier League,2425,,2025-05-11 Newcastle-nan,2025-05-11,12:00:00,Matchweek 36,Sun,Away,L,0,2,Newcastle,55,52231,Enzo Fernández,4-2-3-1,3-4-3,John Brooks,/en/matches/b409de42/Newcastle-United-Chelsea-May-11-2025-Premier-League,
ENG-Premier League,2425,,2025-05-11 Nottingham-nan,2025-05-11,14:15:00,Matchweek 36,Sun,Away,D,2,2,Nottingham,44,30245,Jamie Vardy,4-2-3-1,4-2-3-1,Tony Harrington,/en/matches/c3e242fc/Nottingham-Forest-Leicester-City-May-11-2025-Premier-League,
ENG-Premier League,2425,,2025-05-11 Tottenham-nan,2025-05-11,14:15:00,Matchweek 36,Sun,Away,W,2,0,Tottenham,53,60254,Marc Guéhi,3-4-3,4-3-3,Chris Kavanagh,/en/matches/a442e11f/Tottenham-Hotspur-Crystal-Palace-May-11-2025-Premier-League,
ENG-Premier League,2425,,2025-05-11 nan-Arsenal,2025-05-11,16:30:00,Matchweek 36,Sun,Home,D,2,2,Arsenal,44,60324,Virgil van Dijk,4-2-3-1,4-3-3,Anthony Taylor,/en/matches/0dc9bdd9/Liverpool-Arsenal-May-11-2025-Premier-League,
ENG-Premier League,2425,,2025-05-11 nan-Chelsea,2025-05-11,12:00:00,Matchweek 36,Sun,Home,W,2,0,Chelsea,45,52231,Bruno Guimarães,3-4-3,4-2-3-1,John Brooks,/en/matches/b409de42/Newcastle-United-Chelsea-May-11-2025-Premier-League,
ENG-Premier League,2425,,2025-05-11 nan-Crystal Palace,2025-05-11,14:15:00,Matchweek 36,Sun,Home,L,0,2,Crystal Palace,47,60254,Rodrigo Bentancur,4-3-3,3-4-3,Chris Kavanagh,/en/matches/a442e11f/Tottenham-Hotspur-Crystal-Palace-May-11-2025-Premier-League,
ENG-Premier League,2425,,2025-05-11 nan-Leicester City,2025-05-11,14:15:00,Matchweek 36,Sun,Home,D,2,2,Leicester City,56,30245,Morgan Gibbs-White,4-2-3-1,4-2-3-1,Tony Harrington,/en/matches/c3e242fc/Nottingham-Forest-Leicester-City-May-11-2025-Premier-League,
ENG-Premier League,2425,,2025-05-11 nan-West Ham,2025-05-11,14:15:00,Matchweek 36,Sun,Home,L,0,2,West Ham,52,73804,Bruno Fernandes,3-4-3,3-4-1-2,Jarred Gillett,/en/matches/c4548397/Manchester-United-West-Ham-United-May-11-2025-Premier-League,
ENG-Premier League,2425,,2025-05-16 Aston Villa-nan,2025-05-16,19:30:00,Matchweek 37,Fri,Away,L,0,2,Aston Villa,31,42239,Son Heung-min,4-2-3-1,4-2-3-1,Peter Bankes,/en/matches/b2651680/Aston-Villa-Tottenham-Hotspur-May-16-2025-Premier-League,
ENG-Premier League,2425,,2025-05-16 Chelsea-nan,2025-05-16,20:15:00,Matchweek 37,Fri,Away,L,0,1,Chelsea,53,39849,Bruno Fernandes,3-4-3,4-2-3-1,Chris Kavanagh,/en/matches/c95dd208/Chelsea-Manchester-United-May-16-2025-Premier-League,
ENG-Premier League,2425,,2025-05-16 nan-Manchester Utd,2025-05-16,20:15:00,Matchweek 37,Fri,Home,W,1,0,Manchester Utd,47,39849,Reece James,4-2-3-1,3-4-3,Chris Kavanagh,/en/matches/c95dd208/Chelsea-Manchester-United-May-16-2025-Premier-League,
ENG-Premier League,2425,,2025-05-16 nan-Tottenham,2025-05-16,19:30:00,Matchweek 37,Fri,Home,W,2,0,Tottenham,69,42239,John McGinn,4-2-3-1,4-2-3-1,Peter Bankes,/en/matches/b2651680/Aston-Villa-Tottenham-Hotspur-May-16-2025-Premier-League,
ENG-Premier League,2425,,2025-05-18 Arsenal-nan,2025-05-18,16:30:00,Matchweek 37,Sun,Away,L,0,1,Arsenal,48,60160,Bruno Guimarães,3-4-3,4-3-3,Simon Hooper,/en/matches/0a51acae/Arsenal-Newcastle-United-May-18-2025-Premier-League,
ENG-Premier League,2425,,2025-05-18 Brentford-nan,2025-05-18,15:00:00,Matchweek 37,Sun,Away,W,3,2,Brentford,50,17136,Bernd Leno,4-2-3-1,4-2-3-1,Jarred Gillett,/en/matches/064e6a34/Brentford-Fulham-May-18-2025-Premier-League,
ENG-Premier League,2425,,2025-05-18 Everton-nan,2025-05-18,12:00:00,Matchweek 37,Sun,Away,L,0,2,Everton,50,39201,Jack Stephens,3-4-3,4-2-3-1,Michael Oliver,/en/matches/9e338dfb/Everton-Southampton-May-18-2025-Premier-League,
ENG-Premier League,2425,,2025-05-18 Leicester City-nan,2025-05-18,15:00:00,Matchweek 37,Sun,Away,L,0,2,Leicester City,49,31986,Sam Morsy,4-2-3-1,4-2-3-1,Andrew Kitchen,/en/matches/20b5a00b/Leicester-City-Ipswich-Town-May-18-2025-Premier-League,
ENG-Premier League,2425,,2025-05-18 West Ham-nan,2025-05-18,14:15:00,Matchweek 37,Sun,Away,W,2,1,West Ham,40,62466,Morgan Gibbs-White,4-3-1-2,3-4-1-2,Samuel Barrott,/en/matches/79180ca6/West-Ham-United-Nottingham-Forest-May-18-2025-Premier-League,
ENG-Premier League,2425,,2025-05-18 nan-Fulham,2025-05-18,15:00:00,Matchweek 37,Sun,Home,L,2,3,Fulham,50,17136,Christian Nørgaard,4-2-3-1,4-2-3-1,Jarred Gillett,/en/matches/064e6a34/Brentford-Fulham-May-18-2025-Premier-League,
ENG-Premier League,2425,,2025-05-18 nan-Ipswich Town,2025-05-18,15:00:00,Matchweek 37,Sun,Home,W,2,0,Ipswich Town,51,31986,Jamie Vardy,4-2-3-1,4-2-3-1,Andrew Kitchen,/en/matches/20b5a00b/Leicester-City-Ipswich-Town-May-18-2025-Premier-League,
ENG-Premier League,2425,,2025-05-18 nan-Newcastle,2025-05-18,16:30:00,Matchweek 37,Sun,Home,W,1,0,Newcastle,52,60160,Martin Ødegaard,4-3-3,3-4-3,Simon Hooper,/en/matches/0a51acae/Arsenal-Newcastle-United-May-18-2025-Premier-League,
ENG-Premier League,2425,,2025-05-18 nan-Nottingham,2025-05-18,14:15:00,Matchweek 37,Sun,Home,L,1,2,Nottingham,61,62466,Jarrod Bowen,3-4-1-2,4-3-1-2,Samuel Barrott,/en/matches/79180ca6/West-Ham-United-Nottingham-Forest-May-18-2025-Premier-League,
ENG-Premier League,2425,,2025-05-18 nan-Southampton,2025-05-18,12:00:00,Matchweek 37,Sun,Home,W,2,0,Southampton,50,39201,Séamus Coleman,4-2-3-1,3-4-3,Michael Oliver,/en/matches/9e338dfb/Everton-Southampton-May-18-2025-Premier-League,
ENG-Premier League,2425,,2025-05-19 Brighton-nan,2025-05-19,20:00:00,Matchweek 37,Mon,Away,L,2,3,Brighton,51,31611,Mohamed Salah,4-2-3-1,4-2-3-1,Andy Madley,/en/matches/1f3db37a/Brighton-and-Hove-Albion-Liverpool-May-19-2025-Premier-League,
ENG-Premier League,2425,,2025-05-19 nan-Liverpool,2025-05-19,20:00:00,Matchweek 37,Mon,Home,W,3,2,Liverpool,49,31611,Danny Welbeck,4-2-3-1,4-2-3-1,Andy Madley,/en/matches/1f3db37a/Brighton-and-Hove-Albion-Liverpool-May-19-2025-Premier-League,
ENG-Premier League,2425,,2025-05-20 Crystal Palace-nan,2025-05-20,20:00:00,Matchweek 37,Tue,Away,L,2,4,Crystal Palace,68,24766,Toti Gomes,3-4-3,3-4-3,David Webb,/en/matches/f85454d3/Crystal-Palace-Wolverhampton-Wanderers-May-20-2025-Premier-League,
ENG-Premier League,2425,,2025-05-20 Manchester City-nan,2025-05-20,20:00:00,Matchweek 37,Tue,Away,L,1,3,Manchester City,42,52487,Lewis Cook,4-2-3-1,4-2-3-1,Thomas Bramall,/en/matches/e5e516e9/Manchester-City-Bournemouth-May-20-2025-Premier-League,
ENG-Premier League,2425,,2025-05-20 nan-Bournemouth,2025-05-20,20:00:00,Matchweek 37,Tue,Home,W,3,1,Bournemouth,58,52487,Kevin De Bruyne,4-2-3-1,4-2-3-1,Thomas Bramall,/en/matches/e5e516e9/Manchester-City-Bournemouth-May-20-2025-Premier-League,
ENG-Premier League,2425,,2025-05-20 nan-Wolves,2025-05-20,20:00:00,Matchweek 37,Tue,Home,W,4,2,Wolves,32,24766,Joel Ward,3-4-3,3-4-3,David Webb,/en/matches/f85454d3/Crystal-Palace-Wolverhampton-Wanderers-May-20-2025-Premier-League,
ENG-Premier League,2425,,2025-05-25 Bournemouth-nan,2025-05-25,16:00:00,Matchweek 38,Sun,Away,L,0,2,Bournemouth,37,11238,Conor Coady,4-2-3-1,4-2-3-1,Lewis Smith,/en/matches/1ff370e8/Bournemouth-Leicester-City-May-25-2025-Premier-League,
ENG-Premier League,2425,,2025-05-25 Fulham-nan,2025-05-25,16:00:00,Matchweek 38,Sun,Away,W,2,0,Fulham,53,27671,Rúben Dias,4-2-3-1,4-2-3-1,Andy Madley,/en/matches/3d22336e/Fulham-Manchester-City-May-25-2025-Premier-League,
ENG-Premier League,2425,,2025-05-25 Ipswich Town-nan,2025-05-25,16:00:00,Matchweek 38,Sun,Away,W,3,1,Ipswich Town,59,29771,Jarrod Bowen,3-1-4-2,4-2-3-1,Tim Robinson,/en/matches/15559cff/Ipswich-Town-West-Ham-United-May-25-2025-Premier-League,
ENG-Premier League,2425,,2025-05-25 Liverpool-nan,2025-05-25,16:00:00,Matchweek 38,Sun,Away,D,1,1,Liverpool,31,60382,Dean Henderson,3-4-3,4-2-3-1,Darren England,/en/matches/0958eb7a/Liverpool-Crystal-Palace-May-25-2025-Premier-League,
ENG-Premier League,2425,,2025-05-25 Manchester Utd-nan,2025-05-25,16:00:00,Matchweek 38,Sun,Away,L,0,2,Manchester Utd,33,73839,John McGinn,4-2-3-1,3-4-3,Thomas Bramall,/en/matches/7ea43929/Manchester-United-Aston-Villa-May-25-2025-Premier-League,
ENG-Premier League,2425,,2025-05-25 Newcastle-nan,2025-05-25,16:00:00,Matchweek 38,Sun,Away,W,1,0,Newcastle,34,52221,Jordan Pickford,4-2-3-1,3-4-3,Tony Harrington,/en/matches/36844e73/Newcastle-United-Everton-May-25-2025-Premier-League,
ENG-Premier League,2425,,2025-05-25 Nottingham-nan,2025-05-25,16:00:00,Matchweek 38,Sun,Away,W,1,0,Nottingham,48,30263,Reece James,4-2-3-1,4-3-1-2,Anthony Taylor,/en/matches/464cbad6/Nottingham-Forest-Chelsea-May-25-2025-Premier-League,
ENG-Premier League,2425,,2025-05-25 Southampton-nan,2025-05-25,16:00:00,Matchweek 38,Sun,Away,W,2,1,Southampton,62,31289,Declan Rice,4-2-3-1,5-4-1,Darren Bond,/en/matches/01d155b4/Southampton-Arsenal-May-25-2025-Premier-League,
ENG-Premier League,2425,,2025-05-25 Tottenham-nan,2025-05-25,16:00:00,Matchweek 38,Sun,Away,W,4,1,Tottenham,68,61449,Adam Webster,4-4-2,4-3-3,Robert Jones,/en/matches/e4bb1c35/Tottenham-Hotspur-Brighton-and-Hove-Albion-May-25-2025-Premier-League,
ENG-Premier League,2425,,2025-05-25 Wolves-nan,2025-05-25,16:00:00,Matchweek 38,Sun,Away,D,1,1,Wolves,52,31382,Christian Nørgaard,4-2-3-1,3-4-3,Craig Pawson,/en/matches/812ef8ad/Wolverhampton-Wanderers-Brentford-May-25-2025-Premier-League,
ENG-Premier League,2425,,2025-05-25 nan-Arsenal,2025-05-25,16:00:00,Matchweek 38,Sun,Home,L,1,2,Arsenal,39,31289,Aaron Ramsdale,5-4-1,4-2-3-1,Darren Bond,/en/matches/01d155b4/Southampton-Arsenal-May-25-2025-Premier-League,
ENG-Premier League,2425,,2025-05-25 nan-Aston Villa,2025-05-25,16:00:00,Matchweek 38,Sun,Home,W,2,0,Aston Villa,67,73839,Bruno Fernandes,3-4-3,4-2-3-1,Thomas Bramall,/en/matches/7ea43929/Manchester-United-Aston-Villa-May-25-2025-Premier-League,
ENG-Premier League,2425,,2025-05-25 nan-Brentford,2025-05-25,16:00:00,Matchweek 38,Sun,Home,D,1,1,Brentford,48,31382,Nélson Semedo,3-4-3,4-2-3-1,Craig Pawson,/en/matches/812ef8ad/Wolverhampton-Wanderers-Brentford-May-25-2025-Premier-League,
ENG-Premier League,2425,,2025-05-25 nan-Brighton,2025-05-25,16:00:00,Matchweek 38,Sun,Home,L,1,4,Brighton,32,61449,Guglielmo Vicario,4-3-3,4-4-2,Robert Jones,/en/matches/e4bb1c35/Tottenham-Hotspur-Brighton-and-Hove-Albion-May-25-2025-Premier-League,
ENG-Premier League,2425,,2025-05-25 nan-Chelsea,2025-05-25,16:00:00,Matchweek 38,Sun,Home,L,0,1,Chelsea,52,30263,Morgan Gibbs-White,4-3-1-2,4-2-3-1,Anthony Taylor,/en/matches/464cbad6/Nottingham-Forest-Chelsea-May-25-2025-Premier-League,
ENG-Premier League,2425,,2025-05-25 nan-Crystal Palace,2025-05-25,16:00:00,Matchweek 38,Sun,Home,D,1,1,Crystal Palace,69,60382,Virgil van Dijk,4-2-3-1,3-4-3,Darren England,/en/matches/0958eb7a/Liverpool-Crystal-Palace-May-25-2025-Premier-League,
ENG-Premier League,2425,,2025-05-25 nan-Everton,2025-05-25,16:00:00,Matchweek 38,Sun,Home,L,0,1,Everton,66,52221,Bruno Guimarães,3-4-3,4-2-3-1,Tony Harrington,/en/matches/36844e73/Newcastle-United-Everton-May-25-2025-Premier-League,
ENG-Premier League,2425,,2025-05-25 nan-Leicester City,2025-05-25,16:00:00,Matchweek 38,Sun,Home,W,2,0,Leicester City,63,11238,Adam Smith,4-2-3-1,4-2-3-1,Lewis Smith,/en/matches/1ff370e8/Bournemouth-Leicester-City-May-25-2025-Premier-League,
ENG-Premier League,2425,,2025-05-25 nan-Manchester City,2025-05-25,16:00:00,Matchweek 38,Sun,Home,L,0,2,Manchester City,47,27671,Tom Cairney,4-2-3-1,4-2-3-1,Andy Madley,/en/matches/3d22336e/Fulham-Manchester-City-May-25-2025-Premier-League,
ENG-Premier League,2425,,2025-05-25 nan-West Ham,2025-05-25,16:00:00,Matchweek 38,Sun,Home,L,1,3,West Ham,41,29771,Sam Morsy,4-2-3-1,3-1-4-2,Tim Robinson,/en/matches/15559cff/Ipswich-Town-West-Ham-United-May-25-2025-Premier-League,
